version,plab,scenario,date,tmax
v3.2.0,P1  (LAI=0.5),STATIC_ALS,2021-06-01,31.6762188870115
v3.2.0,P1  (LAI=0.5),STATIC_ALS,2021-06-02,27.502828040817
v3.2.0,P1  (LAI=0.5),STATIC_ALS,2021-06-03,29.3535528110697
v3.2.0,P1  (LAI=0.5),STATIC_ALS,2021-06-04,18.8538982569451
v3.2.0,P1  (LAI=0.5),STATIC_ALS,2021-06-05,25.0011955805925
v3.2.0,P1  (LAI=0.5),STATIC_ALS,2021-06-06,25.7347897236487
v3.2.0,P1  (LAI=0.5),STATIC_ALS,2021-06-07,26.0315415575444
v3.2.0,P1  (LAI=0.5),STATIC_ALS,2021-06-08,29.1251387791972
v3.2.0,P1  (LAI=0.5),STATIC_ALS,2021-06-09,30.3667503451706
v3.2.0,P1  (LAI=0.5),STATIC_ALS,2021-06-10,31.2088838113064
v3.2.0,P1  (LAI=0.5),STATIC_ALS,2021-06-11,30.9039706540527
v3.2.0,P1  (LAI=0.5),STATIC_ALS,2021-06-12,30.7026201214989
v3.2.0,P1  (LAI=0.5),STATIC_ALS,2021-06-13,31.8092902448082
v3.2.0,P1  (LAI=0.5),STATIC_ALS,2021-06-14,33.8668410129308
v3.2.0,P1  (LAI=0.5),STATIC_ALS,2021-06-15,33.5526953326005
v3.2.0,P1  (LAI=0.5),STATIC_ALS,2021-06-16,35.0760143202305
v3.2.0,P1  (LAI=0.5),STATIC_ALS,2021-06-17,29.7345989778727
v3.2.0,P1  (LAI=0.5),STATIC_ALS,2021-06-18,27.387536666937
v3.2.0,P1  (LAI=0.5),STATIC_ALS,2021-06-19,25.9468058039626
v3.2.0,P1  (LAI=0.5),STATIC_ALS,2021-06-20,25.8624845959154
v3.2.0,P1  (LAI=0.5),STATIC_ALS,2021-06-21,26.7883799773109
v3.2.0,P1  (LAI=0.5),STATIC_ALS,2021-06-22,24.8517268832065
v3.2.0,P1  (LAI=0.5),STATIC_ALS,2021-06-23,20.7107466133672
v3.2.0,P1  (LAI=0.5),STATIC_ALS,2021-06-24,26.1148512760057
v3.2.0,P1  (LAI=0.5),STATIC_ALS,2021-06-25,24.4354349512561
v3.2.0,P1  (LAI=0.5),STATIC_ALS,2021-06-26,25.9583885536638
v3.2.0,P1  (LAI=0.5),STATIC_ALS,2021-06-27,21.5132027107702
v3.2.0,P1  (LAI=0.5),STATIC_ALS,2021-06-28,24.6110455776022
v3.2.0,P1  (LAI=0.5),STATIC_ALS,2021-06-29,22.8955872903972
v3.2.0,P1  (LAI=0.5),STATIC_ALS,2021-06-30,21.7830765535853
v3.2.0,P1  (LAI=0.5),STATIC_ALS,2021-07-01,26.9465225536604
v3.2.0,P1  (LAI=0.5),STATIC_ALS,2021-07-02,28.506785756355
v3.2.0,P1  (LAI=0.5),STATIC_ALS,2021-07-03,26.0965018433189
v3.2.0,P1  (LAI=0.5),STATIC_ALS,2021-07-04,23.1844205910546
v3.2.0,P1  (LAI=0.5),STATIC_ALS,2021-07-05,24.4669580839828
v3.2.0,P1  (LAI=0.5),STATIC_ALS,2021-07-06,24.0023679877729
v3.2.0,P1  (LAI=0.5),STATIC_ALS,2021-07-07,24.9705997727486
v3.2.0,P1  (LAI=0.5),STATIC_ALS,2021-07-08,24.4108965030986
v3.2.0,P1  (LAI=0.5),STATIC_ALS,2021-07-09,24.5218653116186
v3.2.0,P1  (LAI=0.5),STATIC_ALS,2021-07-10,21.6425174429288
v3.2.0,P1  (LAI=0.5),STATIC_ALS,2021-07-11,27.6550696265653
v3.2.0,P1  (LAI=0.5),STATIC_ALS,2021-07-12,23.6685948175652
v3.2.0,P1  (LAI=0.5),STATIC_ALS,2021-07-13,19.0964712591684
v3.2.0,P1  (LAI=0.5),STATIC_ALS,2021-07-14,25.0475412037786
v3.2.0,P1  (LAI=0.5),STATIC_ALS,2021-07-15,27.1884864749613
v3.2.0,P1  (LAI=0.5),STATIC_ALS,2021-07-16,23.2475170845694
v3.2.0,P1  (LAI=0.5),STATIC_ALS,2021-07-17,26.3256960298135
v3.2.0,P1  (LAI=0.5),STATIC_ALS,2021-07-18,32.3807263567359
v3.2.0,P1  (LAI=0.5),STATIC_ALS,2021-07-19,33.695797337287
v3.2.0,P1  (LAI=0.5),STATIC_ALS,2021-07-20,33.2792782249217
v3.2.0,P1  (LAI=0.5),STATIC_ALS,2021-07-21,33.5968433814325
v3.2.0,P1  (LAI=0.5),STATIC_ALS,2021-07-22,33.681417538265
v3.2.0,P1  (LAI=0.5),STATIC_ALS,2021-07-23,33.8452412615
v3.2.0,P1  (LAI=0.5),STATIC_ALS,2021-07-24,28.1814597632749
v3.2.0,P1  (LAI=0.5),STATIC_ALS,2021-07-25,26.8700581569818
v3.2.0,P1  (LAI=0.5),STATIC_ALS,2021-07-26,27.4781235147092
v3.2.0,P1  (LAI=0.5),STATIC_ALS,2021-07-27,22.1103883422973
v3.2.0,P1  (LAI=0.5),STATIC_ALS,2021-07-28,24.7127842862984
v3.2.0,P1  (LAI=0.5),STATIC_ALS,2021-07-29,27.5717914184415
v3.2.0,P1  (LAI=0.5),STATIC_ALS,2021-07-30,26.9330472201736
v3.2.0,P1  (LAI=0.5),STATIC_ALS,2021-07-31,25.5616305646749
v3.2.0,P1  (LAI=0.5),STATIC_ALS,2021-08-01,25.6005866634486
v3.2.0,P1  (LAI=0.5),STATIC_ALS,2021-08-02,25.1540354194393
v3.2.0,P1  (LAI=0.5),STATIC_ALS,2021-08-03,22.2984439984881
v3.2.0,P1  (LAI=0.5),STATIC_ALS,2021-08-04,22.202311143794
v3.2.0,P1  (LAI=0.5),STATIC_ALS,2021-08-05,23.6518854596826
v3.2.0,P1  (LAI=0.5),STATIC_ALS,2021-08-06,24.033760486376
v3.2.0,P1  (LAI=0.5),STATIC_ALS,2021-08-07,23.6729056140421
v3.2.0,P1  (LAI=0.5),STATIC_ALS,2021-08-08,24.4894588953011
v3.2.0,P1  (LAI=0.5),STATIC_ALS,2021-08-09,24.7679287910727
v3.2.0,P1  (LAI=0.5),STATIC_ALS,2021-08-10,29.9714705540409
v3.2.0,P1  (LAI=0.5),STATIC_ALS,2021-08-11,32.2106353345413
v3.2.0,P1  (LAI=0.5),STATIC_ALS,2021-08-12,33.080413795775
v3.2.0,P1  (LAI=0.5),STATIC_ALS,2021-08-13,33.2593735789664
v3.2.0,P1  (LAI=0.5),STATIC_ALS,2021-08-14,35.2081754321176
v3.2.0,P1  (LAI=0.5),STATIC_ALS,2021-08-15,32.0868174965528
v3.2.0,P1  (LAI=0.5),STATIC_ALS,2021-08-16,24.9516845905509
v3.2.0,P1  (LAI=0.5),STATIC_ALS,2021-08-17,21.6409170027146
v3.2.0,P1  (LAI=0.5),STATIC_ALS,2021-08-18,22.6183125093496
v3.2.0,P1  (LAI=0.5),STATIC_ALS,2021-08-19,21.5924938305866
v3.2.0,P1  (LAI=0.5),STATIC_ALS,2021-08-20,26.3725472754952
v3.2.0,P1  (LAI=0.5),STATIC_ALS,2021-08-21,28.2384601088348
v3.2.0,P1  (LAI=0.5),STATIC_ALS,2021-08-22,25.8043452447844
v3.2.0,P1  (LAI=0.5),STATIC_ALS,2021-08-23,25.4049254920174
v3.2.0,P1  (LAI=0.5),STATIC_ALS,2021-08-24,28.1194974778422
v3.2.0,P1  (LAI=0.5),STATIC_ALS,2021-08-25,28.9288496319563
v3.2.0,P1  (LAI=0.5),STATIC_ALS,2021-08-26,27.083944005262
v3.2.0,P1  (LAI=0.5),STATIC_ALS,2021-08-27,23.1324688915958
v3.2.0,P1  (LAI=0.5),STATIC_ALS,2021-08-28,22.6204843743469
v3.2.0,P1  (LAI=0.5),STATIC_ALS,2021-08-29,23.3617465996081
v3.2.0,P1  (LAI=0.5),STATIC_ALS,2021-08-30,23.6268830046308
v3.2.0,P1  (LAI=0.5),STATIC_ALS,2021-08-31,25.0755894410592
v3.2.0,P1  (LAI=0.5),STATIC_ALS,2021-09-01,27.6076092900872
v3.2.0,P1  (LAI=0.5),STATIC_ALS,2021-09-02,30.1803239888714
v3.2.0,P1  (LAI=0.5),STATIC_ALS,2021-09-03,29.8438951977588
v3.2.0,P1  (LAI=0.5),STATIC_ALS,2021-09-04,29.4621067063399
v3.2.0,P1  (LAI=0.5),STATIC_ALS,2021-09-05,30.747577888179
v3.2.0,P1  (LAI=0.5),STATIC_ALS,2021-09-06,33.5584874472677
v3.2.0,P1  (LAI=0.5),STATIC_ALS,2021-09-07,34.3559466443032
v3.2.0,P1  (LAI=0.5),STATIC_ALS,2021-09-08,30.1794623734855
v3.2.0,P1  (LAI=0.5),STATIC_ALS,2021-09-09,26.6755006962931
v3.2.0,P1  (LAI=0.5),STATIC_ALS,2021-09-10,26.6516368454154
v3.2.0,P1  (LAI=0.5),STATIC_ALS,2021-09-11,25.6818916760279
v3.2.0,P1  (LAI=0.5),STATIC_ALS,2021-09-12,27.8020415959791
v3.2.0,P1  (LAI=0.5),STATIC_ALS,2021-09-13,30.6027289882643
v3.2.0,P1  (LAI=0.5),STATIC_ALS,2021-09-14,29.3813383110797
v3.2.0,P1  (LAI=0.5),STATIC_ALS,2021-09-15,26.0664351681852
v3.2.0,P1  (LAI=0.5),STATIC_ALS,2021-09-16,25.3041623117261
v3.2.0,P1  (LAI=0.5),STATIC_ALS,2021-09-17,25.5887515774219
v3.2.0,P1  (LAI=0.5),STATIC_ALS,2021-09-18,23.3334968584737
v3.2.0,P1  (LAI=0.5),STATIC_ALS,2021-09-19,19.2985356119534
v3.2.0,P1  (LAI=0.5),STATIC_ALS,2021-09-20,20.4183499491364
v3.2.0,P1  (LAI=0.5),STATIC_ALS,2021-09-21,21.9406539587388
v3.2.0,P1  (LAI=0.5),STATIC_ALS,2021-09-22,24.5402681597609
v3.2.0,P1  (LAI=0.5),STATIC_ALS,2021-09-23,26.3570979206261
v3.2.0,P1  (LAI=0.5),STATIC_ALS,2021-09-24,26.5822888351788
v3.2.0,P1  (LAI=0.5),STATIC_ALS,2021-09-25,25.0974875178325
v3.2.0,P1  (LAI=0.5),STATIC_ALS,2021-09-26,23.1925985329754
v3.2.0,P1  (LAI=0.5),STATIC_ALS,2021-09-27,21.5286269116759
v3.2.0,P1  (LAI=0.5),STATIC_ALS,2021-09-28,21.2897369024076
v3.2.0,P1  (LAI=0.5),STATIC_ALS,2021-09-29,20.3383870463254
v3.2.0,P1  (LAI=0.5),STATIC_ALS,2021-09-30,21.8425838190694
v3.2.0,P1  (LAI=0.5),STATIC_ALS_DOPT,2021-06-01,31.6762188870115
v3.2.0,P1  (LAI=0.5),STATIC_ALS_DOPT,2021-06-02,27.502828040817
v3.2.0,P1  (LAI=0.5),STATIC_ALS_DOPT,2021-06-03,29.3535528110697
v3.2.0,P1  (LAI=0.5),STATIC_ALS_DOPT,2021-06-04,18.8538982569451
v3.2.0,P1  (LAI=0.5),STATIC_ALS_DOPT,2021-06-05,25.0011955805925
v3.2.0,P1  (LAI=0.5),STATIC_ALS_DOPT,2021-06-06,25.7347897236487
v3.2.0,P1  (LAI=0.5),STATIC_ALS_DOPT,2021-06-07,26.0315415575444
v3.2.0,P1  (LAI=0.5),STATIC_ALS_DOPT,2021-06-08,29.1251387791972
v3.2.0,P1  (LAI=0.5),STATIC_ALS_DOPT,2021-06-09,30.3667503451706
v3.2.0,P1  (LAI=0.5),STATIC_ALS_DOPT,2021-06-10,31.2088838113064
v3.2.0,P1  (LAI=0.5),STATIC_ALS_DOPT,2021-06-11,30.9039706540527
v3.2.0,P1  (LAI=0.5),STATIC_ALS_DOPT,2021-06-12,30.7026201214989
v3.2.0,P1  (LAI=0.5),STATIC_ALS_DOPT,2021-06-13,31.8092902448082
v3.2.0,P1  (LAI=0.5),STATIC_ALS_DOPT,2021-06-14,33.8668410129308
v3.2.0,P1  (LAI=0.5),STATIC_ALS_DOPT,2021-06-15,33.5526953326005
v3.2.0,P1  (LAI=0.5),STATIC_ALS_DOPT,2021-06-16,35.0760143202305
v3.2.0,P1  (LAI=0.5),STATIC_ALS_DOPT,2021-06-17,29.7345989778727
v3.2.0,P1  (LAI=0.5),STATIC_ALS_DOPT,2021-06-18,27.387536666937
v3.2.0,P1  (LAI=0.5),STATIC_ALS_DOPT,2021-06-19,25.9468058039626
v3.2.0,P1  (LAI=0.5),STATIC_ALS_DOPT,2021-06-20,25.8624845959154
v3.2.0,P1  (LAI=0.5),STATIC_ALS_DOPT,2021-06-21,26.7883799773109
v3.2.0,P1  (LAI=0.5),STATIC_ALS_DOPT,2021-06-22,24.8517268832065
v3.2.0,P1  (LAI=0.5),STATIC_ALS_DOPT,2021-06-23,20.7107466133672
v3.2.0,P1  (LAI=0.5),STATIC_ALS_DOPT,2021-06-24,26.1148512760057
v3.2.0,P1  (LAI=0.5),STATIC_ALS_DOPT,2021-06-25,24.4354349512561
v3.2.0,P1  (LAI=0.5),STATIC_ALS_DOPT,2021-06-26,25.9583885536638
v3.2.0,P1  (LAI=0.5),STATIC_ALS_DOPT,2021-06-27,21.5132027107702
v3.2.0,P1  (LAI=0.5),STATIC_ALS_DOPT,2021-06-28,24.6110455776022
v3.2.0,P1  (LAI=0.5),STATIC_ALS_DOPT,2021-06-29,22.8955872903972
v3.2.0,P1  (LAI=0.5),STATIC_ALS_DOPT,2021-06-30,21.7830765535853
v3.2.0,P1  (LAI=0.5),STATIC_ALS_DOPT,2021-07-01,26.9465225536604
v3.2.0,P1  (LAI=0.5),STATIC_ALS_DOPT,2021-07-02,28.506785756355
v3.2.0,P1  (LAI=0.5),STATIC_ALS_DOPT,2021-07-03,26.0965018433189
v3.2.0,P1  (LAI=0.5),STATIC_ALS_DOPT,2021-07-04,23.1844205910546
v3.2.0,P1  (LAI=0.5),STATIC_ALS_DOPT,2021-07-05,24.4669580839828
v3.2.0,P1  (LAI=0.5),STATIC_ALS_DOPT,2021-07-06,24.0023679877729
v3.2.0,P1  (LAI=0.5),STATIC_ALS_DOPT,2021-07-07,24.9705997727486
v3.2.0,P1  (LAI=0.5),STATIC_ALS_DOPT,2021-07-08,24.4108965030986
v3.2.0,P1  (LAI=0.5),STATIC_ALS_DOPT,2021-07-09,24.5218653116186
v3.2.0,P1  (LAI=0.5),STATIC_ALS_DOPT,2021-07-10,21.6425174429288
v3.2.0,P1  (LAI=0.5),STATIC_ALS_DOPT,2021-07-11,27.6550696265653
v3.2.0,P1  (LAI=0.5),STATIC_ALS_DOPT,2021-07-12,23.6685948175652
v3.2.0,P1  (LAI=0.5),STATIC_ALS_DOPT,2021-07-13,19.0964712591684
v3.2.0,P1  (LAI=0.5),STATIC_ALS_DOPT,2021-07-14,25.0475412037786
v3.2.0,P1  (LAI=0.5),STATIC_ALS_DOPT,2021-07-15,27.1884864749613
v3.2.0,P1  (LAI=0.5),STATIC_ALS_DOPT,2021-07-16,23.2475170845694
v3.2.0,P1  (LAI=0.5),STATIC_ALS_DOPT,2021-07-17,26.3256960298135
v3.2.0,P1  (LAI=0.5),STATIC_ALS_DOPT,2021-07-18,32.3807263567359
v3.2.0,P1  (LAI=0.5),STATIC_ALS_DOPT,2021-07-19,33.695797337287
v3.2.0,P1  (LAI=0.5),STATIC_ALS_DOPT,2021-07-20,33.2792782249217
v3.2.0,P1  (LAI=0.5),STATIC_ALS_DOPT,2021-07-21,33.5968433814325
v3.2.0,P1  (LAI=0.5),STATIC_ALS_DOPT,2021-07-22,33.681417538265
v3.2.0,P1  (LAI=0.5),STATIC_ALS_DOPT,2021-07-23,33.8452412615
v3.2.0,P1  (LAI=0.5),STATIC_ALS_DOPT,2021-07-24,28.1814597632749
v3.2.0,P1  (LAI=0.5),STATIC_ALS_DOPT,2021-07-25,26.8700581569818
v3.2.0,P1  (LAI=0.5),STATIC_ALS_DOPT,2021-07-26,27.4781235147092
v3.2.0,P1  (LAI=0.5),STATIC_ALS_DOPT,2021-07-27,22.1103883422973
v3.2.0,P1  (LAI=0.5),STATIC_ALS_DOPT,2021-07-28,24.7127842862984
v3.2.0,P1  (LAI=0.5),STATIC_ALS_DOPT,2021-07-29,27.5717914184415
v3.2.0,P1  (LAI=0.5),STATIC_ALS_DOPT,2021-07-30,26.9330472201736
v3.2.0,P1  (LAI=0.5),STATIC_ALS_DOPT,2021-07-31,25.5616305646749
v3.2.0,P1  (LAI=0.5),STATIC_ALS_DOPT,2021-08-01,25.6005866634486
v3.2.0,P1  (LAI=0.5),STATIC_ALS_DOPT,2021-08-02,25.1540354194393
v3.2.0,P1  (LAI=0.5),STATIC_ALS_DOPT,2021-08-03,22.2984439984881
v3.2.0,P1  (LAI=0.5),STATIC_ALS_DOPT,2021-08-04,22.202311143794
v3.2.0,P1  (LAI=0.5),STATIC_ALS_DOPT,2021-08-05,23.6518854596826
v3.2.0,P1  (LAI=0.5),STATIC_ALS_DOPT,2021-08-06,24.033760486376
v3.2.0,P1  (LAI=0.5),STATIC_ALS_DOPT,2021-08-07,23.6729056140421
v3.2.0,P1  (LAI=0.5),STATIC_ALS_DOPT,2021-08-08,24.4894588953011
v3.2.0,P1  (LAI=0.5),STATIC_ALS_DOPT,2021-08-09,24.7679287910727
v3.2.0,P1  (LAI=0.5),STATIC_ALS_DOPT,2021-08-10,29.9714705540409
v3.2.0,P1  (LAI=0.5),STATIC_ALS_DOPT,2021-08-11,32.2106353345413
v3.2.0,P1  (LAI=0.5),STATIC_ALS_DOPT,2021-08-12,33.080413795775
v3.2.0,P1  (LAI=0.5),STATIC_ALS_DOPT,2021-08-13,33.2593735789664
v3.2.0,P1  (LAI=0.5),STATIC_ALS_DOPT,2021-08-14,35.2081754321176
v3.2.0,P1  (LAI=0.5),STATIC_ALS_DOPT,2021-08-15,32.0868174965528
v3.2.0,P1  (LAI=0.5),STATIC_ALS_DOPT,2021-08-16,24.9516845905509
v3.2.0,P1  (LAI=0.5),STATIC_ALS_DOPT,2021-08-17,21.6409170027146
v3.2.0,P1  (LAI=0.5),STATIC_ALS_DOPT,2021-08-18,22.6183125093496
v3.2.0,P1  (LAI=0.5),STATIC_ALS_DOPT,2021-08-19,21.5924938305866
v3.2.0,P1  (LAI=0.5),STATIC_ALS_DOPT,2021-08-20,26.3725472754952
v3.2.0,P1  (LAI=0.5),STATIC_ALS_DOPT,2021-08-21,28.2384601088348
v3.2.0,P1  (LAI=0.5),STATIC_ALS_DOPT,2021-08-22,25.8043452447844
v3.2.0,P1  (LAI=0.5),STATIC_ALS_DOPT,2021-08-23,25.4049254920174
v3.2.0,P1  (LAI=0.5),STATIC_ALS_DOPT,2021-08-24,28.1194974778422
v3.2.0,P1  (LAI=0.5),STATIC_ALS_DOPT,2021-08-25,28.9288496319563
v3.2.0,P1  (LAI=0.5),STATIC_ALS_DOPT,2021-08-26,27.083944005262
v3.2.0,P1  (LAI=0.5),STATIC_ALS_DOPT,2021-08-27,23.1324688915958
v3.2.0,P1  (LAI=0.5),STATIC_ALS_DOPT,2021-08-28,22.6204843743469
v3.2.0,P1  (LAI=0.5),STATIC_ALS_DOPT,2021-08-29,23.3617465996081
v3.2.0,P1  (LAI=0.5),STATIC_ALS_DOPT,2021-08-30,23.6268830046308
v3.2.0,P1  (LAI=0.5),STATIC_ALS_DOPT,2021-08-31,25.0755894410592
v3.2.0,P1  (LAI=0.5),STATIC_ALS_DOPT,2021-09-01,27.6076092900872
v3.2.0,P1  (LAI=0.5),STATIC_ALS_DOPT,2021-09-02,30.1803239888714
v3.2.0,P1  (LAI=0.5),STATIC_ALS_DOPT,2021-09-03,29.8438951977588
v3.2.0,P1  (LAI=0.5),STATIC_ALS_DOPT,2021-09-04,29.4621067063399
v3.2.0,P1  (LAI=0.5),STATIC_ALS_DOPT,2021-09-05,30.747577888179
v3.2.0,P1  (LAI=0.5),STATIC_ALS_DOPT,2021-09-06,33.5584874472677
v3.2.0,P1  (LAI=0.5),STATIC_ALS_DOPT,2021-09-07,34.3559466443032
v3.2.0,P1  (LAI=0.5),STATIC_ALS_DOPT,2021-09-08,30.1794623734855
v3.2.0,P1  (LAI=0.5),STATIC_ALS_DOPT,2021-09-09,26.6755006962931
v3.2.0,P1  (LAI=0.5),STATIC_ALS_DOPT,2021-09-10,26.6516368454154
v3.2.0,P1  (LAI=0.5),STATIC_ALS_DOPT,2021-09-11,25.6818916760279
v3.2.0,P1  (LAI=0.5),STATIC_ALS_DOPT,2021-09-12,27.8020415959791
v3.2.0,P1  (LAI=0.5),STATIC_ALS_DOPT,2021-09-13,30.6027289882643
v3.2.0,P1  (LAI=0.5),STATIC_ALS_DOPT,2021-09-14,29.3813383110797
v3.2.0,P1  (LAI=0.5),STATIC_ALS_DOPT,2021-09-15,26.0664351681852
v3.2.0,P1  (LAI=0.5),STATIC_ALS_DOPT,2021-09-16,25.3041623117261
v3.2.0,P1  (LAI=0.5),STATIC_ALS_DOPT,2021-09-17,25.5887515774219
v3.2.0,P1  (LAI=0.5),STATIC_ALS_DOPT,2021-09-18,23.3334968584737
v3.2.0,P1  (LAI=0.5),STATIC_ALS_DOPT,2021-09-19,19.2985356119534
v3.2.0,P1  (LAI=0.5),STATIC_ALS_DOPT,2021-09-20,20.4183499491364
v3.2.0,P1  (LAI=0.5),STATIC_ALS_DOPT,2021-09-21,21.9406539587388
v3.2.0,P1  (LAI=0.5),STATIC_ALS_DOPT,2021-09-22,24.5402681597609
v3.2.0,P1  (LAI=0.5),STATIC_ALS_DOPT,2021-09-23,26.3570979206261
v3.2.0,P1  (LAI=0.5),STATIC_ALS_DOPT,2021-09-24,26.5822888351788
v3.2.0,P1  (LAI=0.5),STATIC_ALS_DOPT,2021-09-25,25.0974875178325
v3.2.0,P1  (LAI=0.5),STATIC_ALS_DOPT,2021-09-26,23.1925985329754
v3.2.0,P1  (LAI=0.5),STATIC_ALS_DOPT,2021-09-27,21.5286269116759
v3.2.0,P1  (LAI=0.5),STATIC_ALS_DOPT,2021-09-28,21.2897369024076
v3.2.0,P1  (LAI=0.5),STATIC_ALS_DOPT,2021-09-29,20.3383870463254
v3.2.0,P1  (LAI=0.5),STATIC_ALS_DOPT,2021-09-30,21.8425838190694
v3.2.0,P1  (LAI=0.5),DYN_S2_ATBD_NM,2021-06-01,30.7208800524541
v3.2.0,P1  (LAI=0.5),DYN_S2_ATBD_NM,2021-06-02,25.0908088479301
v3.2.0,P1  (LAI=0.5),DYN_S2_ATBD_NM,2021-06-03,28.4854535787041
v3.2.0,P1  (LAI=0.5),DYN_S2_ATBD_NM,2021-06-04,17.5732364801376
v3.2.0,P1  (LAI=0.5),DYN_S2_ATBD_NM,2021-06-05,23.7258924469367
v3.2.0,P1  (LAI=0.5),DYN_S2_ATBD_NM,2021-06-06,24.3390113206834
v3.2.0,P1  (LAI=0.5),DYN_S2_ATBD_NM,2021-06-07,24.833501651455
v3.2.0,P1  (LAI=0.5),DYN_S2_ATBD_NM,2021-06-08,28.2317227681382
v3.2.0,P1  (LAI=0.5),DYN_S2_ATBD_NM,2021-06-09,30.0881026902349
v3.2.0,P1  (LAI=0.5),DYN_S2_ATBD_NM,2021-06-10,30.7561063130601
v3.2.0,P1  (LAI=0.5),DYN_S2_ATBD_NM,2021-06-11,29.7061862205961
v3.2.0,P1  (LAI=0.5),DYN_S2_ATBD_NM,2021-06-12,29.3813758571187
v3.2.0,P1  (LAI=0.5),DYN_S2_ATBD_NM,2021-06-13,30.4979331098599
v3.2.0,P1  (LAI=0.5),DYN_S2_ATBD_NM,2021-06-14,33.1272682549463
v3.2.0,P1  (LAI=0.5),DYN_S2_ATBD_NM,2021-06-15,32.6940016472969
v3.2.0,P1  (LAI=0.5),DYN_S2_ATBD_NM,2021-06-16,33.1987895525016
v3.2.0,P1  (LAI=0.5),DYN_S2_ATBD_NM,2021-06-17,28.1263283942333
v3.2.0,P1  (LAI=0.5),DYN_S2_ATBD_NM,2021-06-18,25.3460640376533
v3.2.0,P1  (LAI=0.5),DYN_S2_ATBD_NM,2021-06-19,23.08471398098
v3.2.0,P1  (LAI=0.5),DYN_S2_ATBD_NM,2021-06-20,23.3019961300505
v3.2.0,P1  (LAI=0.5),DYN_S2_ATBD_NM,2021-06-21,25.6056836784144
v3.2.0,P1  (LAI=0.5),DYN_S2_ATBD_NM,2021-06-22,22.7398540729808
v3.2.0,P1  (LAI=0.5),DYN_S2_ATBD_NM,2021-06-23,19.0387243200811
v3.2.0,P1  (LAI=0.5),DYN_S2_ATBD_NM,2021-06-24,24.7267073355051
v3.2.0,P1  (LAI=0.5),DYN_S2_ATBD_NM,2021-06-25,23.2141284595037
v3.2.0,P1  (LAI=0.5),DYN_S2_ATBD_NM,2021-06-26,24.8858398869868
v3.2.0,P1  (LAI=0.5),DYN_S2_ATBD_NM,2021-06-27,19.3367716138646
v3.2.0,P1  (LAI=0.5),DYN_S2_ATBD_NM,2021-06-28,22.4456044052939
v3.2.0,P1  (LAI=0.5),DYN_S2_ATBD_NM,2021-06-29,20.7494339685608
v3.2.0,P1  (LAI=0.5),DYN_S2_ATBD_NM,2021-06-30,20.5110725285599
v3.2.0,P1  (LAI=0.5),DYN_S2_ATBD_NM,2021-07-01,26.9743553647825
v3.2.0,P1  (LAI=0.5),DYN_S2_ATBD_NM,2021-07-02,26.626755215886
v3.2.0,P1  (LAI=0.5),DYN_S2_ATBD_NM,2021-07-03,24.1940373998526
v3.2.0,P1  (LAI=0.5),DYN_S2_ATBD_NM,2021-07-04,21.0474817614071
v3.2.0,P1  (LAI=0.5),DYN_S2_ATBD_NM,2021-07-05,23.3722837231194
v3.2.0,P1  (LAI=0.5),DYN_S2_ATBD_NM,2021-07-06,22.6006002108201
v3.2.0,P1  (LAI=0.5),DYN_S2_ATBD_NM,2021-07-07,23.0204565102039
v3.2.0,P1  (LAI=0.5),DYN_S2_ATBD_NM,2021-07-08,22.0787250137554
v3.2.0,P1  (LAI=0.5),DYN_S2_ATBD_NM,2021-07-09,22.9456220295411
v3.2.0,P1  (LAI=0.5),DYN_S2_ATBD_NM,2021-07-10,19.5301714234424
v3.2.0,P1  (LAI=0.5),DYN_S2_ATBD_NM,2021-07-11,26.0469231737471
v3.2.0,P1  (LAI=0.5),DYN_S2_ATBD_NM,2021-07-12,21.8864459321966
v3.2.0,P1  (LAI=0.5),DYN_S2_ATBD_NM,2021-07-13,17.7156621973389
v3.2.0,P1  (LAI=0.5),DYN_S2_ATBD_NM,2021-07-14,22.8164988533882
v3.2.0,P1  (LAI=0.5),DYN_S2_ATBD_NM,2021-07-15,26.0091568154728
v3.2.0,P1  (LAI=0.5),DYN_S2_ATBD_NM,2021-07-16,22.3300489719256
v3.2.0,P1  (LAI=0.5),DYN_S2_ATBD_NM,2021-07-17,24.8499311059148
v3.2.0,P1  (LAI=0.5),DYN_S2_ATBD_NM,2021-07-18,31.4324089060968
v3.2.0,P1  (LAI=0.5),DYN_S2_ATBD_NM,2021-07-19,32.6472036653893
v3.2.0,P1  (LAI=0.5),DYN_S2_ATBD_NM,2021-07-20,32.2065145926192
v3.2.0,P1  (LAI=0.5),DYN_S2_ATBD_NM,2021-07-21,32.6011861493934
v3.2.0,P1  (LAI=0.5),DYN_S2_ATBD_NM,2021-07-22,32.7504990534488
v3.2.0,P1  (LAI=0.5),DYN_S2_ATBD_NM,2021-07-23,33.2970710591318
v3.2.0,P1  (LAI=0.5),DYN_S2_ATBD_NM,2021-07-24,26.5949414214135
v3.2.0,P1  (LAI=0.5),DYN_S2_ATBD_NM,2021-07-25,25.1724897644587
v3.2.0,P1  (LAI=0.5),DYN_S2_ATBD_NM,2021-07-26,25.7706783523636
v3.2.0,P1  (LAI=0.5),DYN_S2_ATBD_NM,2021-07-27,20.1385940887188
v3.2.0,P1  (LAI=0.5),DYN_S2_ATBD_NM,2021-07-28,23.8702794876443
v3.2.0,P1  (LAI=0.5),DYN_S2_ATBD_NM,2021-07-29,26.5880090202934
v3.2.0,P1  (LAI=0.5),DYN_S2_ATBD_NM,2021-07-30,25.608078151905
v3.2.0,P1  (LAI=0.5),DYN_S2_ATBD_NM,2021-07-31,24.3848690431644
v3.2.0,P1  (LAI=0.5),DYN_S2_ATBD_NM,2021-08-01,24.0981556892374
v3.2.0,P1  (LAI=0.5),DYN_S2_ATBD_NM,2021-08-02,23.9020611489549
v3.2.0,P1  (LAI=0.5),DYN_S2_ATBD_NM,2021-08-03,19.4804045002351
v3.2.0,P1  (LAI=0.5),DYN_S2_ATBD_NM,2021-08-04,20.5593085744284
v3.2.0,P1  (LAI=0.5),DYN_S2_ATBD_NM,2021-08-05,22.2486777561529
v3.2.0,P1  (LAI=0.5),DYN_S2_ATBD_NM,2021-08-06,23.0128447578433
v3.2.0,P1  (LAI=0.5),DYN_S2_ATBD_NM,2021-08-07,22.1991136154887
v3.2.0,P1  (LAI=0.5),DYN_S2_ATBD_NM,2021-08-08,22.5822719548341
v3.2.0,P1  (LAI=0.5),DYN_S2_ATBD_NM,2021-08-09,23.6015053246617
v3.2.0,P1  (LAI=0.5),DYN_S2_ATBD_NM,2021-08-10,29.3284509035095
v3.2.0,P1  (LAI=0.5),DYN_S2_ATBD_NM,2021-08-11,32.3418247054429
v3.2.0,P1  (LAI=0.5),DYN_S2_ATBD_NM,2021-08-12,32.5093467457754
v3.2.0,P1  (LAI=0.5),DYN_S2_ATBD_NM,2021-08-13,32.7504228327837
v3.2.0,P1  (LAI=0.5),DYN_S2_ATBD_NM,2021-08-14,35.2040693301849
v3.2.0,P1  (LAI=0.5),DYN_S2_ATBD_NM,2021-08-15,30.7908239978837
v3.2.0,P1  (LAI=0.5),DYN_S2_ATBD_NM,2021-08-16,23.631636760061
v3.2.0,P1  (LAI=0.5),DYN_S2_ATBD_NM,2021-08-17,20.5739059246203
v3.2.0,P1  (LAI=0.5),DYN_S2_ATBD_NM,2021-08-18,21.7879401523496
v3.2.0,P1  (LAI=0.5),DYN_S2_ATBD_NM,2021-08-19,20.9276579701953
v3.2.0,P1  (LAI=0.5),DYN_S2_ATBD_NM,2021-08-20,25.6720492365623
v3.2.0,P1  (LAI=0.5),DYN_S2_ATBD_NM,2021-08-21,26.5315911866844
v3.2.0,P1  (LAI=0.5),DYN_S2_ATBD_NM,2021-08-22,24.411950603851
v3.2.0,P1  (LAI=0.5),DYN_S2_ATBD_NM,2021-08-23,24.1395328792447
v3.2.0,P1  (LAI=0.5),DYN_S2_ATBD_NM,2021-08-24,26.9241245707539
v3.2.0,P1  (LAI=0.5),DYN_S2_ATBD_NM,2021-08-25,28.2869889341469
v3.2.0,P1  (LAI=0.5),DYN_S2_ATBD_NM,2021-08-26,26.1105072255837
v3.2.0,P1  (LAI=0.5),DYN_S2_ATBD_NM,2021-08-27,22.6140971994641
v3.2.0,P1  (LAI=0.5),DYN_S2_ATBD_NM,2021-08-28,22.1876011337905
v3.2.0,P1  (LAI=0.5),DYN_S2_ATBD_NM,2021-08-29,21.9479984209345
v3.2.0,P1  (LAI=0.5),DYN_S2_ATBD_NM,2021-08-30,22.7576698095759
v3.2.0,P1  (LAI=0.5),DYN_S2_ATBD_NM,2021-08-31,24.3473258081771
v3.2.0,P1  (LAI=0.5),DYN_S2_ATBD_NM,2021-09-01,26.9856112961022
v3.2.0,P1  (LAI=0.5),DYN_S2_ATBD_NM,2021-09-02,29.541528677936
v3.2.0,P1  (LAI=0.5),DYN_S2_ATBD_NM,2021-09-03,29.1003130631208
v3.2.0,P1  (LAI=0.5),DYN_S2_ATBD_NM,2021-09-04,28.3705651149882
v3.2.0,P1  (LAI=0.5),DYN_S2_ATBD_NM,2021-09-05,29.826640871281
v3.2.0,P1  (LAI=0.5),DYN_S2_ATBD_NM,2021-09-06,32.8748738868031
v3.2.0,P1  (LAI=0.5),DYN_S2_ATBD_NM,2021-09-07,34.10452661123
v3.2.0,P1  (LAI=0.5),DYN_S2_ATBD_NM,2021-09-08,28.0249432938268
v3.2.0,P1  (LAI=0.5),DYN_S2_ATBD_NM,2021-09-09,25.1275037415302
v3.2.0,P1  (LAI=0.5),DYN_S2_ATBD_NM,2021-09-10,25.279399644858
v3.2.0,P1  (LAI=0.5),DYN_S2_ATBD_NM,2021-09-11,24.6389402419142
v3.2.0,P1  (LAI=0.5),DYN_S2_ATBD_NM,2021-09-12,27.4706505107282
v3.2.0,P1  (LAI=0.5),DYN_S2_ATBD_NM,2021-09-13,30.4010015513204
v3.2.0,P1  (LAI=0.5),DYN_S2_ATBD_NM,2021-09-14,27.6649269436693
v3.2.0,P1  (LAI=0.5),DYN_S2_ATBD_NM,2021-09-15,24.8161009800638
v3.2.0,P1  (LAI=0.5),DYN_S2_ATBD_NM,2021-09-16,23.9942898670844
v3.2.0,P1  (LAI=0.5),DYN_S2_ATBD_NM,2021-09-17,24.6646217421607
v3.2.0,P1  (LAI=0.5),DYN_S2_ATBD_NM,2021-09-18,22.084008948548
v3.2.0,P1  (LAI=0.5),DYN_S2_ATBD_NM,2021-09-19,18.1234869666035
v3.2.0,P1  (LAI=0.5),DYN_S2_ATBD_NM,2021-09-20,19.5382526263002
v3.2.0,P1  (LAI=0.5),DYN_S2_ATBD_NM,2021-09-21,20.9003532501297
v3.2.0,P1  (LAI=0.5),DYN_S2_ATBD_NM,2021-09-22,23.7488884645654
v3.2.0,P1  (LAI=0.5),DYN_S2_ATBD_NM,2021-09-23,25.9610397065379
v3.2.0,P1  (LAI=0.5),DYN_S2_ATBD_NM,2021-09-24,26.1717890615464
v3.2.0,P1  (LAI=0.5),DYN_S2_ATBD_NM,2021-09-25,24.0759438829908
v3.2.0,P1  (LAI=0.5),DYN_S2_ATBD_NM,2021-09-26,22.2745860274908
v3.2.0,P1  (LAI=0.5),DYN_S2_ATBD_NM,2021-09-27,20.8312006547662
v3.2.0,P1  (LAI=0.5),DYN_S2_ATBD_NM,2021-09-28,20.5153993978349
v3.2.0,P1  (LAI=0.5),DYN_S2_ATBD_NM,2021-09-29,19.4333853475185
v3.2.0,P1  (LAI=0.5),DYN_S2_ATBD_NM,2021-09-30,21.062631792808
v3.2.0,P1  (LAI=0.5),DYN_S2_OPT_NM,2021-06-01,30.8666555182313
v3.2.0,P1  (LAI=0.5),DYN_S2_OPT_NM,2021-06-02,25.3023214381957
v3.2.0,P1  (LAI=0.5),DYN_S2_OPT_NM,2021-06-03,28.5753234395803
v3.2.0,P1  (LAI=0.5),DYN_S2_OPT_NM,2021-06-04,17.6156947764989
v3.2.0,P1  (LAI=0.5),DYN_S2_OPT_NM,2021-06-05,23.9057552345668
v3.2.0,P1  (LAI=0.5),DYN_S2_OPT_NM,2021-06-06,24.4142574889448
v3.2.0,P1  (LAI=0.5),DYN_S2_OPT_NM,2021-06-07,24.925309706536
v3.2.0,P1  (LAI=0.5),DYN_S2_OPT_NM,2021-06-08,28.364313590585
v3.2.0,P1  (LAI=0.5),DYN_S2_OPT_NM,2021-06-09,30.2228265403935
v3.2.0,P1  (LAI=0.5),DYN_S2_OPT_NM,2021-06-10,30.8900745451019
v3.2.0,P1  (LAI=0.5),DYN_S2_OPT_NM,2021-06-11,29.8385678549858
v3.2.0,P1  (LAI=0.5),DYN_S2_OPT_NM,2021-06-12,29.5397996126518
v3.2.0,P1  (LAI=0.5),DYN_S2_OPT_NM,2021-06-13,30.6445662448542
v3.2.0,P1  (LAI=0.5),DYN_S2_OPT_NM,2021-06-14,33.3145081082182
v3.2.0,P1  (LAI=0.5),DYN_S2_OPT_NM,2021-06-15,32.6907850744926
v3.2.0,P1  (LAI=0.5),DYN_S2_OPT_NM,2021-06-16,33.2623840924621
v3.2.0,P1  (LAI=0.5),DYN_S2_OPT_NM,2021-06-17,28.4001341760439
v3.2.0,P1  (LAI=0.5),DYN_S2_OPT_NM,2021-06-18,25.5288683205644
v3.2.0,P1  (LAI=0.5),DYN_S2_OPT_NM,2021-06-19,23.069368364856
v3.2.0,P1  (LAI=0.5),DYN_S2_OPT_NM,2021-06-20,23.535440882852
v3.2.0,P1  (LAI=0.5),DYN_S2_OPT_NM,2021-06-21,25.71987400135
v3.2.0,P1  (LAI=0.5),DYN_S2_OPT_NM,2021-06-22,22.9859508919797
v3.2.0,P1  (LAI=0.5),DYN_S2_OPT_NM,2021-06-23,19.1277530709216
v3.2.0,P1  (LAI=0.5),DYN_S2_OPT_NM,2021-06-24,24.8766515338393
v3.2.0,P1  (LAI=0.5),DYN_S2_OPT_NM,2021-06-25,23.2720013870298
v3.2.0,P1  (LAI=0.5),DYN_S2_OPT_NM,2021-06-26,25.0412560442721
v3.2.0,P1  (LAI=0.5),DYN_S2_OPT_NM,2021-06-27,19.4378076772897
v3.2.0,P1  (LAI=0.5),DYN_S2_OPT_NM,2021-06-28,22.7327180815257
v3.2.0,P1  (LAI=0.5),DYN_S2_OPT_NM,2021-06-29,20.9484323787107
v3.2.0,P1  (LAI=0.5),DYN_S2_OPT_NM,2021-06-30,20.5119353659368
v3.2.0,P1  (LAI=0.5),DYN_S2_OPT_NM,2021-07-01,27.1127276772087
v3.2.0,P1  (LAI=0.5),DYN_S2_OPT_NM,2021-07-02,26.7387333424015
v3.2.0,P1  (LAI=0.5),DYN_S2_OPT_NM,2021-07-03,24.1243684469599
v3.2.0,P1  (LAI=0.5),DYN_S2_OPT_NM,2021-07-04,21.0908343825612
v3.2.0,P1  (LAI=0.5),DYN_S2_OPT_NM,2021-07-05,23.466467346439
v3.2.0,P1  (LAI=0.5),DYN_S2_OPT_NM,2021-07-06,22.7219597773315
v3.2.0,P1  (LAI=0.5),DYN_S2_OPT_NM,2021-07-07,23.1527493727355
v3.2.0,P1  (LAI=0.5),DYN_S2_OPT_NM,2021-07-08,22.073233478079
v3.2.0,P1  (LAI=0.5),DYN_S2_OPT_NM,2021-07-09,23.061592186098
v3.2.0,P1  (LAI=0.5),DYN_S2_OPT_NM,2021-07-10,19.5865810533015
v3.2.0,P1  (LAI=0.5),DYN_S2_OPT_NM,2021-07-11,26.2392088177447
v3.2.0,P1  (LAI=0.5),DYN_S2_OPT_NM,2021-07-12,21.9886177881938
v3.2.0,P1  (LAI=0.5),DYN_S2_OPT_NM,2021-07-13,17.8241637355196
v3.2.0,P1  (LAI=0.5),DYN_S2_OPT_NM,2021-07-14,22.9746614383402
v3.2.0,P1  (LAI=0.5),DYN_S2_OPT_NM,2021-07-15,26.1309857965119
v3.2.0,P1  (LAI=0.5),DYN_S2_OPT_NM,2021-07-16,22.3983706932241
v3.2.0,P1  (LAI=0.5),DYN_S2_OPT_NM,2021-07-17,24.9878497783695
v3.2.0,P1  (LAI=0.5),DYN_S2_OPT_NM,2021-07-18,31.5830212909533
v3.2.0,P1  (LAI=0.5),DYN_S2_OPT_NM,2021-07-19,32.8019993200051
v3.2.0,P1  (LAI=0.5),DYN_S2_OPT_NM,2021-07-20,32.3850081306308
v3.2.0,P1  (LAI=0.5),DYN_S2_OPT_NM,2021-07-21,32.7729389761712
v3.2.0,P1  (LAI=0.5),DYN_S2_OPT_NM,2021-07-22,32.8949329008392
v3.2.0,P1  (LAI=0.5),DYN_S2_OPT_NM,2021-07-23,33.3876433748226
v3.2.0,P1  (LAI=0.5),DYN_S2_OPT_NM,2021-07-24,26.7513668145137
v3.2.0,P1  (LAI=0.5),DYN_S2_OPT_NM,2021-07-25,25.3101929539336
v3.2.0,P1  (LAI=0.5),DYN_S2_OPT_NM,2021-07-26,25.9697872900005
v3.2.0,P1  (LAI=0.5),DYN_S2_OPT_NM,2021-07-27,20.2985347759964
v3.2.0,P1  (LAI=0.5),DYN_S2_OPT_NM,2021-07-28,23.9395498263611
v3.2.0,P1  (LAI=0.5),DYN_S2_OPT_NM,2021-07-29,26.7381219721068
v3.2.0,P1  (LAI=0.5),DYN_S2_OPT_NM,2021-07-30,25.6731754028178
v3.2.0,P1  (LAI=0.5),DYN_S2_OPT_NM,2021-07-31,24.448196745321
v3.2.0,P1  (LAI=0.5),DYN_S2_OPT_NM,2021-08-01,24.2238999754691
v3.2.0,P1  (LAI=0.5),DYN_S2_OPT_NM,2021-08-02,23.9661047961084
v3.2.0,P1  (LAI=0.5),DYN_S2_OPT_NM,2021-08-03,19.567063717925
v3.2.0,P1  (LAI=0.5),DYN_S2_OPT_NM,2021-08-04,20.64906788209
v3.2.0,P1  (LAI=0.5),DYN_S2_OPT_NM,2021-08-05,22.3493117402501
v3.2.0,P1  (LAI=0.5),DYN_S2_OPT_NM,2021-08-06,23.0712043665212
v3.2.0,P1  (LAI=0.5),DYN_S2_OPT_NM,2021-08-07,22.3285690532579
v3.2.0,P1  (LAI=0.5),DYN_S2_OPT_NM,2021-08-08,23.4318325809152
v3.2.0,P1  (LAI=0.5),DYN_S2_OPT_NM,2021-08-09,23.7039993606691
v3.2.0,P1  (LAI=0.5),DYN_S2_OPT_NM,2021-08-10,29.3159142165487
v3.2.0,P1  (LAI=0.5),DYN_S2_OPT_NM,2021-08-11,32.3702561474025
v3.2.0,P1  (LAI=0.5),DYN_S2_OPT_NM,2021-08-12,32.60534119363
v3.2.0,P1  (LAI=0.5),DYN_S2_OPT_NM,2021-08-13,32.865378459289
v3.2.0,P1  (LAI=0.5),DYN_S2_OPT_NM,2021-08-14,35.7541506155636
v3.2.0,P1  (LAI=0.5),DYN_S2_OPT_NM,2021-08-15,30.9094056261454
v3.2.0,P1  (LAI=0.5),DYN_S2_OPT_NM,2021-08-16,23.7399239934796
v3.2.0,P1  (LAI=0.5),DYN_S2_OPT_NM,2021-08-17,20.6622848334307
v3.2.0,P1  (LAI=0.5),DYN_S2_OPT_NM,2021-08-18,21.8296011612229
v3.2.0,P1  (LAI=0.5),DYN_S2_OPT_NM,2021-08-19,20.9766135728959
v3.2.0,P1  (LAI=0.5),DYN_S2_OPT_NM,2021-08-20,25.8267334735959
v3.2.0,P1  (LAI=0.5),DYN_S2_OPT_NM,2021-08-21,26.6686816090254
v3.2.0,P1  (LAI=0.5),DYN_S2_OPT_NM,2021-08-22,24.5441854513309
v3.2.0,P1  (LAI=0.5),DYN_S2_OPT_NM,2021-08-23,24.3276404524914
v3.2.0,P1  (LAI=0.5),DYN_S2_OPT_NM,2021-08-24,27.1580325717975
v3.2.0,P1  (LAI=0.5),DYN_S2_OPT_NM,2021-08-25,28.3296680977091
v3.2.0,P1  (LAI=0.5),DYN_S2_OPT_NM,2021-08-26,26.1980218281166
v3.2.0,P1  (LAI=0.5),DYN_S2_OPT_NM,2021-08-27,22.564761350247
v3.2.0,P1  (LAI=0.5),DYN_S2_OPT_NM,2021-08-28,22.238682916202
v3.2.0,P1  (LAI=0.5),DYN_S2_OPT_NM,2021-08-29,22.138066885565
v3.2.0,P1  (LAI=0.5),DYN_S2_OPT_NM,2021-08-30,22.8349884437283
v3.2.0,P1  (LAI=0.5),DYN_S2_OPT_NM,2021-08-31,24.4463374548688
v3.2.0,P1  (LAI=0.5),DYN_S2_OPT_NM,2021-09-01,27.0328340621982
v3.2.0,P1  (LAI=0.5),DYN_S2_OPT_NM,2021-09-02,29.714871672988
v3.2.0,P1  (LAI=0.5),DYN_S2_OPT_NM,2021-09-03,29.2584414286749
v3.2.0,P1  (LAI=0.5),DYN_S2_OPT_NM,2021-09-04,28.347285872662
v3.2.0,P1  (LAI=0.5),DYN_S2_OPT_NM,2021-09-05,29.9801715011613
v3.2.0,P1  (LAI=0.5),DYN_S2_OPT_NM,2021-09-06,32.9573484970306
v3.2.0,P1  (LAI=0.5),DYN_S2_OPT_NM,2021-09-07,34.1119192147605
v3.2.0,P1  (LAI=0.5),DYN_S2_OPT_NM,2021-09-08,28.7623537805806
v3.2.0,P1  (LAI=0.5),DYN_S2_OPT_NM,2021-09-09,25.2984941021903
v3.2.0,P1  (LAI=0.5),DYN_S2_OPT_NM,2021-09-10,25.4179994409392
v3.2.0,P1  (LAI=0.5),DYN_S2_OPT_NM,2021-09-11,24.7672618319077
v3.2.0,P1  (LAI=0.5),DYN_S2_OPT_NM,2021-09-12,27.547990530084
v3.2.0,P1  (LAI=0.5),DYN_S2_OPT_NM,2021-09-13,30.4969704928317
v3.2.0,P1  (LAI=0.5),DYN_S2_OPT_NM,2021-09-14,27.8223062046511
v3.2.0,P1  (LAI=0.5),DYN_S2_OPT_NM,2021-09-15,24.9574911267086
v3.2.0,P1  (LAI=0.5),DYN_S2_OPT_NM,2021-09-16,24.1348604483823
v3.2.0,P1  (LAI=0.5),DYN_S2_OPT_NM,2021-09-17,24.7481103833768
v3.2.0,P1  (LAI=0.5),DYN_S2_OPT_NM,2021-09-18,22.2085744891485
v3.2.0,P1  (LAI=0.5),DYN_S2_OPT_NM,2021-09-19,17.7264999583639
v3.2.0,P1  (LAI=0.5),DYN_S2_OPT_NM,2021-09-20,19.6293544475647
v3.2.0,P1  (LAI=0.5),DYN_S2_OPT_NM,2021-09-21,21.0164230447757
v3.2.0,P1  (LAI=0.5),DYN_S2_OPT_NM,2021-09-22,23.8270385284216
v3.2.0,P1  (LAI=0.5),DYN_S2_OPT_NM,2021-09-23,26.0123079541002
v3.2.0,P1  (LAI=0.5),DYN_S2_OPT_NM,2021-09-24,26.2266411681583
v3.2.0,P1  (LAI=0.5),DYN_S2_OPT_NM,2021-09-25,24.1701632228969
v3.2.0,P1  (LAI=0.5),DYN_S2_OPT_NM,2021-09-26,22.3646817925302
v3.2.0,P1  (LAI=0.5),DYN_S2_OPT_NM,2021-09-27,20.8710887063069
v3.2.0,P1  (LAI=0.5),DYN_S2_OPT_NM,2021-09-28,20.5788204663248
v3.2.0,P1  (LAI=0.5),DYN_S2_OPT_NM,2021-09-29,19.5253542584973
v3.2.0,P1  (LAI=0.5),DYN_S2_OPT_NM,2021-09-30,21.1449409346164
v3.2.0,P1  (LAI=0.5),DYN_ATBD_rfull_NM,2021-06-01,31.0146290908343
v3.2.0,P1  (LAI=0.5),DYN_ATBD_rfull_NM,2021-06-02,25.5792149336335
v3.2.0,P1  (LAI=0.5),DYN_ATBD_rfull_NM,2021-06-03,28.699987723054
v3.2.0,P1  (LAI=0.5),DYN_ATBD_rfull_NM,2021-06-04,17.7488328469165
v3.2.0,P1  (LAI=0.5),DYN_ATBD_rfull_NM,2021-06-05,24.0168977124499
v3.2.0,P1  (LAI=0.5),DYN_ATBD_rfull_NM,2021-06-06,24.5013270822577
v3.2.0,P1  (LAI=0.5),DYN_ATBD_rfull_NM,2021-06-07,25.025005887991
v3.2.0,P1  (LAI=0.5),DYN_ATBD_rfull_NM,2021-06-08,28.5135214851324
v3.2.0,P1  (LAI=0.5),DYN_ATBD_rfull_NM,2021-06-09,30.3709419401262
v3.2.0,P1  (LAI=0.5),DYN_ATBD_rfull_NM,2021-06-10,30.6198443337272
v3.2.0,P1  (LAI=0.5),DYN_ATBD_rfull_NM,2021-06-11,29.9386883961881
v3.2.0,P1  (LAI=0.5),DYN_ATBD_rfull_NM,2021-06-12,29.6543145054416
v3.2.0,P1  (LAI=0.5),DYN_ATBD_rfull_NM,2021-06-13,30.8792066960607
v3.2.0,P1  (LAI=0.5),DYN_ATBD_rfull_NM,2021-06-14,33.4847237988265
v3.2.0,P1  (LAI=0.5),DYN_ATBD_rfull_NM,2021-06-15,32.9007644619551
v3.2.0,P1  (LAI=0.5),DYN_ATBD_rfull_NM,2021-06-16,33.4228932509906
v3.2.0,P1  (LAI=0.5),DYN_ATBD_rfull_NM,2021-06-17,28.6116618746361
v3.2.0,P1  (LAI=0.5),DYN_ATBD_rfull_NM,2021-06-18,25.7057902689013
v3.2.0,P1  (LAI=0.5),DYN_ATBD_rfull_NM,2021-06-19,23.2649075227958
v3.2.0,P1  (LAI=0.5),DYN_ATBD_rfull_NM,2021-06-20,23.7655110958583
v3.2.0,P1  (LAI=0.5),DYN_ATBD_rfull_NM,2021-06-21,25.9086536687581
v3.2.0,P1  (LAI=0.5),DYN_ATBD_rfull_NM,2021-06-22,23.1309451278269
v3.2.0,P1  (LAI=0.5),DYN_ATBD_rfull_NM,2021-06-23,19.2604144287647
v3.2.0,P1  (LAI=0.5),DYN_ATBD_rfull_NM,2021-06-24,25.054292653097
v3.2.0,P1  (LAI=0.5),DYN_ATBD_rfull_NM,2021-06-25,23.348548790555
v3.2.0,P1  (LAI=0.5),DYN_ATBD_rfull_NM,2021-06-26,25.3931161594888
v3.2.0,P1  (LAI=0.5),DYN_ATBD_rfull_NM,2021-06-27,19.7801872596955
v3.2.0,P1  (LAI=0.5),DYN_ATBD_rfull_NM,2021-06-28,23.1055004237021
v3.2.0,P1  (LAI=0.5),DYN_ATBD_rfull_NM,2021-06-29,21.0817705023727
v3.2.0,P1  (LAI=0.5),DYN_ATBD_rfull_NM,2021-06-30,20.6305551469629
v3.2.0,P1  (LAI=0.5),DYN_ATBD_rfull_NM,2021-07-01,27.2603243012802
v3.2.0,P1  (LAI=0.5),DYN_ATBD_rfull_NM,2021-07-02,26.9254510654512
v3.2.0,P1  (LAI=0.5),DYN_ATBD_rfull_NM,2021-07-03,24.2944208969473
v3.2.0,P1  (LAI=0.5),DYN_ATBD_rfull_NM,2021-07-04,21.3959392939585
v3.2.0,P1  (LAI=0.5),DYN_ATBD_rfull_NM,2021-07-05,23.5933378684271
v3.2.0,P1  (LAI=0.5),DYN_ATBD_rfull_NM,2021-07-06,22.8695493475827
v3.2.0,P1  (LAI=0.5),DYN_ATBD_rfull_NM,2021-07-07,23.338135764824
v3.2.0,P1  (LAI=0.5),DYN_ATBD_rfull_NM,2021-07-08,22.3721402212697
v3.2.0,P1  (LAI=0.5),DYN_ATBD_rfull_NM,2021-07-09,23.2478722984463
v3.2.0,P1  (LAI=0.5),DYN_ATBD_rfull_NM,2021-07-10,21.5560385258057
v3.2.0,P1  (LAI=0.5),DYN_ATBD_rfull_NM,2021-07-11,26.492139791493
v3.2.0,P1  (LAI=0.5),DYN_ATBD_rfull_NM,2021-07-12,22.1597901790148
v3.2.0,P1  (LAI=0.5),DYN_ATBD_rfull_NM,2021-07-13,17.915929910289
v3.2.0,P1  (LAI=0.5),DYN_ATBD_rfull_NM,2021-07-14,23.1663641021724
v3.2.0,P1  (LAI=0.5),DYN_ATBD_rfull_NM,2021-07-15,26.2728512615751
v3.2.0,P1  (LAI=0.5),DYN_ATBD_rfull_NM,2021-07-16,22.5063619346911
v3.2.0,P1  (LAI=0.5),DYN_ATBD_rfull_NM,2021-07-17,25.1823556784147
v3.2.0,P1  (LAI=0.5),DYN_ATBD_rfull_NM,2021-07-18,31.7516532188012
v3.2.0,P1  (LAI=0.5),DYN_ATBD_rfull_NM,2021-07-19,32.9850554610306
v3.2.0,P1  (LAI=0.5),DYN_ATBD_rfull_NM,2021-07-20,32.7783254251574
v3.2.0,P1  (LAI=0.5),DYN_ATBD_rfull_NM,2021-07-21,33.00498107799
v3.2.0,P1  (LAI=0.5),DYN_ATBD_rfull_NM,2021-07-22,32.9687950738999
v3.2.0,P1  (LAI=0.5),DYN_ATBD_rfull_NM,2021-07-23,33.4004394007196
v3.2.0,P1  (LAI=0.5),DYN_ATBD_rfull_NM,2021-07-24,26.9119331803022
v3.2.0,P1  (LAI=0.5),DYN_ATBD_rfull_NM,2021-07-25,25.4557041801308
v3.2.0,P1  (LAI=0.5),DYN_ATBD_rfull_NM,2021-07-26,26.1478346380139
v3.2.0,P1  (LAI=0.5),DYN_ATBD_rfull_NM,2021-07-27,20.5282996048416
v3.2.0,P1  (LAI=0.5),DYN_ATBD_rfull_NM,2021-07-28,24.0047040710331
v3.2.0,P1  (LAI=0.5),DYN_ATBD_rfull_NM,2021-07-29,26.7241333013179
v3.2.0,P1  (LAI=0.5),DYN_ATBD_rfull_NM,2021-07-30,25.8602507883568
v3.2.0,P1  (LAI=0.5),DYN_ATBD_rfull_NM,2021-07-31,24.5879624322324
v3.2.0,P1  (LAI=0.5),DYN_ATBD_rfull_NM,2021-08-01,24.4172091866649
v3.2.0,P1  (LAI=0.5),DYN_ATBD_rfull_NM,2021-08-02,24.3364769981458
v3.2.0,P1  (LAI=0.5),DYN_ATBD_rfull_NM,2021-08-03,19.7639479439181
v3.2.0,P1  (LAI=0.5),DYN_ATBD_rfull_NM,2021-08-04,20.774503524828
v3.2.0,P1  (LAI=0.5),DYN_ATBD_rfull_NM,2021-08-05,22.5396939110641
v3.2.0,P1  (LAI=0.5),DYN_ATBD_rfull_NM,2021-08-06,23.184489452099
v3.2.0,P1  (LAI=0.5),DYN_ATBD_rfull_NM,2021-08-07,22.5126124635291
v3.2.0,P1  (LAI=0.5),DYN_ATBD_rfull_NM,2021-08-08,23.5723426003923
v3.2.0,P1  (LAI=0.5),DYN_ATBD_rfull_NM,2021-08-09,23.973008591038
v3.2.0,P1  (LAI=0.5),DYN_ATBD_rfull_NM,2021-08-10,29.436717595486
v3.2.0,P1  (LAI=0.5),DYN_ATBD_rfull_NM,2021-08-11,32.3967554585333
v3.2.0,P1  (LAI=0.5),DYN_ATBD_rfull_NM,2021-08-12,32.6412068827639
v3.2.0,P1  (LAI=0.5),DYN_ATBD_rfull_NM,2021-08-13,32.9189257651359
v3.2.0,P1  (LAI=0.5),DYN_ATBD_rfull_NM,2021-08-14,35.4383758965101
v3.2.0,P1  (LAI=0.5),DYN_ATBD_rfull_NM,2021-08-15,31.0717753639348
v3.2.0,P1  (LAI=0.5),DYN_ATBD_rfull_NM,2021-08-16,23.8776598254212
v3.2.0,P1  (LAI=0.5),DYN_ATBD_rfull_NM,2021-08-17,20.9272070485447
v3.2.0,P1  (LAI=0.5),DYN_ATBD_rfull_NM,2021-08-18,21.9114937353952
v3.2.0,P1  (LAI=0.5),DYN_ATBD_rfull_NM,2021-08-19,21.0130953579974
v3.2.0,P1  (LAI=0.5),DYN_ATBD_rfull_NM,2021-08-20,25.8506665787427
v3.2.0,P1  (LAI=0.5),DYN_ATBD_rfull_NM,2021-08-21,26.8811621027515
v3.2.0,P1  (LAI=0.5),DYN_ATBD_rfull_NM,2021-08-22,24.7268775088679
v3.2.0,P1  (LAI=0.5),DYN_ATBD_rfull_NM,2021-08-23,24.3980348789091
v3.2.0,P1  (LAI=0.5),DYN_ATBD_rfull_NM,2021-08-24,27.3095985621403
v3.2.0,P1  (LAI=0.5),DYN_ATBD_rfull_NM,2021-08-25,28.4401712036402
v3.2.0,P1  (LAI=0.5),DYN_ATBD_rfull_NM,2021-08-26,26.3691927551579
v3.2.0,P1  (LAI=0.5),DYN_ATBD_rfull_NM,2021-08-27,22.6349347782661
v3.2.0,P1  (LAI=0.5),DYN_ATBD_rfull_NM,2021-08-28,22.2884473003218
v3.2.0,P1  (LAI=0.5),DYN_ATBD_rfull_NM,2021-08-29,22.302755169546
v3.2.0,P1  (LAI=0.5),DYN_ATBD_rfull_NM,2021-08-30,22.9358417463831
v3.2.0,P1  (LAI=0.5),DYN_ATBD_rfull_NM,2021-08-31,24.5334622566297
v3.2.0,P1  (LAI=0.5),DYN_ATBD_rfull_NM,2021-09-01,27.1514532180848
v3.2.0,P1  (LAI=0.5),DYN_ATBD_rfull_NM,2021-09-02,29.8137588903716
v3.2.0,P1  (LAI=0.5),DYN_ATBD_rfull_NM,2021-09-03,29.3287245661475
v3.2.0,P1  (LAI=0.5),DYN_ATBD_rfull_NM,2021-09-04,28.5881701231009
v3.2.0,P1  (LAI=0.5),DYN_ATBD_rfull_NM,2021-09-05,30.0728930898952
v3.2.0,P1  (LAI=0.5),DYN_ATBD_rfull_NM,2021-09-06,33.2246772386239
v3.2.0,P1  (LAI=0.5),DYN_ATBD_rfull_NM,2021-09-07,34.389942436834
v3.2.0,P1  (LAI=0.5),DYN_ATBD_rfull_NM,2021-09-08,29.00497469296
v3.2.0,P1  (LAI=0.5),DYN_ATBD_rfull_NM,2021-09-09,25.5285405709976
v3.2.0,P1  (LAI=0.5),DYN_ATBD_rfull_NM,2021-09-10,25.6108183489062
v3.2.0,P1  (LAI=0.5),DYN_ATBD_rfull_NM,2021-09-11,24.9554635844006
v3.2.0,P1  (LAI=0.5),DYN_ATBD_rfull_NM,2021-09-12,27.647778210258
v3.2.0,P1  (LAI=0.5),DYN_ATBD_rfull_NM,2021-09-13,30.564971899174
v3.2.0,P1  (LAI=0.5),DYN_ATBD_rfull_NM,2021-09-14,28.0407593251649
v3.2.0,P1  (LAI=0.5),DYN_ATBD_rfull_NM,2021-09-15,25.1266945716393
v3.2.0,P1  (LAI=0.5),DYN_ATBD_rfull_NM,2021-09-16,24.3016030440957
v3.2.0,P1  (LAI=0.5),DYN_ATBD_rfull_NM,2021-09-17,24.8902139050825
v3.2.0,P1  (LAI=0.5),DYN_ATBD_rfull_NM,2021-09-18,22.356115596043
v3.2.0,P1  (LAI=0.5),DYN_ATBD_rfull_NM,2021-09-19,18.3284187008468
v3.2.0,P1  (LAI=0.5),DYN_ATBD_rfull_NM,2021-09-20,19.7336376862359
v3.2.0,P1  (LAI=0.5),DYN_ATBD_rfull_NM,2021-09-21,21.1420893739257
v3.2.0,P1  (LAI=0.5),DYN_ATBD_rfull_NM,2021-09-22,23.8984378071191
v3.2.0,P1  (LAI=0.5),DYN_ATBD_rfull_NM,2021-09-23,26.0144502222174
v3.2.0,P1  (LAI=0.5),DYN_ATBD_rfull_NM,2021-09-24,26.2316944139784
v3.2.0,P1  (LAI=0.5),DYN_ATBD_rfull_NM,2021-09-25,24.3167126538439
v3.2.0,P1  (LAI=0.5),DYN_ATBD_rfull_NM,2021-09-26,22.5163024665308
v3.2.0,P1  (LAI=0.5),DYN_ATBD_rfull_NM,2021-09-27,20.9660180590315
v3.2.0,P1  (LAI=0.5),DYN_ATBD_rfull_NM,2021-09-28,20.6936554965393
v3.2.0,P1  (LAI=0.5),DYN_ATBD_rfull_NM,2021-09-29,19.6591540071365
v3.2.0,P1  (LAI=0.5),DYN_ATBD_rfull_NM,2021-09-30,21.3136253748997
v3.2.0,P1  (LAI=0.5),DYN_OPT_rdopt_NM,2021-06-01,31.3733211019086
v3.2.0,P1  (LAI=0.5),DYN_OPT_rdopt_NM,2021-06-02,26.8324152094062
v3.2.0,P1  (LAI=0.5),DYN_OPT_rdopt_NM,2021-06-03,28.9600514672092
v3.2.0,P1  (LAI=0.5),DYN_OPT_rdopt_NM,2021-06-04,18.6226666523556
v3.2.0,P1  (LAI=0.5),DYN_OPT_rdopt_NM,2021-06-05,24.594795503747
v3.2.0,P1  (LAI=0.5),DYN_OPT_rdopt_NM,2021-06-06,25.2317075128832
v3.2.0,P1  (LAI=0.5),DYN_OPT_rdopt_NM,2021-06-07,25.4818483882211
v3.2.0,P1  (LAI=0.5),DYN_OPT_rdopt_NM,2021-06-08,30.9400704243911
v3.2.0,P1  (LAI=0.5),DYN_OPT_rdopt_NM,2021-06-09,29.9650160571287
v3.2.0,P1  (LAI=0.5),DYN_OPT_rdopt_NM,2021-06-10,30.9433255886752
v3.2.0,P1  (LAI=0.5),DYN_OPT_rdopt_NM,2021-06-11,30.4393631731917
v3.2.0,P1  (LAI=0.5),DYN_OPT_rdopt_NM,2021-06-12,30.2578795402238
v3.2.0,P1  (LAI=0.5),DYN_OPT_rdopt_NM,2021-06-13,31.4174193752854
v3.2.0,P1  (LAI=0.5),DYN_OPT_rdopt_NM,2021-06-14,33.7096437696755
v3.2.0,P1  (LAI=0.5),DYN_OPT_rdopt_NM,2021-06-15,33.2639478563713
v3.2.0,P1  (LAI=0.5),DYN_OPT_rdopt_NM,2021-06-16,34.5401642773837
v3.2.0,P1  (LAI=0.5),DYN_OPT_rdopt_NM,2021-06-17,29.382115661904
v3.2.0,P1  (LAI=0.5),DYN_OPT_rdopt_NM,2021-06-18,26.599508477218
v3.2.0,P1  (LAI=0.5),DYN_OPT_rdopt_NM,2021-06-19,24.4601553860463
v3.2.0,P1  (LAI=0.5),DYN_OPT_rdopt_NM,2021-06-20,24.8979338386143
v3.2.0,P1  (LAI=0.5),DYN_OPT_rdopt_NM,2021-06-21,26.1691286271765
v3.2.0,P1  (LAI=0.5),DYN_OPT_rdopt_NM,2021-06-22,24.1431678587661
v3.2.0,P1  (LAI=0.5),DYN_OPT_rdopt_NM,2021-06-23,19.9750820343256
v3.2.0,P1  (LAI=0.5),DYN_OPT_rdopt_NM,2021-06-24,25.609766604957
v3.2.0,P1  (LAI=0.5),DYN_OPT_rdopt_NM,2021-06-25,23.638883531034
v3.2.0,P1  (LAI=0.5),DYN_OPT_rdopt_NM,2021-06-26,25.5184183639373
v3.2.0,P1  (LAI=0.5),DYN_OPT_rdopt_NM,2021-06-27,20.673592469394
v3.2.0,P1  (LAI=0.5),DYN_OPT_rdopt_NM,2021-06-28,24.2211779376247
v3.2.0,P1  (LAI=0.5),DYN_OPT_rdopt_NM,2021-06-29,22.1692124109666
v3.2.0,P1  (LAI=0.5),DYN_OPT_rdopt_NM,2021-06-30,21.2093403509174
v3.2.0,P1  (LAI=0.5),DYN_OPT_rdopt_NM,2021-07-01,26.9245891696243
v3.2.0,P1  (LAI=0.5),DYN_OPT_rdopt_NM,2021-07-02,27.7357353059676
v3.2.0,P1  (LAI=0.5),DYN_OPT_rdopt_NM,2021-07-03,25.1757702816872
v3.2.0,P1  (LAI=0.5),DYN_OPT_rdopt_NM,2021-07-04,22.2380931702162
v3.2.0,P1  (LAI=0.5),DYN_OPT_rdopt_NM,2021-07-05,23.9541758187127
v3.2.0,P1  (LAI=0.5),DYN_OPT_rdopt_NM,2021-07-06,23.3923192165764
v3.2.0,P1  (LAI=0.5),DYN_OPT_rdopt_NM,2021-07-07,24.2098482525435
v3.2.0,P1  (LAI=0.5),DYN_OPT_rdopt_NM,2021-07-08,23.4491385042512
v3.2.0,P1  (LAI=0.5),DYN_OPT_rdopt_NM,2021-07-09,23.8639540319482
v3.2.0,P1  (LAI=0.5),DYN_OPT_rdopt_NM,2021-07-10,20.8661308152674
v3.2.0,P1  (LAI=0.5),DYN_OPT_rdopt_NM,2021-07-11,27.0638797232075
v3.2.0,P1  (LAI=0.5),DYN_OPT_rdopt_NM,2021-07-12,22.9348882384401
v3.2.0,P1  (LAI=0.5),DYN_OPT_rdopt_NM,2021-07-13,18.4957995211432
v3.2.0,P1  (LAI=0.5),DYN_OPT_rdopt_NM,2021-07-14,24.2033834317458
v3.2.0,P1  (LAI=0.5),DYN_OPT_rdopt_NM,2021-07-15,26.6712959875605
v3.2.0,P1  (LAI=0.5),DYN_OPT_rdopt_NM,2021-07-16,22.8350448071044
v3.2.0,P1  (LAI=0.5),DYN_OPT_rdopt_NM,2021-07-17,25.7884483908699
v3.2.0,P1  (LAI=0.5),DYN_OPT_rdopt_NM,2021-07-18,32.1447789492728
v3.2.0,P1  (LAI=0.5),DYN_OPT_rdopt_NM,2021-07-19,33.4196694569539
v3.2.0,P1  (LAI=0.5),DYN_OPT_rdopt_NM,2021-07-20,33.0251843447238
v3.2.0,P1  (LAI=0.5),DYN_OPT_rdopt_NM,2021-07-21,33.3923458135904
v3.2.0,P1  (LAI=0.5),DYN_OPT_rdopt_NM,2021-07-22,33.4457090132823
v3.2.0,P1  (LAI=0.5),DYN_OPT_rdopt_NM,2021-07-23,33.7325827292879
v3.2.0,P1  (LAI=0.5),DYN_OPT_rdopt_NM,2021-07-24,27.6760396276078
v3.2.0,P1  (LAI=0.5),DYN_OPT_rdopt_NM,2021-07-25,26.2964297009249
v3.2.0,P1  (LAI=0.5),DYN_OPT_rdopt_NM,2021-07-26,26.9777654742355
v3.2.0,P1  (LAI=0.5),DYN_OPT_rdopt_NM,2021-07-27,21.5745478534607
v3.2.0,P1  (LAI=0.5),DYN_OPT_rdopt_NM,2021-07-28,24.3910401382158
v3.2.0,P1  (LAI=0.5),DYN_OPT_rdopt_NM,2021-07-29,27.2255061032672
v3.2.0,P1  (LAI=0.5),DYN_OPT_rdopt_NM,2021-07-30,26.5046388449908
v3.2.0,P1  (LAI=0.5),DYN_OPT_rdopt_NM,2021-07-31,25.1843386852435
v3.2.0,P1  (LAI=0.5),DYN_OPT_rdopt_NM,2021-08-01,25.165647997322
v3.2.0,P1  (LAI=0.5),DYN_OPT_rdopt_NM,2021-08-02,24.7317350282801
v3.2.0,P1  (LAI=0.5),DYN_OPT_rdopt_NM,2021-08-03,20.4546453694364
v3.2.0,P1  (LAI=0.5),DYN_OPT_rdopt_NM,2021-08-04,21.7670386981336
v3.2.0,P1  (LAI=0.5),DYN_OPT_rdopt_NM,2021-08-05,23.2654781830697
v3.2.0,P1  (LAI=0.5),DYN_OPT_rdopt_NM,2021-08-06,23.682668926503
v3.2.0,P1  (LAI=0.5),DYN_OPT_rdopt_NM,2021-08-07,23.2621232971823
v3.2.0,P1  (LAI=0.5),DYN_OPT_rdopt_NM,2021-08-08,24.1648072295468
v3.2.0,P1  (LAI=0.5),DYN_OPT_rdopt_NM,2021-08-09,24.4437376209722
v3.2.0,P1  (LAI=0.5),DYN_OPT_rdopt_NM,2021-08-10,29.734666308197
v3.2.0,P1  (LAI=0.5),DYN_OPT_rdopt_NM,2021-08-11,31.8726304085411
v3.2.0,P1  (LAI=0.5),DYN_OPT_rdopt_NM,2021-08-12,32.9199248007042
v3.2.0,P1  (LAI=0.5),DYN_OPT_rdopt_NM,2021-08-13,33.0635234702373
v3.2.0,P1  (LAI=0.5),DYN_OPT_rdopt_NM,2021-08-14,35.1948313222925
v3.2.0,P1  (LAI=0.5),DYN_OPT_rdopt_NM,2021-08-15,31.6876759804152
v3.2.0,P1  (LAI=0.5),DYN_OPT_rdopt_NM,2021-08-16,24.524791009299
v3.2.0,P1  (LAI=0.5),DYN_OPT_rdopt_NM,2021-08-17,21.286221899036
v3.2.0,P1  (LAI=0.5),DYN_OPT_rdopt_NM,2021-08-18,22.2906113675962
v3.2.0,P1  (LAI=0.5),DYN_OPT_rdopt_NM,2021-08-19,21.3071017363793
v3.2.0,P1  (LAI=0.5),DYN_OPT_rdopt_NM,2021-08-20,26.098483363937
v3.2.0,P1  (LAI=0.5),DYN_OPT_rdopt_NM,2021-08-21,27.6974024339186
v3.2.0,P1  (LAI=0.5),DYN_OPT_rdopt_NM,2021-08-22,25.3865474402151
v3.2.0,P1  (LAI=0.5),DYN_OPT_rdopt_NM,2021-08-23,24.9846285851172
v3.2.0,P1  (LAI=0.5),DYN_OPT_rdopt_NM,2021-08-24,27.7759453753497
v3.2.0,P1  (LAI=0.5),DYN_OPT_rdopt_NM,2021-08-25,28.6578816043662
v3.2.0,P1  (LAI=0.5),DYN_OPT_rdopt_NM,2021-08-26,26.7257480983973
v3.2.0,P1  (LAI=0.5),DYN_OPT_rdopt_NM,2021-08-27,22.7397656122896
v3.2.0,P1  (LAI=0.5),DYN_OPT_rdopt_NM,2021-08-28,22.3745553750814
v3.2.0,P1  (LAI=0.5),DYN_OPT_rdopt_NM,2021-08-29,22.9458794672089
v3.2.0,P1  (LAI=0.5),DYN_OPT_rdopt_NM,2021-08-30,23.2903891370875
v3.2.0,P1  (LAI=0.5),DYN_OPT_rdopt_NM,2021-08-31,24.7576372956237
v3.2.0,P1  (LAI=0.5),DYN_OPT_rdopt_NM,2021-09-01,27.3050986868033
v3.2.0,P1  (LAI=0.5),DYN_OPT_rdopt_NM,2021-09-02,29.9406807747425
v3.2.0,P1  (LAI=0.5),DYN_OPT_rdopt_NM,2021-09-03,29.5785248729642
v3.2.0,P1  (LAI=0.5),DYN_OPT_rdopt_NM,2021-09-04,28.9419067436935
v3.2.0,P1  (LAI=0.5),DYN_OPT_rdopt_NM,2021-09-05,30.4959345207558
v3.2.0,P1  (LAI=0.5),DYN_OPT_rdopt_NM,2021-09-06,33.3046755464866
v3.2.0,P1  (LAI=0.5),DYN_OPT_rdopt_NM,2021-09-07,34.2400664893995
v3.2.0,P1  (LAI=0.5),DYN_OPT_rdopt_NM,2021-09-08,29.6753100664745
v3.2.0,P1  (LAI=0.5),DYN_OPT_rdopt_NM,2021-09-09,26.2444107229646
v3.2.0,P1  (LAI=0.5),DYN_OPT_rdopt_NM,2021-09-10,26.2004806062154
v3.2.0,P1  (LAI=0.5),DYN_OPT_rdopt_NM,2021-09-11,25.3740808822555
v3.2.0,P1  (LAI=0.5),DYN_OPT_rdopt_NM,2021-09-12,27.7064279684485
v3.2.0,P1  (LAI=0.5),DYN_OPT_rdopt_NM,2021-09-13,30.5682676275161
v3.2.0,P1  (LAI=0.5),DYN_OPT_rdopt_NM,2021-09-14,28.9119566027244
v3.2.0,P1  (LAI=0.5),DYN_OPT_rdopt_NM,2021-09-15,25.7187859515216
v3.2.0,P1  (LAI=0.5),DYN_OPT_rdopt_NM,2021-09-16,24.9211944405215
v3.2.0,P1  (LAI=0.5),DYN_OPT_rdopt_NM,2021-09-17,25.3724747078782
v3.2.0,P1  (LAI=0.5),DYN_OPT_rdopt_NM,2021-09-18,23.147928487802
v3.2.0,P1  (LAI=0.5),DYN_OPT_rdopt_NM,2021-09-19,18.9982924391423
v3.2.0,P1  (LAI=0.5),DYN_OPT_rdopt_NM,2021-09-20,20.2411643761169
v3.2.0,P1  (LAI=0.5),DYN_OPT_rdopt_NM,2021-09-21,21.7107486431501
v3.2.0,P1  (LAI=0.5),DYN_OPT_rdopt_NM,2021-09-22,24.3475439070587
v3.2.0,P1  (LAI=0.5),DYN_OPT_rdopt_NM,2021-09-23,26.3041635955366
v3.2.0,P1  (LAI=0.5),DYN_OPT_rdopt_NM,2021-09-24,26.1527189218524
v3.2.0,P1  (LAI=0.5),DYN_OPT_rdopt_NM,2021-09-25,24.8937823520749
v3.2.0,P1  (LAI=0.5),DYN_OPT_rdopt_NM,2021-09-26,23.016367406643
v3.2.0,P1  (LAI=0.5),DYN_OPT_rdopt_NM,2021-09-27,21.3544568627738
v3.2.0,P1  (LAI=0.5),DYN_OPT_rdopt_NM,2021-09-28,21.1666042577307
v3.2.0,P1  (LAI=0.5),DYN_OPT_rdopt_NM,2021-09-29,20.1508894697009
v3.2.0,P1  (LAI=0.5),DYN_OPT_rdopt_NM,2021-09-30,21.7716722042864
v3.2.0,P1  (LAI=0.5),DYN_ALS_S2TIMING_NM,2021-06-01,31.7383562775445
v3.2.0,P1  (LAI=0.5),DYN_ALS_S2TIMING_NM,2021-06-02,27.5666636549641
v3.2.0,P1  (LAI=0.5),DYN_ALS_S2TIMING_NM,2021-06-03,29.3920203919256
v3.2.0,P1  (LAI=0.5),DYN_ALS_S2TIMING_NM,2021-06-04,18.8748993104751
v3.2.0,P1  (LAI=0.5),DYN_ALS_S2TIMING_NM,2021-06-05,25.0258675620225
v3.2.0,P1  (LAI=0.5),DYN_ALS_S2TIMING_NM,2021-06-06,25.7576304137234
v3.2.0,P1  (LAI=0.5),DYN_ALS_S2TIMING_NM,2021-06-07,26.0479535601675
v3.2.0,P1  (LAI=0.5),DYN_ALS_S2TIMING_NM,2021-06-08,29.134298513352
v3.2.0,P1  (LAI=0.5),DYN_ALS_S2TIMING_NM,2021-06-09,30.3689405775818
v3.2.0,P1  (LAI=0.5),DYN_ALS_S2TIMING_NM,2021-06-10,31.210087692855
v3.2.0,P1  (LAI=0.5),DYN_ALS_S2TIMING_NM,2021-06-11,30.8919600821354
v3.2.0,P1  (LAI=0.5),DYN_ALS_S2TIMING_NM,2021-06-12,30.6788667364116
v3.2.0,P1  (LAI=0.5),DYN_ALS_S2TIMING_NM,2021-06-13,31.7763934712466
v3.2.0,P1  (LAI=0.5),DYN_ALS_S2TIMING_NM,2021-06-14,33.8517935574203
v3.2.0,P1  (LAI=0.5),DYN_ALS_S2TIMING_NM,2021-06-15,33.5138514334734
v3.2.0,P1  (LAI=0.5),DYN_ALS_S2TIMING_NM,2021-06-16,35.0205624299227
v3.2.0,P1  (LAI=0.5),DYN_ALS_S2TIMING_NM,2021-06-17,29.6801446159481
v3.2.0,P1  (LAI=0.5),DYN_ALS_S2TIMING_NM,2021-06-18,27.2884852082464
v3.2.0,P1  (LAI=0.5),DYN_ALS_S2TIMING_NM,2021-06-19,25.8668601910651
v3.2.0,P1  (LAI=0.5),DYN_ALS_S2TIMING_NM,2021-06-20,25.761312336614
v3.2.0,P1  (LAI=0.5),DYN_ALS_S2TIMING_NM,2021-06-21,26.7456522629677
v3.2.0,P1  (LAI=0.5),DYN_ALS_S2TIMING_NM,2021-06-22,24.7803821544085
v3.2.0,P1  (LAI=0.5),DYN_ALS_S2TIMING_NM,2021-06-23,20.6106855818447
v3.2.0,P1  (LAI=0.5),DYN_ALS_S2TIMING_NM,2021-06-24,26.0442852278084
v3.2.0,P1  (LAI=0.5),DYN_ALS_S2TIMING_NM,2021-06-25,24.8438274303137
v3.2.0,P1  (LAI=0.5),DYN_ALS_S2TIMING_NM,2021-06-26,25.8947918296785
v3.2.0,P1  (LAI=0.5),DYN_ALS_S2TIMING_NM,2021-06-27,21.4020273794802
v3.2.0,P1  (LAI=0.5),DYN_ALS_S2TIMING_NM,2021-06-28,24.5707485344755
v3.2.0,P1  (LAI=0.5),DYN_ALS_S2TIMING_NM,2021-06-29,22.7935715286556
v3.2.0,P1  (LAI=0.5),DYN_ALS_S2TIMING_NM,2021-06-30,21.6883843854541
v3.2.0,P1  (LAI=0.5),DYN_ALS_S2TIMING_NM,2021-07-01,26.9778133639077
v3.2.0,P1  (LAI=0.5),DYN_ALS_S2TIMING_NM,2021-07-02,28.3757800292509
v3.2.0,P1  (LAI=0.5),DYN_ALS_S2TIMING_NM,2021-07-03,25.9569205198366
v3.2.0,P1  (LAI=0.5),DYN_ALS_S2TIMING_NM,2021-07-04,23.0253419205598
v3.2.0,P1  (LAI=0.5),DYN_ALS_S2TIMING_NM,2021-07-05,24.3324396609253
v3.2.0,P1  (LAI=0.5),DYN_ALS_S2TIMING_NM,2021-07-06,23.9001825335627
v3.2.0,P1  (LAI=0.5),DYN_ALS_S2TIMING_NM,2021-07-07,24.8664869597162
v3.2.0,P1  (LAI=0.5),DYN_ALS_S2TIMING_NM,2021-07-08,24.395149926728
v3.2.0,P1  (LAI=0.5),DYN_ALS_S2TIMING_NM,2021-07-09,24.4539375328385
v3.2.0,P1  (LAI=0.5),DYN_ALS_S2TIMING_NM,2021-07-10,21.5842093408791
v3.2.0,P1  (LAI=0.5),DYN_ALS_S2TIMING_NM,2021-07-11,27.6096548192642
v3.2.0,P1  (LAI=0.5),DYN_ALS_S2TIMING_NM,2021-07-12,23.6345601831188
v3.2.0,P1  (LAI=0.5),DYN_ALS_S2TIMING_NM,2021-07-13,19.0508868391414
v3.2.0,P1  (LAI=0.5),DYN_ALS_S2TIMING_NM,2021-07-14,25.0025102444647
v3.2.0,P1  (LAI=0.5),DYN_ALS_S2TIMING_NM,2021-07-15,27.1618802867084
v3.2.0,P1  (LAI=0.5),DYN_ALS_S2TIMING_NM,2021-07-16,23.229068589916
v3.2.0,P1  (LAI=0.5),DYN_ALS_S2TIMING_NM,2021-07-17,26.3079174787055
v3.2.0,P1  (LAI=0.5),DYN_ALS_S2TIMING_NM,2021-07-18,32.3857737218324
v3.2.0,P1  (LAI=0.5),DYN_ALS_S2TIMING_NM,2021-07-19,33.7115281648287
v3.2.0,P1  (LAI=0.5),DYN_ALS_S2TIMING_NM,2021-07-20,33.3010228006651
v3.2.0,P1  (LAI=0.5),DYN_ALS_S2TIMING_NM,2021-07-21,33.6253503700234
v3.2.0,P1  (LAI=0.5),DYN_ALS_S2TIMING_NM,2021-07-22,33.7198738361302
v3.2.0,P1  (LAI=0.5),DYN_ALS_S2TIMING_NM,2021-07-23,33.8848548915053
v3.2.0,P1  (LAI=0.5),DYN_ALS_S2TIMING_NM,2021-07-24,28.2424313169931
v3.2.0,P1  (LAI=0.5),DYN_ALS_S2TIMING_NM,2021-07-25,26.9611511905698
v3.2.0,P1  (LAI=0.5),DYN_ALS_S2TIMING_NM,2021-07-26,27.5779607412295
v3.2.0,P1  (LAI=0.5),DYN_ALS_S2TIMING_NM,2021-07-27,22.1892954931708
v3.2.0,P1  (LAI=0.5),DYN_ALS_S2TIMING_NM,2021-07-28,24.8012618350723
v3.2.0,P1  (LAI=0.5),DYN_ALS_S2TIMING_NM,2021-07-29,27.6665300073442
v3.2.0,P1  (LAI=0.5),DYN_ALS_S2TIMING_NM,2021-07-30,27.056669661335
v3.2.0,P1  (LAI=0.5),DYN_ALS_S2TIMING_NM,2021-07-31,25.6786352575706
v3.2.0,P1  (LAI=0.5),DYN_ALS_S2TIMING_NM,2021-08-01,25.7017425513421
v3.2.0,P1  (LAI=0.5),DYN_ALS_S2TIMING_NM,2021-08-02,25.2974618265678
v3.2.0,P1  (LAI=0.5),DYN_ALS_S2TIMING_NM,2021-08-03,20.9197497444982
v3.2.0,P1  (LAI=0.5),DYN_ALS_S2TIMING_NM,2021-08-04,22.7720991918793
v3.2.0,P1  (LAI=0.5),DYN_ALS_S2TIMING_NM,2021-08-05,23.8058182846029
v3.2.0,P1  (LAI=0.5),DYN_ALS_S2TIMING_NM,2021-08-06,24.174879951835
v3.2.0,P1  (LAI=0.5),DYN_ALS_S2TIMING_NM,2021-08-07,23.8215893357822
v3.2.0,P1  (LAI=0.5),DYN_ALS_S2TIMING_NM,2021-08-08,24.6540419099395
v3.2.0,P1  (LAI=0.5),DYN_ALS_S2TIMING_NM,2021-08-09,24.9043134040381
v3.2.0,P1  (LAI=0.5),DYN_ALS_S2TIMING_NM,2021-08-10,30.1257358746846
v3.2.0,P1  (LAI=0.5),DYN_ALS_S2TIMING_NM,2021-08-11,32.340362397484
v3.2.0,P1  (LAI=0.5),DYN_ALS_S2TIMING_NM,2021-08-12,33.2129457722112
v3.2.0,P1  (LAI=0.5),DYN_ALS_S2TIMING_NM,2021-08-13,33.3907284638849
v3.2.0,P1  (LAI=0.5),DYN_ALS_S2TIMING_NM,2021-08-14,35.298668566175
v3.2.0,P1  (LAI=0.5),DYN_ALS_S2TIMING_NM,2021-08-15,32.291982201582
v3.2.0,P1  (LAI=0.5),DYN_ALS_S2TIMING_NM,2021-08-16,25.0931212402705
v3.2.0,P1  (LAI=0.5),DYN_ALS_S2TIMING_NM,2021-08-17,21.7456705254022
v3.2.0,P1  (LAI=0.5),DYN_ALS_S2TIMING_NM,2021-08-18,22.7223796630684
v3.2.0,P1  (LAI=0.5),DYN_ALS_S2TIMING_NM,2021-08-19,21.6711339352764
v3.2.0,P1  (LAI=0.5),DYN_ALS_S2TIMING_NM,2021-08-20,26.4787880767167
v3.2.0,P1  (LAI=0.5),DYN_ALS_S2TIMING_NM,2021-08-21,28.3978670741706
v3.2.0,P1  (LAI=0.5),DYN_ALS_S2TIMING_NM,2021-08-22,25.9771780562743
v3.2.0,P1  (LAI=0.5),DYN_ALS_S2TIMING_NM,2021-08-23,25.5317388684423
v3.2.0,P1  (LAI=0.5),DYN_ALS_S2TIMING_NM,2021-08-24,28.233771515067
v3.2.0,P1  (LAI=0.5),DYN_ALS_S2TIMING_NM,2021-08-25,29.043475685054
v3.2.0,P1  (LAI=0.5),DYN_ALS_S2TIMING_NM,2021-08-26,27.2019690034625
v3.2.0,P1  (LAI=0.5),DYN_ALS_S2TIMING_NM,2021-08-27,23.1133090004548
v3.2.0,P1  (LAI=0.5),DYN_ALS_S2TIMING_NM,2021-08-28,22.6830523398072
v3.2.0,P1  (LAI=0.5),DYN_ALS_S2TIMING_NM,2021-08-29,23.4634029418373
v3.2.0,P1  (LAI=0.5),DYN_ALS_S2TIMING_NM,2021-08-30,23.712508825547
v3.2.0,P1  (LAI=0.5),DYN_ALS_S2TIMING_NM,2021-08-31,25.1642071396823
v3.2.0,P1  (LAI=0.5),DYN_ALS_S2TIMING_NM,2021-09-01,27.7134666677626
v3.2.0,P1  (LAI=0.5),DYN_ALS_S2TIMING_NM,2021-09-02,30.2847088876105
v3.2.0,P1  (LAI=0.5),DYN_ALS_S2TIMING_NM,2021-09-03,29.9072649422728
v3.2.0,P1  (LAI=0.5),DYN_ALS_S2TIMING_NM,2021-09-04,29.9816965681205
v3.2.0,P1  (LAI=0.5),DYN_ALS_S2TIMING_NM,2021-09-05,30.5591588699557
v3.2.0,P1  (LAI=0.5),DYN_ALS_S2TIMING_NM,2021-09-06,33.6588501662525
v3.2.0,P1  (LAI=0.5),DYN_ALS_S2TIMING_NM,2021-09-07,34.433073074021
v3.2.0,P1  (LAI=0.5),DYN_ALS_S2TIMING_NM,2021-09-08,30.3139824738235
v3.2.0,P1  (LAI=0.5),DYN_ALS_S2TIMING_NM,2021-09-09,26.7929035325898
v3.2.0,P1  (LAI=0.5),DYN_ALS_S2TIMING_NM,2021-09-10,26.7859553157003
v3.2.0,P1  (LAI=0.5),DYN_ALS_S2TIMING_NM,2021-09-11,25.7712923641649
v3.2.0,P1  (LAI=0.5),DYN_ALS_S2TIMING_NM,2021-09-12,27.85031718377
v3.2.0,P1  (LAI=0.5),DYN_ALS_S2TIMING_NM,2021-09-13,30.6608043921652
v3.2.0,P1  (LAI=0.5),DYN_ALS_S2TIMING_NM,2021-09-14,29.5607137152363
v3.2.0,P1  (LAI=0.5),DYN_ALS_S2TIMING_NM,2021-09-15,26.2076946960692
v3.2.0,P1  (LAI=0.5),DYN_ALS_S2TIMING_NM,2021-09-16,25.4185881496562
v3.2.0,P1  (LAI=0.5),DYN_ALS_S2TIMING_NM,2021-09-17,25.6859750529844
v3.2.0,P1  (LAI=0.5),DYN_ALS_S2TIMING_NM,2021-09-18,23.5478235100931
v3.2.0,P1  (LAI=0.5),DYN_ALS_S2TIMING_NM,2021-09-19,19.4250728046987
v3.2.0,P1  (LAI=0.5),DYN_ALS_S2TIMING_NM,2021-09-20,20.5172238923988
v3.2.0,P1  (LAI=0.5),DYN_ALS_S2TIMING_NM,2021-09-21,22.0787618874623
v3.2.0,P1  (LAI=0.5),DYN_ALS_S2TIMING_NM,2021-09-22,24.6938167507827
v3.2.0,P1  (LAI=0.5),DYN_ALS_S2TIMING_NM,2021-09-23,26.4572696648486
v3.2.0,P1  (LAI=0.5),DYN_ALS_S2TIMING_NM,2021-09-24,26.6150075710823
v3.2.0,P1  (LAI=0.5),DYN_ALS_S2TIMING_NM,2021-09-25,25.3000184475707
v3.2.0,P1  (LAI=0.5),DYN_ALS_S2TIMING_NM,2021-09-26,23.3595927758631
v3.2.0,P1  (LAI=0.5),DYN_ALS_S2TIMING_NM,2021-09-27,21.6926905486806
v3.2.0,P1  (LAI=0.5),DYN_ALS_S2TIMING_NM,2021-09-28,21.4023115609676
v3.2.0,P1  (LAI=0.5),DYN_ALS_S2TIMING_NM,2021-09-29,20.5183965281975
v3.2.0,P1  (LAI=0.5),DYN_ALS_S2TIMING_NM,2021-09-30,21.9640871420215
v3.2.0,P1  (LAI=0.5),DYN_ALSoOPT_S2TIMING_NM,2021-06-01,31.6973870656346
v3.2.0,P1  (LAI=0.5),DYN_ALSoOPT_S2TIMING_NM,2021-06-02,27.5026175922392
v3.2.0,P1  (LAI=0.5),DYN_ALSoOPT_S2TIMING_NM,2021-06-03,29.3510539634526
v3.2.0,P1  (LAI=0.5),DYN_ALSoOPT_S2TIMING_NM,2021-06-04,18.8447818720025
v3.2.0,P1  (LAI=0.5),DYN_ALSoOPT_S2TIMING_NM,2021-06-05,24.9880875823682
v3.2.0,P1  (LAI=0.5),DYN_ALSoOPT_S2TIMING_NM,2021-06-06,25.7132449129044
v3.2.0,P1  (LAI=0.5),DYN_ALSoOPT_S2TIMING_NM,2021-06-07,25.9961700535509
v3.2.0,P1  (LAI=0.5),DYN_ALSoOPT_S2TIMING_NM,2021-06-08,29.1006219530335
v3.2.0,P1  (LAI=0.5),DYN_ALSoOPT_S2TIMING_NM,2021-06-09,30.3612686699181
v3.2.0,P1  (LAI=0.5),DYN_ALSoOPT_S2TIMING_NM,2021-06-10,31.1884869893871
v3.2.0,P1  (LAI=0.5),DYN_ALSoOPT_S2TIMING_NM,2021-06-11,30.8470519777589
v3.2.0,P1  (LAI=0.5),DYN_ALSoOPT_S2TIMING_NM,2021-06-12,30.6294944065895
v3.2.0,P1  (LAI=0.5),DYN_ALSoOPT_S2TIMING_NM,2021-06-13,31.7383601131223
v3.2.0,P1  (LAI=0.5),DYN_ALSoOPT_S2TIMING_NM,2021-06-14,33.8332723716336
v3.2.0,P1  (LAI=0.5),DYN_ALSoOPT_S2TIMING_NM,2021-06-15,33.4837795411628
v3.2.0,P1  (LAI=0.5),DYN_ALSoOPT_S2TIMING_NM,2021-06-16,34.9791809284416
v3.2.0,P1  (LAI=0.5),DYN_ALSoOPT_S2TIMING_NM,2021-06-17,29.638479928422
v3.2.0,P1  (LAI=0.5),DYN_ALSoOPT_S2TIMING_NM,2021-06-18,27.2285689638559
v3.2.0,P1  (LAI=0.5),DYN_ALSoOPT_S2TIMING_NM,2021-06-19,25.8052866849891
v3.2.0,P1  (LAI=0.5),DYN_ALSoOPT_S2TIMING_NM,2021-06-20,25.6931159887341
v3.2.0,P1  (LAI=0.5),DYN_ALSoOPT_S2TIMING_NM,2021-06-21,26.7195146994967
v3.2.0,P1  (LAI=0.5),DYN_ALSoOPT_S2TIMING_NM,2021-06-22,24.7362437062885
v3.2.0,P1  (LAI=0.5),DYN_ALSoOPT_S2TIMING_NM,2021-06-23,20.5549839917197
v3.2.0,P1  (LAI=0.5),DYN_ALSoOPT_S2TIMING_NM,2021-06-24,26.0159511318825
v3.2.0,P1  (LAI=0.5),DYN_ALSoOPT_S2TIMING_NM,2021-06-25,24.2443807274936
v3.2.0,P1  (LAI=0.5),DYN_ALSoOPT_S2TIMING_NM,2021-06-26,25.8553747130212
v3.2.0,P1  (LAI=0.5),DYN_ALSoOPT_S2TIMING_NM,2021-06-27,21.3363227688214
v3.2.0,P1  (LAI=0.5),DYN_ALSoOPT_S2TIMING_NM,2021-06-28,24.5492971904139
v3.2.0,P1  (LAI=0.5),DYN_ALSoOPT_S2TIMING_NM,2021-06-29,22.7422166315633
v3.2.0,P1  (LAI=0.5),DYN_ALSoOPT_S2TIMING_NM,2021-06-30,21.6518993975957
v3.2.0,P1  (LAI=0.5),DYN_ALSoOPT_S2TIMING_NM,2021-07-01,27.0113602084855
v3.2.0,P1  (LAI=0.5),DYN_ALSoOPT_S2TIMING_NM,2021-07-02,28.3107589783967
v3.2.0,P1  (LAI=0.5),DYN_ALSoOPT_S2TIMING_NM,2021-07-03,25.8901642708215
v3.2.0,P1  (LAI=0.5),DYN_ALSoOPT_S2TIMING_NM,2021-07-04,22.9555718581168
v3.2.0,P1  (LAI=0.5),DYN_ALSoOPT_S2TIMING_NM,2021-07-05,24.2734241185535
v3.2.0,P1  (LAI=0.5),DYN_ALSoOPT_S2TIMING_NM,2021-07-06,23.8545627390871
v3.2.0,P1  (LAI=0.5),DYN_ALSoOPT_S2TIMING_NM,2021-07-07,24.8135125060949
v3.2.0,P1  (LAI=0.5),DYN_ALSoOPT_S2TIMING_NM,2021-07-08,24.2288744868959
v3.2.0,P1  (LAI=0.5),DYN_ALSoOPT_S2TIMING_NM,2021-07-09,24.3897011487786
v3.2.0,P1  (LAI=0.5),DYN_ALSoOPT_S2TIMING_NM,2021-07-10,21.529978104802
v3.2.0,P1  (LAI=0.5),DYN_ALSoOPT_S2TIMING_NM,2021-07-11,27.5635612524533
v3.2.0,P1  (LAI=0.5),DYN_ALSoOPT_S2TIMING_NM,2021-07-12,23.5338601989643
v3.2.0,P1  (LAI=0.5),DYN_ALSoOPT_S2TIMING_NM,2021-07-13,18.9887713637229
v3.2.0,P1  (LAI=0.5),DYN_ALSoOPT_S2TIMING_NM,2021-07-14,24.9220718870395
v3.2.0,P1  (LAI=0.5),DYN_ALSoOPT_S2TIMING_NM,2021-07-15,27.1004610972584
v3.2.0,P1  (LAI=0.5),DYN_ALSoOPT_S2TIMING_NM,2021-07-16,23.1771826154396
v3.2.0,P1  (LAI=0.5),DYN_ALSoOPT_S2TIMING_NM,2021-07-17,26.2495450615604
v3.2.0,P1  (LAI=0.5),DYN_ALSoOPT_S2TIMING_NM,2021-07-18,32.3469015123189
v3.2.0,P1  (LAI=0.5),DYN_ALSoOPT_S2TIMING_NM,2021-07-19,33.6759581512359
v3.2.0,P1  (LAI=0.5),DYN_ALSoOPT_S2TIMING_NM,2021-07-20,33.2652617300068
v3.2.0,P1  (LAI=0.5),DYN_ALSoOPT_S2TIMING_NM,2021-07-21,33.596064248103
v3.2.0,P1  (LAI=0.5),DYN_ALSoOPT_S2TIMING_NM,2021-07-22,33.6917032715082
v3.2.0,P1  (LAI=0.5),DYN_ALSoOPT_S2TIMING_NM,2021-07-23,33.8553093585872
v3.2.0,P1  (LAI=0.5),DYN_ALSoOPT_S2TIMING_NM,2021-07-24,28.1851958963651
v3.2.0,P1  (LAI=0.5),DYN_ALSoOPT_S2TIMING_NM,2021-07-25,26.89176331944
v3.2.0,P1  (LAI=0.5),DYN_ALSoOPT_S2TIMING_NM,2021-07-26,27.5141738553948
v3.2.0,P1  (LAI=0.5),DYN_ALSoOPT_S2TIMING_NM,2021-07-27,22.1373789239341
v3.2.0,P1  (LAI=0.5),DYN_ALSoOPT_S2TIMING_NM,2021-07-28,24.7514824404147
v3.2.0,P1  (LAI=0.5),DYN_ALSoOPT_S2TIMING_NM,2021-07-29,27.6237075169033
v3.2.0,P1  (LAI=0.5),DYN_ALSoOPT_S2TIMING_NM,2021-07-30,27.0015238420245
v3.2.0,P1  (LAI=0.5),DYN_ALSoOPT_S2TIMING_NM,2021-07-31,25.6363429544186
v3.2.0,P1  (LAI=0.5),DYN_ALSoOPT_S2TIMING_NM,2021-08-01,25.6521754137404
v3.2.0,P1  (LAI=0.5),DYN_ALSoOPT_S2TIMING_NM,2021-08-02,25.240321974344
v3.2.0,P1  (LAI=0.5),DYN_ALSoOPT_S2TIMING_NM,2021-08-03,20.8843264431935
v3.2.0,P1  (LAI=0.5),DYN_ALSoOPT_S2TIMING_NM,2021-08-04,22.208102741107
v3.2.0,P1  (LAI=0.5),DYN_ALSoOPT_S2TIMING_NM,2021-08-05,23.7548911609551
v3.2.0,P1  (LAI=0.5),DYN_ALSoOPT_S2TIMING_NM,2021-08-06,24.1243222933364
v3.2.0,P1  (LAI=0.5),DYN_ALSoOPT_S2TIMING_NM,2021-08-07,23.7726477969486
v3.2.0,P1  (LAI=0.5),DYN_ALSoOPT_S2TIMING_NM,2021-08-08,24.5897825663054
v3.2.0,P1  (LAI=0.5),DYN_ALSoOPT_S2TIMING_NM,2021-08-09,24.8574643528684
v3.2.0,P1  (LAI=0.5),DYN_ALSoOPT_S2TIMING_NM,2021-08-10,30.0815531872572
v3.2.0,P1  (LAI=0.5),DYN_ALSoOPT_S2TIMING_NM,2021-08-11,32.2733615345086
v3.2.0,P1  (LAI=0.5),DYN_ALSoOPT_S2TIMING_NM,2021-08-12,33.1720137972433
v3.2.0,P1  (LAI=0.5),DYN_ALSoOPT_S2TIMING_NM,2021-08-13,33.3393118241937
v3.2.0,P1  (LAI=0.5),DYN_ALSoOPT_S2TIMING_NM,2021-08-14,35.2770899836409
v3.2.0,P1  (LAI=0.5),DYN_ALSoOPT_S2TIMING_NM,2021-08-15,32.206539668787
v3.2.0,P1  (LAI=0.5),DYN_ALSoOPT_S2TIMING_NM,2021-08-16,25.0347177035749
v3.2.0,P1  (LAI=0.5),DYN_ALSoOPT_S2TIMING_NM,2021-08-17,24.7487892723669
v3.2.0,P1  (LAI=0.5),DYN_ALSoOPT_S2TIMING_NM,2021-08-18,22.7069012133105
v3.2.0,P1  (LAI=0.5),DYN_ALSoOPT_S2TIMING_NM,2021-08-19,21.6501368948556
v3.2.0,P1  (LAI=0.5),DYN_ALSoOPT_S2TIMING_NM,2021-08-20,26.4469181451714
v3.2.0,P1  (LAI=0.5),DYN_ALSoOPT_S2TIMING_NM,2021-08-21,28.335230672475
v3.2.0,P1  (LAI=0.5),DYN_ALSoOPT_S2TIMING_NM,2021-08-22,25.9156028420695
v3.2.0,P1  (LAI=0.5),DYN_ALSoOPT_S2TIMING_NM,2021-08-23,25.4830689959952
v3.2.0,P1  (LAI=0.5),DYN_ALSoOPT_S2TIMING_NM,2021-08-24,28.1893692749749
v3.2.0,P1  (LAI=0.5),DYN_ALSoOPT_S2TIMING_NM,2021-08-25,28.9928403010204
v3.2.0,P1  (LAI=0.5),DYN_ALSoOPT_S2TIMING_NM,2021-08-26,27.1540101393992
v3.2.0,P1  (LAI=0.5),DYN_ALSoOPT_S2TIMING_NM,2021-08-27,23.0752756731789
v3.2.0,P1  (LAI=0.5),DYN_ALSoOPT_S2TIMING_NM,2021-08-28,22.6524551993812
v3.2.0,P1  (LAI=0.5),DYN_ALSoOPT_S2TIMING_NM,2021-08-29,23.4248999890933
v3.2.0,P1  (LAI=0.5),DYN_ALSoOPT_S2TIMING_NM,2021-08-30,23.6747726967282
v3.2.0,P1  (LAI=0.5),DYN_ALSoOPT_S2TIMING_NM,2021-08-31,25.1273308821513
v3.2.0,P1  (LAI=0.5),DYN_ALSoOPT_S2TIMING_NM,2021-09-01,27.6634380672298
v3.2.0,P1  (LAI=0.5),DYN_ALSoOPT_S2TIMING_NM,2021-09-02,30.2468092532151
v3.2.0,P1  (LAI=0.5),DYN_ALSoOPT_S2TIMING_NM,2021-09-03,29.8894196347705
v3.2.0,P1  (LAI=0.5),DYN_ALSoOPT_S2TIMING_NM,2021-09-04,29.3517684087005
v3.2.0,P1  (LAI=0.5),DYN_ALSoOPT_S2TIMING_NM,2021-09-05,30.5214720997099
v3.2.0,P1  (LAI=0.5),DYN_ALSoOPT_S2TIMING_NM,2021-09-06,33.6173846983289
v3.2.0,P1  (LAI=0.5),DYN_ALSoOPT_S2TIMING_NM,2021-09-07,34.4047338124956
v3.2.0,P1  (LAI=0.5),DYN_ALSoOPT_S2TIMING_NM,2021-09-08,30.2671944320826
v3.2.0,P1  (LAI=0.5),DYN_ALSoOPT_S2TIMING_NM,2021-09-09,26.7429367286711
v3.2.0,P1  (LAI=0.5),DYN_ALSoOPT_S2TIMING_NM,2021-09-10,26.7365154191316
v3.2.0,P1  (LAI=0.5),DYN_ALSoOPT_S2TIMING_NM,2021-09-11,25.7438874452506
v3.2.0,P1  (LAI=0.5),DYN_ALSoOPT_S2TIMING_NM,2021-09-12,27.8384523774698
v3.2.0,P1  (LAI=0.5),DYN_ALSoOPT_S2TIMING_NM,2021-09-13,30.6490829899259
v3.2.0,P1  (LAI=0.5),DYN_ALSoOPT_S2TIMING_NM,2021-09-14,29.5086213618671
v3.2.0,P1  (LAI=0.5),DYN_ALSoOPT_S2TIMING_NM,2021-09-15,26.1686813154139
v3.2.0,P1  (LAI=0.5),DYN_ALSoOPT_S2TIMING_NM,2021-09-16,25.3770923750949
v3.2.0,P1  (LAI=0.5),DYN_ALSoOPT_S2TIMING_NM,2021-09-17,25.66227113194
v3.2.0,P1  (LAI=0.5),DYN_ALSoOPT_S2TIMING_NM,2021-09-18,23.5118264896346
v3.2.0,P1  (LAI=0.5),DYN_ALSoOPT_S2TIMING_NM,2021-09-19,19.3896758766653
v3.2.0,P1  (LAI=0.5),DYN_ALSoOPT_S2TIMING_NM,2021-09-20,20.4938007701157
v3.2.0,P1  (LAI=0.5),DYN_ALSoOPT_S2TIMING_NM,2021-09-21,22.0444631703608
v3.2.0,P1  (LAI=0.5),DYN_ALSoOPT_S2TIMING_NM,2021-09-22,24.6920280986366
v3.2.0,P1  (LAI=0.5),DYN_ALSoOPT_S2TIMING_NM,2021-09-23,26.4465273178631
v3.2.0,P1  (LAI=0.5),DYN_ALSoOPT_S2TIMING_NM,2021-09-24,26.5898415614369
v3.2.0,P1  (LAI=0.5),DYN_ALSoOPT_S2TIMING_NM,2021-09-25,25.2449948837855
v3.2.0,P1  (LAI=0.5),DYN_ALSoOPT_S2TIMING_NM,2021-09-26,23.3106978404534
v3.2.0,P1  (LAI=0.5),DYN_ALSoOPT_S2TIMING_NM,2021-09-27,21.6464334814141
v3.2.0,P1  (LAI=0.5),DYN_ALSoOPT_S2TIMING_NM,2021-09-28,21.3746700851598
v3.2.0,P1  (LAI=0.5),DYN_ALSoOPT_S2TIMING_NM,2021-09-29,20.4841715209612
v3.2.0,P1  (LAI=0.5),DYN_ALSoOPT_S2TIMING_NM,2021-09-30,21.9477289304006
v3.2.0,P2  (LAI=3.4),STATIC_ALS,2021-06-01,28.6935223519766
v3.2.0,P2  (LAI=3.4),STATIC_ALS,2021-06-02,24.0881061063798
v3.2.0,P2  (LAI=3.4),STATIC_ALS,2021-06-03,26.6537195859601
v3.2.0,P2  (LAI=3.4),STATIC_ALS,2021-06-04,17.2178272481468
v3.2.0,P2  (LAI=3.4),STATIC_ALS,2021-06-05,21.8816715626789
v3.2.0,P2  (LAI=3.4),STATIC_ALS,2021-06-06,22.5155875619954
v3.2.0,P2  (LAI=3.4),STATIC_ALS,2021-06-07,23.5214867027534
v3.2.0,P2  (LAI=3.4),STATIC_ALS,2021-06-08,26.0965747770516
v3.2.0,P2  (LAI=3.4),STATIC_ALS,2021-06-09,27.7851298313348
v3.2.0,P2  (LAI=3.4),STATIC_ALS,2021-06-10,28.3565057145875
v3.2.0,P2  (LAI=3.4),STATIC_ALS,2021-06-11,27.800909661213
v3.2.0,P2  (LAI=3.4),STATIC_ALS,2021-06-12,27.6783179912221
v3.2.0,P2  (LAI=3.4),STATIC_ALS,2021-06-13,28.435879561596
v3.2.0,P2  (LAI=3.4),STATIC_ALS,2021-06-14,30.68060358253
v3.2.0,P2  (LAI=3.4),STATIC_ALS,2021-06-15,30.2305708739731
v3.2.0,P2  (LAI=3.4),STATIC_ALS,2021-06-16,31.929948986865
v3.2.0,P2  (LAI=3.4),STATIC_ALS,2021-06-17,26.8150088635678
v3.2.0,P2  (LAI=3.4),STATIC_ALS,2021-06-18,24.5973897697103
v3.2.0,P2  (LAI=3.4),STATIC_ALS,2021-06-19,22.8688658535945
v3.2.0,P2  (LAI=3.4),STATIC_ALS,2021-06-20,22.867453381133
v3.2.0,P2  (LAI=3.4),STATIC_ALS,2021-06-21,23.9407118117435
v3.2.0,P2  (LAI=3.4),STATIC_ALS,2021-06-22,21.2700966360916
v3.2.0,P2  (LAI=3.4),STATIC_ALS,2021-06-23,18.4467779115284
v3.2.0,P2  (LAI=3.4),STATIC_ALS,2021-06-24,22.6235647058612
v3.2.0,P2  (LAI=3.4),STATIC_ALS,2021-06-25,22.2561470453977
v3.2.0,P2  (LAI=3.4),STATIC_ALS,2021-06-26,24.2201685415019
v3.2.0,P2  (LAI=3.4),STATIC_ALS,2021-06-27,19.048223978408
v3.2.0,P2  (LAI=3.4),STATIC_ALS,2021-06-28,21.9424749848664
v3.2.0,P2  (LAI=3.4),STATIC_ALS,2021-06-29,19.6763043467091
v3.2.0,P2  (LAI=3.4),STATIC_ALS,2021-06-30,20.0499280640561
v3.2.0,P2  (LAI=3.4),STATIC_ALS,2021-07-01,25.274255020788
v3.2.0,P2  (LAI=3.4),STATIC_ALS,2021-07-02,25.961796627782
v3.2.0,P2  (LAI=3.4),STATIC_ALS,2021-07-03,23.0142491183802
v3.2.0,P2  (LAI=3.4),STATIC_ALS,2021-07-04,20.8550835609717
v3.2.0,P2  (LAI=3.4),STATIC_ALS,2021-07-05,22.8975198682879
v3.2.0,P2  (LAI=3.4),STATIC_ALS,2021-07-06,21.9470129244961
v3.2.0,P2  (LAI=3.4),STATIC_ALS,2021-07-07,22.0765090245329
v3.2.0,P2  (LAI=3.4),STATIC_ALS,2021-07-08,21.356520161354
v3.2.0,P2  (LAI=3.4),STATIC_ALS,2021-07-09,22.2112317253923
v3.2.0,P2  (LAI=3.4),STATIC_ALS,2021-07-10,19.3379869114053
v3.2.0,P2  (LAI=3.4),STATIC_ALS,2021-07-11,24.9042193545623
v3.2.0,P2  (LAI=3.4),STATIC_ALS,2021-07-12,21.0278789870422
v3.2.0,P2  (LAI=3.4),STATIC_ALS,2021-07-13,17.6061068771988
v3.2.0,P2  (LAI=3.4),STATIC_ALS,2021-07-14,22.5410407438971
v3.2.0,P2  (LAI=3.4),STATIC_ALS,2021-07-15,24.9839848800219
v3.2.0,P2  (LAI=3.4),STATIC_ALS,2021-07-16,21.4881286974292
v3.2.0,P2  (LAI=3.4),STATIC_ALS,2021-07-17,23.5698964262725
v3.2.0,P2  (LAI=3.4),STATIC_ALS,2021-07-18,29.7226461039298
v3.2.0,P2  (LAI=3.4),STATIC_ALS,2021-07-19,30.9953453963405
v3.2.0,P2  (LAI=3.4),STATIC_ALS,2021-07-20,30.3702529902492
v3.2.0,P2  (LAI=3.4),STATIC_ALS,2021-07-21,30.6811641032438
v3.2.0,P2  (LAI=3.4),STATIC_ALS,2021-07-22,30.6137993835365
v3.2.0,P2  (LAI=3.4),STATIC_ALS,2021-07-23,31.8160680865589
v3.2.0,P2  (LAI=3.4),STATIC_ALS,2021-07-24,25.2868306380778
v3.2.0,P2  (LAI=3.4),STATIC_ALS,2021-07-25,24.4297057458196
v3.2.0,P2  (LAI=3.4),STATIC_ALS,2021-07-26,24.7204951057962
v3.2.0,P2  (LAI=3.4),STATIC_ALS,2021-07-27,24.4303545047843
v3.2.0,P2  (LAI=3.4),STATIC_ALS,2021-07-28,22.995204545216
v3.2.0,P2  (LAI=3.4),STATIC_ALS,2021-07-29,24.7035003935455
v3.2.0,P2  (LAI=3.4),STATIC_ALS,2021-07-30,24.0370515853998
v3.2.0,P2  (LAI=3.4),STATIC_ALS,2021-07-31,22.6217920435906
v3.2.0,P2  (LAI=3.4),STATIC_ALS,2021-08-01,22.4812479777373
v3.2.0,P2  (LAI=3.4),STATIC_ALS,2021-08-02,22.4545766513734
v3.2.0,P2  (LAI=3.4),STATIC_ALS,2021-08-03,18.7664417346924
v3.2.0,P2  (LAI=3.4),STATIC_ALS,2021-08-04,19.6101381401105
v3.2.0,P2  (LAI=3.4),STATIC_ALS,2021-08-05,21.50862266429
v3.2.0,P2  (LAI=3.4),STATIC_ALS,2021-08-06,22.2320249814284
v3.2.0,P2  (LAI=3.4),STATIC_ALS,2021-08-07,21.6457478912212
v3.2.0,P2  (LAI=3.4),STATIC_ALS,2021-08-08,22.2334000954571
v3.2.0,P2  (LAI=3.4),STATIC_ALS,2021-08-09,22.8345108024677
v3.2.0,P2  (LAI=3.4),STATIC_ALS,2021-08-10,27.109508277717
v3.2.0,P2  (LAI=3.4),STATIC_ALS,2021-08-11,29.3779502747913
v3.2.0,P2  (LAI=3.4),STATIC_ALS,2021-08-12,30.2687120118769
v3.2.0,P2  (LAI=3.4),STATIC_ALS,2021-08-13,30.4462679965745
v3.2.0,P2  (LAI=3.4),STATIC_ALS,2021-08-14,32.7018743008525
v3.2.0,P2  (LAI=3.4),STATIC_ALS,2021-08-15,29.2469922413807
v3.2.0,P2  (LAI=3.4),STATIC_ALS,2021-08-16,22.8179895869869
v3.2.0,P2  (LAI=3.4),STATIC_ALS,2021-08-17,19.6578902244736
v3.2.0,P2  (LAI=3.4),STATIC_ALS,2021-08-18,20.7068894995774
v3.2.0,P2  (LAI=3.4),STATIC_ALS,2021-08-19,20.1311766591731
v3.2.0,P2  (LAI=3.4),STATIC_ALS,2021-08-20,24.4309989742684
v3.2.0,P2  (LAI=3.4),STATIC_ALS,2021-08-21,25.2758412678696
v3.2.0,P2  (LAI=3.4),STATIC_ALS,2021-08-22,23.072771315528
v3.2.0,P2  (LAI=3.4),STATIC_ALS,2021-08-23,23.1920647302022
v3.2.0,P2  (LAI=3.4),STATIC_ALS,2021-08-24,25.7129284699502
v3.2.0,P2  (LAI=3.4),STATIC_ALS,2021-08-25,26.3974710911718
v3.2.0,P2  (LAI=3.4),STATIC_ALS,2021-08-26,24.1699554882042
v3.2.0,P2  (LAI=3.4),STATIC_ALS,2021-08-27,21.9735920647752
v3.2.0,P2  (LAI=3.4),STATIC_ALS,2021-08-28,21.7193203394875
v3.2.0,P2  (LAI=3.4),STATIC_ALS,2021-08-29,21.2222443575725
v3.2.0,P2  (LAI=3.4),STATIC_ALS,2021-08-30,22.2503201118806
v3.2.0,P2  (LAI=3.4),STATIC_ALS,2021-08-31,23.6255375813294
v3.2.0,P2  (LAI=3.4),STATIC_ALS,2021-09-01,25.5045597137682
v3.2.0,P2  (LAI=3.4),STATIC_ALS,2021-09-02,27.9055935003424
v3.2.0,P2  (LAI=3.4),STATIC_ALS,2021-09-03,27.6339405983472
v3.2.0,P2  (LAI=3.4),STATIC_ALS,2021-09-04,26.7714812000837
v3.2.0,P2  (LAI=3.4),STATIC_ALS,2021-09-05,28.5832415057872
v3.2.0,P2  (LAI=3.4),STATIC_ALS,2021-09-06,31.3390502652505
v3.2.0,P2  (LAI=3.4),STATIC_ALS,2021-09-07,32.4536781855358
v3.2.0,P2  (LAI=3.4),STATIC_ALS,2021-09-08,27.9128409984687
v3.2.0,P2  (LAI=3.4),STATIC_ALS,2021-09-09,24.3913377417649
v3.2.0,P2  (LAI=3.4),STATIC_ALS,2021-09-10,24.2573764936514
v3.2.0,P2  (LAI=3.4),STATIC_ALS,2021-09-11,23.4707036619632
v3.2.0,P2  (LAI=3.4),STATIC_ALS,2021-09-12,25.5546953107925
v3.2.0,P2  (LAI=3.4),STATIC_ALS,2021-09-13,28.4148995526574
v3.2.0,P2  (LAI=3.4),STATIC_ALS,2021-09-14,27.0537904552976
v3.2.0,P2  (LAI=3.4),STATIC_ALS,2021-09-15,23.8965122024899
v3.2.0,P2  (LAI=3.4),STATIC_ALS,2021-09-16,22.9770780062048
v3.2.0,P2  (LAI=3.4),STATIC_ALS,2021-09-17,23.3811999533679
v3.2.0,P2  (LAI=3.4),STATIC_ALS,2021-09-18,21.3893684142465
v3.2.0,P2  (LAI=3.4),STATIC_ALS,2021-09-19,17.8943306713705
v3.2.0,P2  (LAI=3.4),STATIC_ALS,2021-09-20,18.8376708998453
v3.2.0,P2  (LAI=3.4),STATIC_ALS,2021-09-21,19.436458439924
v3.2.0,P2  (LAI=3.4),STATIC_ALS,2021-09-22,22.06371685982
v3.2.0,P2  (LAI=3.4),STATIC_ALS,2021-09-23,24.1964749132891
v3.2.0,P2  (LAI=3.4),STATIC_ALS,2021-09-24,24.5071267830955
v3.2.0,P2  (LAI=3.4),STATIC_ALS,2021-09-25,22.9646862160336
v3.2.0,P2  (LAI=3.4),STATIC_ALS,2021-09-26,21.8084455454745
v3.2.0,P2  (LAI=3.4),STATIC_ALS,2021-09-27,20.175411946815
v3.2.0,P2  (LAI=3.4),STATIC_ALS,2021-09-28,19.3397726500345
v3.2.0,P2  (LAI=3.4),STATIC_ALS,2021-09-29,18.1467974610577
v3.2.0,P2  (LAI=3.4),STATIC_ALS,2021-09-30,19.3482519715169
v3.2.0,P2  (LAI=3.4),STATIC_ALS_DOPT,2021-06-01,29.6173843448668
v3.2.0,P2  (LAI=3.4),STATIC_ALS_DOPT,2021-06-02,25.6418973964525
v3.2.0,P2  (LAI=3.4),STATIC_ALS_DOPT,2021-06-03,27.6401203230986
v3.2.0,P2  (LAI=3.4),STATIC_ALS_DOPT,2021-06-04,19.6379494930814
v3.2.0,P2  (LAI=3.4),STATIC_ALS_DOPT,2021-06-05,23.0597588563971
v3.2.0,P2  (LAI=3.4),STATIC_ALS_DOPT,2021-06-06,23.7368058074974
v3.2.0,P2  (LAI=3.4),STATIC_ALS_DOPT,2021-06-07,24.3008622250202
v3.2.0,P2  (LAI=3.4),STATIC_ALS_DOPT,2021-06-08,27.1780293570034
v3.2.0,P2  (LAI=3.4),STATIC_ALS_DOPT,2021-06-09,28.8283499831196
v3.2.0,P2  (LAI=3.4),STATIC_ALS_DOPT,2021-06-10,29.6451454677995
v3.2.0,P2  (LAI=3.4),STATIC_ALS_DOPT,2021-06-11,29.0154361790979
v3.2.0,P2  (LAI=3.4),STATIC_ALS_DOPT,2021-06-12,28.87336944739
v3.2.0,P2  (LAI=3.4),STATIC_ALS_DOPT,2021-06-13,29.7255963265088
v3.2.0,P2  (LAI=3.4),STATIC_ALS_DOPT,2021-06-14,31.8322917853546
v3.2.0,P2  (LAI=3.4),STATIC_ALS_DOPT,2021-06-15,31.4821871369123
v3.2.0,P2  (LAI=3.4),STATIC_ALS_DOPT,2021-06-16,33.1677626140319
v3.2.0,P2  (LAI=3.4),STATIC_ALS_DOPT,2021-06-17,27.9636019990954
v3.2.0,P2  (LAI=3.4),STATIC_ALS_DOPT,2021-06-18,25.7084316692246
v3.2.0,P2  (LAI=3.4),STATIC_ALS_DOPT,2021-06-19,24.8837987228203
v3.2.0,P2  (LAI=3.4),STATIC_ALS_DOPT,2021-06-20,24.2274969106596
v3.2.0,P2  (LAI=3.4),STATIC_ALS_DOPT,2021-06-21,25.0797395676915
v3.2.0,P2  (LAI=3.4),STATIC_ALS_DOPT,2021-06-22,23.0034260414714
v3.2.0,P2  (LAI=3.4),STATIC_ALS_DOPT,2021-06-23,19.3469365095673
v3.2.0,P2  (LAI=3.4),STATIC_ALS_DOPT,2021-06-24,23.977775476895
v3.2.0,P2  (LAI=3.4),STATIC_ALS_DOPT,2021-06-25,22.9156114001148
v3.2.0,P2  (LAI=3.4),STATIC_ALS_DOPT,2021-06-26,24.6455460511633
v3.2.0,P2  (LAI=3.4),STATIC_ALS_DOPT,2021-06-27,20.3874168838068
v3.2.0,P2  (LAI=3.4),STATIC_ALS_DOPT,2021-06-28,23.0206687688259
v3.2.0,P2  (LAI=3.4),STATIC_ALS_DOPT,2021-06-29,21.0963763013056
v3.2.0,P2  (LAI=3.4),STATIC_ALS_DOPT,2021-06-30,20.6779238465537
v3.2.0,P2  (LAI=3.4),STATIC_ALS_DOPT,2021-07-01,25.9526166602573
v3.2.0,P2  (LAI=3.4),STATIC_ALS_DOPT,2021-07-02,26.9401292369435
v3.2.0,P2  (LAI=3.4),STATIC_ALS_DOPT,2021-07-03,24.381117196131
v3.2.0,P2  (LAI=3.4),STATIC_ALS_DOPT,2021-07-04,21.8171548003753
v3.2.0,P2  (LAI=3.4),STATIC_ALS_DOPT,2021-07-05,23.3881898281279
v3.2.0,P2  (LAI=3.4),STATIC_ALS_DOPT,2021-07-06,22.687167845018
v3.2.0,P2  (LAI=3.4),STATIC_ALS_DOPT,2021-07-07,23.2737514925987
v3.2.0,P2  (LAI=3.4),STATIC_ALS_DOPT,2021-07-08,22.6533365698919
v3.2.0,P2  (LAI=3.4),STATIC_ALS_DOPT,2021-07-09,23.0514391024055
v3.2.0,P2  (LAI=3.4),STATIC_ALS_DOPT,2021-07-10,20.4099424548587
v3.2.0,P2  (LAI=3.4),STATIC_ALS_DOPT,2021-07-11,25.8633375618252
v3.2.0,P2  (LAI=3.4),STATIC_ALS_DOPT,2021-07-12,22.0661385870089
v3.2.0,P2  (LAI=3.4),STATIC_ALS_DOPT,2021-07-13,18.3211015377832
v3.2.0,P2  (LAI=3.4),STATIC_ALS_DOPT,2021-07-14,23.5250317133576
v3.2.0,P2  (LAI=3.4),STATIC_ALS_DOPT,2021-07-15,25.7163557779178
v3.2.0,P2  (LAI=3.4),STATIC_ALS_DOPT,2021-07-16,22.0916241823938
v3.2.0,P2  (LAI=3.4),STATIC_ALS_DOPT,2021-07-17,24.5865188461575
v3.2.0,P2  (LAI=3.4),STATIC_ALS_DOPT,2021-07-18,30.7037462632531
v3.2.0,P2  (LAI=3.4),STATIC_ALS_DOPT,2021-07-19,32.3883087805727
v3.2.0,P2  (LAI=3.4),STATIC_ALS_DOPT,2021-07-20,31.4613528806404
v3.2.0,P2  (LAI=3.4),STATIC_ALS_DOPT,2021-07-21,31.7724203942969
v3.2.0,P2  (LAI=3.4),STATIC_ALS_DOPT,2021-07-22,31.7454659140152
v3.2.0,P2  (LAI=3.4),STATIC_ALS_DOPT,2021-07-23,32.4419430900488
v3.2.0,P2  (LAI=3.4),STATIC_ALS_DOPT,2021-07-24,26.4769442663102
v3.2.0,P2  (LAI=3.4),STATIC_ALS_DOPT,2021-07-25,25.395943228061
v3.2.0,P2  (LAI=3.4),STATIC_ALS_DOPT,2021-07-26,25.8299140724077
v3.2.0,P2  (LAI=3.4),STATIC_ALS_DOPT,2021-07-27,20.9922913026099
v3.2.0,P2  (LAI=3.4),STATIC_ALS_DOPT,2021-07-28,23.5931677701564
v3.2.0,P2  (LAI=3.4),STATIC_ALS_DOPT,2021-07-29,25.7648393074612
v3.2.0,P2  (LAI=3.4),STATIC_ALS_DOPT,2021-07-30,25.1581321959258
v3.2.0,P2  (LAI=3.4),STATIC_ALS_DOPT,2021-07-31,23.7785095247857
v3.2.0,P2  (LAI=3.4),STATIC_ALS_DOPT,2021-08-01,23.7746748444532
v3.2.0,P2  (LAI=3.4),STATIC_ALS_DOPT,2021-08-02,23.5453961146625
v3.2.0,P2  (LAI=3.4),STATIC_ALS_DOPT,2021-08-03,19.644781134544
v3.2.0,P2  (LAI=3.4),STATIC_ALS_DOPT,2021-08-04,21.0351861064324
v3.2.0,P2  (LAI=3.4),STATIC_ALS_DOPT,2021-08-05,22.3368967154154
v3.2.0,P2  (LAI=3.4),STATIC_ALS_DOPT,2021-08-06,22.8896411919521
v3.2.0,P2  (LAI=3.4),STATIC_ALS_DOPT,2021-08-07,22.4662173018957
v3.2.0,P2  (LAI=3.4),STATIC_ALS_DOPT,2021-08-08,23.086106987079
v3.2.0,P2  (LAI=3.4),STATIC_ALS_DOPT,2021-08-09,23.5420540216257
v3.2.0,P2  (LAI=3.4),STATIC_ALS_DOPT,2021-08-10,28.1629357655851
v3.2.0,P2  (LAI=3.4),STATIC_ALS_DOPT,2021-08-11,31.1602043224086
v3.2.0,P2  (LAI=3.4),STATIC_ALS_DOPT,2021-08-12,31.3710889257772
v3.2.0,P2  (LAI=3.4),STATIC_ALS_DOPT,2021-08-13,31.5053027751922
v3.2.0,P2  (LAI=3.4),STATIC_ALS_DOPT,2021-08-14,33.4743576048908
v3.2.0,P2  (LAI=3.4),STATIC_ALS_DOPT,2021-08-15,30.4211844081453
v3.2.0,P2  (LAI=3.4),STATIC_ALS_DOPT,2021-08-16,23.6720064938881
v3.2.0,P2  (LAI=3.4),STATIC_ALS_DOPT,2021-08-17,20.4438482169899
v3.2.0,P2  (LAI=3.4),STATIC_ALS_DOPT,2021-08-18,21.3299580559118
v3.2.0,P2  (LAI=3.4),STATIC_ALS_DOPT,2021-08-19,20.6231957638848
v3.2.0,P2  (LAI=3.4),STATIC_ALS_DOPT,2021-08-20,25.0498916066106
v3.2.0,P2  (LAI=3.4),STATIC_ALS_DOPT,2021-08-21,26.5198413990122
v3.2.0,P2  (LAI=3.4),STATIC_ALS_DOPT,2021-08-22,24.1727015895533
v3.2.0,P2  (LAI=3.4),STATIC_ALS_DOPT,2021-08-23,23.9918666165867
v3.2.0,P2  (LAI=3.4),STATIC_ALS_DOPT,2021-08-24,26.6610255339106
v3.2.0,P2  (LAI=3.4),STATIC_ALS_DOPT,2021-08-25,27.3416347981662
v3.2.0,P2  (LAI=3.4),STATIC_ALS_DOPT,2021-08-26,25.2868432337544
v3.2.0,P2  (LAI=3.4),STATIC_ALS_DOPT,2021-08-27,22.3466763766536
v3.2.0,P2  (LAI=3.4),STATIC_ALS_DOPT,2021-08-28,22.0209868304441
v3.2.0,P2  (LAI=3.4),STATIC_ALS_DOPT,2021-08-29,22.0459202214154
v3.2.0,P2  (LAI=3.4),STATIC_ALS_DOPT,2021-08-30,22.7532979038849
v3.2.0,P2  (LAI=3.4),STATIC_ALS_DOPT,2021-08-31,24.1276686229882
v3.2.0,P2  (LAI=3.4),STATIC_ALS_DOPT,2021-09-01,26.2818571682
v3.2.0,P2  (LAI=3.4),STATIC_ALS_DOPT,2021-09-02,28.7245191719166
v3.2.0,P2  (LAI=3.4),STATIC_ALS_DOPT,2021-09-03,28.4366754175062
v3.2.0,P2  (LAI=3.4),STATIC_ALS_DOPT,2021-09-04,27.7860670357898
v3.2.0,P2  (LAI=3.4),STATIC_ALS_DOPT,2021-09-05,29.1881384760968
v3.2.0,P2  (LAI=3.4),STATIC_ALS_DOPT,2021-09-06,32.1763283232924
v3.2.0,P2  (LAI=3.4),STATIC_ALS_DOPT,2021-09-07,33.1371514303761
v3.2.0,P2  (LAI=3.4),STATIC_ALS_DOPT,2021-09-08,28.9308393577394
v3.2.0,P2  (LAI=3.4),STATIC_ALS_DOPT,2021-09-09,25.3586087412543
v3.2.0,P2  (LAI=3.4),STATIC_ALS_DOPT,2021-09-10,25.2446641812757
v3.2.0,P2  (LAI=3.4),STATIC_ALS_DOPT,2021-09-11,24.385614407385
v3.2.0,P2  (LAI=3.4),STATIC_ALS_DOPT,2021-09-12,26.4897121559875
v3.2.0,P2  (LAI=3.4),STATIC_ALS_DOPT,2021-09-13,29.1143615156258
v3.2.0,P2  (LAI=3.4),STATIC_ALS_DOPT,2021-09-14,28.0917167902686
v3.2.0,P2  (LAI=3.4),STATIC_ALS_DOPT,2021-09-15,24.7934348681073
v3.2.0,P2  (LAI=3.4),STATIC_ALS_DOPT,2021-09-16,23.9644885334218
v3.2.0,P2  (LAI=3.4),STATIC_ALS_DOPT,2021-09-17,24.2613571648031
v3.2.0,P2  (LAI=3.4),STATIC_ALS_DOPT,2021-09-18,22.2272802021221
v3.2.0,P2  (LAI=3.4),STATIC_ALS_DOPT,2021-09-19,18.5853788670266
v3.2.0,P2  (LAI=3.4),STATIC_ALS_DOPT,2021-09-20,19.4576997560314
v3.2.0,P2  (LAI=3.4),STATIC_ALS_DOPT,2021-09-21,20.4891878698973
v3.2.0,P2  (LAI=3.4),STATIC_ALS_DOPT,2021-09-22,22.991521305111
v3.2.0,P2  (LAI=3.4),STATIC_ALS_DOPT,2021-09-23,24.9294064327906
v3.2.0,P2  (LAI=3.4),STATIC_ALS_DOPT,2021-09-24,25.2292423216649
v3.2.0,P2  (LAI=3.4),STATIC_ALS_DOPT,2021-09-25,23.8064147736019
v3.2.0,P2  (LAI=3.4),STATIC_ALS_DOPT,2021-09-26,22.3566873263105
v3.2.0,P2  (LAI=3.4),STATIC_ALS_DOPT,2021-09-27,20.7488517145501
v3.2.0,P2  (LAI=3.4),STATIC_ALS_DOPT,2021-09-28,22.9055394486236
v3.2.0,P2  (LAI=3.4),STATIC_ALS_DOPT,2021-09-29,19.1993301248913
v3.2.0,P2  (LAI=3.4),STATIC_ALS_DOPT,2021-09-30,20.4856064438472
v3.2.0,P2  (LAI=3.4),DYN_S2_ATBD_NM,2021-06-01,28.482211752554
v3.2.0,P2  (LAI=3.4),DYN_S2_ATBD_NM,2021-06-02,23.7659460983521
v3.2.0,P2  (LAI=3.4),DYN_S2_ATBD_NM,2021-06-03,26.4529181536436
v3.2.0,P2  (LAI=3.4),DYN_S2_ATBD_NM,2021-06-04,17.1121923658846
v3.2.0,P2  (LAI=3.4),DYN_S2_ATBD_NM,2021-06-05,21.6717628157223
v3.2.0,P2  (LAI=3.4),DYN_S2_ATBD_NM,2021-06-06,22.335110351882
v3.2.0,P2  (LAI=3.4),DYN_S2_ATBD_NM,2021-06-07,23.3242818466804
v3.2.0,P2  (LAI=3.4),DYN_S2_ATBD_NM,2021-06-08,25.8316088076537
v3.2.0,P2  (LAI=3.4),DYN_S2_ATBD_NM,2021-06-09,27.489322847085
v3.2.0,P2  (LAI=3.4),DYN_S2_ATBD_NM,2021-06-10,28.0456510897358
v3.2.0,P2  (LAI=3.4),DYN_S2_ATBD_NM,2021-06-11,27.5444066930721
v3.2.0,P2  (LAI=3.4),DYN_S2_ATBD_NM,2021-06-12,27.354639529455
v3.2.0,P2  (LAI=3.4),DYN_S2_ATBD_NM,2021-06-13,28.07286374125
v3.2.0,P2  (LAI=3.4),DYN_S2_ATBD_NM,2021-06-14,30.2509258505762
v3.2.0,P2  (LAI=3.4),DYN_S2_ATBD_NM,2021-06-15,29.8353102974427
v3.2.0,P2  (LAI=3.4),DYN_S2_ATBD_NM,2021-06-16,31.2732573780811
v3.2.0,P2  (LAI=3.4),DYN_S2_ATBD_NM,2021-06-17,26.482880860839
v3.2.0,P2  (LAI=3.4),DYN_S2_ATBD_NM,2021-06-18,24.3388088472182
v3.2.0,P2  (LAI=3.4),DYN_S2_ATBD_NM,2021-06-19,22.3194995842729
v3.2.0,P2  (LAI=3.4),DYN_S2_ATBD_NM,2021-06-20,22.587086452994
v3.2.0,P2  (LAI=3.4),DYN_S2_ATBD_NM,2021-06-21,23.2375870401962
v3.2.0,P2  (LAI=3.4),DYN_S2_ATBD_NM,2021-06-22,20.9378648239959
v3.2.0,P2  (LAI=3.4),DYN_S2_ATBD_NM,2021-06-23,18.2186846016724
v3.2.0,P2  (LAI=3.4),DYN_S2_ATBD_NM,2021-06-24,22.3488251187997
v3.2.0,P2  (LAI=3.4),DYN_S2_ATBD_NM,2021-06-25,22.0380263108868
v3.2.0,P2  (LAI=3.4),DYN_S2_ATBD_NM,2021-06-26,23.950708209596
v3.2.0,P2  (LAI=3.4),DYN_S2_ATBD_NM,2021-06-27,20.1647752722714
v3.2.0,P2  (LAI=3.4),DYN_S2_ATBD_NM,2021-06-28,21.5910379167527
v3.2.0,P2  (LAI=3.4),DYN_S2_ATBD_NM,2021-06-29,19.3831035810097
v3.2.0,P2  (LAI=3.4),DYN_S2_ATBD_NM,2021-06-30,19.9029735020065
v3.2.0,P2  (LAI=3.4),DYN_S2_ATBD_NM,2021-07-01,25.0703242062325
v3.2.0,P2  (LAI=3.4),DYN_S2_ATBD_NM,2021-07-02,25.6857772417517
v3.2.0,P2  (LAI=3.4),DYN_S2_ATBD_NM,2021-07-03,22.8115708473052
v3.2.0,P2  (LAI=3.4),DYN_S2_ATBD_NM,2021-07-04,20.6792469956762
v3.2.0,P2  (LAI=3.4),DYN_S2_ATBD_NM,2021-07-05,22.8108912002858
v3.2.0,P2  (LAI=3.4),DYN_S2_ATBD_NM,2021-07-06,21.8068784141031
v3.2.0,P2  (LAI=3.4),DYN_S2_ATBD_NM,2021-07-07,21.8768924936924
v3.2.0,P2  (LAI=3.4),DYN_S2_ATBD_NM,2021-07-08,21.1567384510922
v3.2.0,P2  (LAI=3.4),DYN_S2_ATBD_NM,2021-07-09,22.0419443326912
v3.2.0,P2  (LAI=3.4),DYN_S2_ATBD_NM,2021-07-10,19.1431900168125
v3.2.0,P2  (LAI=3.4),DYN_S2_ATBD_NM,2021-07-11,24.7202696114608
v3.2.0,P2  (LAI=3.4),DYN_S2_ATBD_NM,2021-07-12,20.9013278087753
v3.2.0,P2  (LAI=3.4),DYN_S2_ATBD_NM,2021-07-13,17.4893434130564
v3.2.0,P2  (LAI=3.4),DYN_S2_ATBD_NM,2021-07-14,22.4139551149652
v3.2.0,P2  (LAI=3.4),DYN_S2_ATBD_NM,2021-07-15,24.8817841704359
v3.2.0,P2  (LAI=3.4),DYN_S2_ATBD_NM,2021-07-16,21.4118098871383
v3.2.0,P2  (LAI=3.4),DYN_S2_ATBD_NM,2021-07-17,23.4681991313147
v3.2.0,P2  (LAI=3.4),DYN_S2_ATBD_NM,2021-07-18,29.5894029976699
v3.2.0,P2  (LAI=3.4),DYN_S2_ATBD_NM,2021-07-19,30.868762931215
v3.2.0,P2  (LAI=3.4),DYN_S2_ATBD_NM,2021-07-20,30.2331205231195
v3.2.0,P2  (LAI=3.4),DYN_S2_ATBD_NM,2021-07-21,30.5413627275474
v3.2.0,P2  (LAI=3.4),DYN_S2_ATBD_NM,2021-07-22,30.4720983428996
v3.2.0,P2  (LAI=3.4),DYN_S2_ATBD_NM,2021-07-23,31.7199357929681
v3.2.0,P2  (LAI=3.4),DYN_S2_ATBD_NM,2021-07-24,25.1865235232658
v3.2.0,P2  (LAI=3.4),DYN_S2_ATBD_NM,2021-07-25,24.3433983566331
v3.2.0,P2  (LAI=3.4),DYN_S2_ATBD_NM,2021-07-26,24.6191531523664
v3.2.0,P2  (LAI=3.4),DYN_S2_ATBD_NM,2021-07-27,19.6564947266264
v3.2.0,P2  (LAI=3.4),DYN_S2_ATBD_NM,2021-07-28,22.928371150014
v3.2.0,P2  (LAI=3.4),DYN_S2_ATBD_NM,2021-07-29,24.6022437054924
v3.2.0,P2  (LAI=3.4),DYN_S2_ATBD_NM,2021-07-30,23.9335411449866
v3.2.0,P2  (LAI=3.4),DYN_S2_ATBD_NM,2021-07-31,22.5210027008798
v3.2.0,P2  (LAI=3.4),DYN_S2_ATBD_NM,2021-08-01,22.3678548920761
v3.2.0,P2  (LAI=3.4),DYN_S2_ATBD_NM,2021-08-02,22.3673277825015
v3.2.0,P2  (LAI=3.4),DYN_S2_ATBD_NM,2021-08-03,18.6969804998284
v3.2.0,P2  (LAI=3.4),DYN_S2_ATBD_NM,2021-08-04,19.4393584449798
v3.2.0,P2  (LAI=3.4),DYN_S2_ATBD_NM,2021-08-05,21.4138477758715
v3.2.0,P2  (LAI=3.4),DYN_S2_ATBD_NM,2021-08-06,22.1645802145619
v3.2.0,P2  (LAI=3.4),DYN_S2_ATBD_NM,2021-08-07,21.5462503532901
v3.2.0,P2  (LAI=3.4),DYN_S2_ATBD_NM,2021-08-08,22.1366014820272
v3.2.0,P2  (LAI=3.4),DYN_S2_ATBD_NM,2021-08-09,22.7382526594237
v3.2.0,P2  (LAI=3.4),DYN_S2_ATBD_NM,2021-08-10,26.9740260172013
v3.2.0,P2  (LAI=3.4),DYN_S2_ATBD_NM,2021-08-11,29.2226812189672
v3.2.0,P2  (LAI=3.4),DYN_S2_ATBD_NM,2021-08-12,30.1178625036189
v3.2.0,P2  (LAI=3.4),DYN_S2_ATBD_NM,2021-08-13,30.3218396375194
v3.2.0,P2  (LAI=3.4),DYN_S2_ATBD_NM,2021-08-14,32.5405115450801
v3.2.0,P2  (LAI=3.4),DYN_S2_ATBD_NM,2021-08-15,29.0787028151001
v3.2.0,P2  (LAI=3.4),DYN_S2_ATBD_NM,2021-08-16,22.724996072337
v3.2.0,P2  (LAI=3.4),DYN_S2_ATBD_NM,2021-08-17,19.5825958850342
v3.2.0,P2  (LAI=3.4),DYN_S2_ATBD_NM,2021-08-18,20.6466761278027
v3.2.0,P2  (LAI=3.4),DYN_S2_ATBD_NM,2021-08-19,20.0636620111297
v3.2.0,P2  (LAI=3.4),DYN_S2_ATBD_NM,2021-08-20,24.3110733206908
v3.2.0,P2  (LAI=3.4),DYN_S2_ATBD_NM,2021-08-21,25.1294838801319
v3.2.0,P2  (LAI=3.4),DYN_S2_ATBD_NM,2021-08-22,22.9596440420495
v3.2.0,P2  (LAI=3.4),DYN_S2_ATBD_NM,2021-08-23,23.1007779257168
v3.2.0,P2  (LAI=3.4),DYN_S2_ATBD_NM,2021-08-24,25.6026032619512
v3.2.0,P2  (LAI=3.4),DYN_S2_ATBD_NM,2021-08-25,26.2896692604869
v3.2.0,P2  (LAI=3.4),DYN_S2_ATBD_NM,2021-08-26,24.0624880967702
v3.2.0,P2  (LAI=3.4),DYN_S2_ATBD_NM,2021-08-27,21.9200595007623
v3.2.0,P2  (LAI=3.4),DYN_S2_ATBD_NM,2021-08-28,21.6784480219753
v3.2.0,P2  (LAI=3.4),DYN_S2_ATBD_NM,2021-08-29,21.1330082673576
v3.2.0,P2  (LAI=3.4),DYN_S2_ATBD_NM,2021-08-30,22.191965770524
v3.2.0,P2  (LAI=3.4),DYN_S2_ATBD_NM,2021-08-31,23.5665812159721
v3.2.0,P2  (LAI=3.4),DYN_S2_ATBD_NM,2021-09-01,25.4312535653281
v3.2.0,P2  (LAI=3.4),DYN_S2_ATBD_NM,2021-09-02,27.8190608830499
v3.2.0,P2  (LAI=3.4),DYN_S2_ATBD_NM,2021-09-03,27.5416940532307
v3.2.0,P2  (LAI=3.4),DYN_S2_ATBD_NM,2021-09-04,26.6810718134519
v3.2.0,P2  (LAI=3.4),DYN_S2_ATBD_NM,2021-09-05,28.4893008924829
v3.2.0,P2  (LAI=3.4),DYN_S2_ATBD_NM,2021-09-06,31.243851642242
v3.2.0,P2  (LAI=3.4),DYN_S2_ATBD_NM,2021-09-07,32.3855993385297
v3.2.0,P2  (LAI=3.4),DYN_S2_ATBD_NM,2021-09-08,27.796373864087
v3.2.0,P2  (LAI=3.4),DYN_S2_ATBD_NM,2021-09-09,24.3268433138539
v3.2.0,P2  (LAI=3.4),DYN_S2_ATBD_NM,2021-09-10,24.2068681124721
v3.2.0,P2  (LAI=3.4),DYN_S2_ATBD_NM,2021-09-11,23.4100844480154
v3.2.0,P2  (LAI=3.4),DYN_S2_ATBD_NM,2021-09-12,25.5073000238494
v3.2.0,P2  (LAI=3.4),DYN_S2_ATBD_NM,2021-09-13,28.3673090367278
v3.2.0,P2  (LAI=3.4),DYN_S2_ATBD_NM,2021-09-14,27.0056178648037
v3.2.0,P2  (LAI=3.4),DYN_S2_ATBD_NM,2021-09-15,23.860696956926
v3.2.0,P2  (LAI=3.4),DYN_S2_ATBD_NM,2021-09-16,22.9577440085802
v3.2.0,P2  (LAI=3.4),DYN_S2_ATBD_NM,2021-09-17,23.3570363524811
v3.2.0,P2  (LAI=3.4),DYN_S2_ATBD_NM,2021-09-18,21.3707900318
v3.2.0,P2  (LAI=3.4),DYN_S2_ATBD_NM,2021-09-19,17.8850919219389
v3.2.0,P2  (LAI=3.4),DYN_S2_ATBD_NM,2021-09-20,18.8331901167471
v3.2.0,P2  (LAI=3.4),DYN_S2_ATBD_NM,2021-09-21,19.4388942944662
v3.2.0,P2  (LAI=3.4),DYN_S2_ATBD_NM,2021-09-22,22.0749132658576
v3.2.0,P2  (LAI=3.4),DYN_S2_ATBD_NM,2021-09-23,24.2190064508004
v3.2.0,P2  (LAI=3.4),DYN_S2_ATBD_NM,2021-09-24,24.5269019228988
v3.2.0,P2  (LAI=3.4),DYN_S2_ATBD_NM,2021-09-25,23.0009698102264
v3.2.0,P2  (LAI=3.4),DYN_S2_ATBD_NM,2021-09-26,21.8285240716766
v3.2.0,P2  (LAI=3.4),DYN_S2_ATBD_NM,2021-09-27,20.1875120243154
v3.2.0,P2  (LAI=3.4),DYN_S2_ATBD_NM,2021-09-28,19.3455298705278
v3.2.0,P2  (LAI=3.4),DYN_S2_ATBD_NM,2021-09-29,18.3645853957702
v3.2.0,P2  (LAI=3.4),DYN_S2_ATBD_NM,2021-09-30,19.3462219255174
v3.2.0,P2  (LAI=3.4),DYN_S2_OPT_NM,2021-06-01,28.6018546880036
v3.2.0,P2  (LAI=3.4),DYN_S2_OPT_NM,2021-06-02,23.9255420952753
v3.2.0,P2  (LAI=3.4),DYN_S2_OPT_NM,2021-06-03,26.5510391398771
v3.2.0,P2  (LAI=3.4),DYN_S2_OPT_NM,2021-06-04,17.1585023808261
v3.2.0,P2  (LAI=3.4),DYN_S2_OPT_NM,2021-06-05,21.7621905964144
v3.2.0,P2  (LAI=3.4),DYN_S2_OPT_NM,2021-06-06,22.4098014132122
v3.2.0,P2  (LAI=3.4),DYN_S2_OPT_NM,2021-06-07,23.4006203387707
v3.2.0,P2  (LAI=3.4),DYN_S2_OPT_NM,2021-06-08,25.9349662089787
v3.2.0,P2  (LAI=3.4),DYN_S2_OPT_NM,2021-06-09,27.6023261109388
v3.2.0,P2  (LAI=3.4),DYN_S2_OPT_NM,2021-06-10,28.1618122790558
v3.2.0,P2  (LAI=3.4),DYN_S2_OPT_NM,2021-06-11,27.6355341038504
v3.2.0,P2  (LAI=3.4),DYN_S2_OPT_NM,2021-06-12,27.4668412259067
v3.2.0,P2  (LAI=3.4),DYN_S2_OPT_NM,2021-06-13,28.1920983431248
v3.2.0,P2  (LAI=3.4),DYN_S2_OPT_NM,2021-06-14,30.3888516906608
v3.2.0,P2  (LAI=3.4),DYN_S2_OPT_NM,2021-06-15,29.9565716678197
v3.2.0,P2  (LAI=3.4),DYN_S2_OPT_NM,2021-06-16,31.4922572539745
v3.2.0,P2  (LAI=3.4),DYN_S2_OPT_NM,2021-06-17,26.5926931734312
v3.2.0,P2  (LAI=3.4),DYN_S2_OPT_NM,2021-06-18,24.4143786141411
v3.2.0,P2  (LAI=3.4),DYN_S2_OPT_NM,2021-06-19,22.5037646200998
v3.2.0,P2  (LAI=3.4),DYN_S2_OPT_NM,2021-06-20,22.6872594244216
v3.2.0,P2  (LAI=3.4),DYN_S2_OPT_NM,2021-06-21,23.3345072559257
v3.2.0,P2  (LAI=3.4),DYN_S2_OPT_NM,2021-06-22,21.040719362782
v3.2.0,P2  (LAI=3.4),DYN_S2_OPT_NM,2021-06-23,18.2728643389989
v3.2.0,P2  (LAI=3.4),DYN_S2_OPT_NM,2021-06-24,22.4372596752433
v3.2.0,P2  (LAI=3.4),DYN_S2_OPT_NM,2021-06-25,22.1054367978498
v3.2.0,P2  (LAI=3.4),DYN_S2_OPT_NM,2021-06-26,24.0480554878587
v3.2.0,P2  (LAI=3.4),DYN_S2_OPT_NM,2021-06-27,18.8012945156248
v3.2.0,P2  (LAI=3.4),DYN_S2_OPT_NM,2021-06-28,21.7127853782457
v3.2.0,P2  (LAI=3.4),DYN_S2_OPT_NM,2021-06-29,19.4814422370677
v3.2.0,P2  (LAI=3.4),DYN_S2_OPT_NM,2021-06-30,19.9518452041281
v3.2.0,P2  (LAI=3.4),DYN_S2_OPT_NM,2021-07-01,25.1516134526872
v3.2.0,P2  (LAI=3.4),DYN_S2_OPT_NM,2021-07-02,25.7909197959862
v3.2.0,P2  (LAI=3.4),DYN_S2_OPT_NM,2021-07-03,22.8855554391021
v3.2.0,P2  (LAI=3.4),DYN_S2_OPT_NM,2021-07-04,20.7474254721569
v3.2.0,P2  (LAI=3.4),DYN_S2_OPT_NM,2021-07-05,22.844609545349
v3.2.0,P2  (LAI=3.4),DYN_S2_OPT_NM,2021-07-06,21.8641913618475
v3.2.0,P2  (LAI=3.4),DYN_S2_OPT_NM,2021-07-07,21.9638705339477
v3.2.0,P2  (LAI=3.4),DYN_S2_OPT_NM,2021-07-08,21.245906934341
v3.2.0,P2  (LAI=3.4),DYN_S2_OPT_NM,2021-07-09,22.1216329693742
v3.2.0,P2  (LAI=3.4),DYN_S2_OPT_NM,2021-07-10,19.2609860621773
v3.2.0,P2  (LAI=3.4),DYN_S2_OPT_NM,2021-07-11,24.8203028877961
v3.2.0,P2  (LAI=3.4),DYN_S2_OPT_NM,2021-07-12,20.9669687610352
v3.2.0,P2  (LAI=3.4),DYN_S2_OPT_NM,2021-07-13,17.5566908751049
v3.2.0,P2  (LAI=3.4),DYN_S2_OPT_NM,2021-07-14,22.4918222618156
v3.2.0,P2  (LAI=3.4),DYN_S2_OPT_NM,2021-07-15,24.9490481060442
v3.2.0,P2  (LAI=3.4),DYN_S2_OPT_NM,2021-07-16,21.4618488155101
v3.2.0,P2  (LAI=3.4),DYN_S2_OPT_NM,2021-07-17,23.53890700483
v3.2.0,P2  (LAI=3.4),DYN_S2_OPT_NM,2021-07-18,29.6887875285002
v3.2.0,P2  (LAI=3.4),DYN_S2_OPT_NM,2021-07-19,30.9667860269106
v3.2.0,P2  (LAI=3.4),DYN_S2_OPT_NM,2021-07-20,30.3425609721745
v3.2.0,P2  (LAI=3.4),DYN_S2_OPT_NM,2021-07-21,30.6564547310852
v3.2.0,P2  (LAI=3.4),DYN_S2_OPT_NM,2021-07-22,30.5916696246053
v3.2.0,P2  (LAI=3.4),DYN_S2_OPT_NM,2021-07-23,31.804096383544
v3.2.0,P2  (LAI=3.4),DYN_S2_OPT_NM,2021-07-24,25.2725355691629
v3.2.0,P2  (LAI=3.4),DYN_S2_OPT_NM,2021-07-25,24.4182102173521
v3.2.0,P2  (LAI=3.4),DYN_S2_OPT_NM,2021-07-26,24.7072446911756
v3.2.0,P2  (LAI=3.4),DYN_S2_OPT_NM,2021-07-27,19.8087516390584
v3.2.0,P2  (LAI=3.4),DYN_S2_OPT_NM,2021-07-28,22.9802618013441
v3.2.0,P2  (LAI=3.4),DYN_S2_OPT_NM,2021-07-29,24.6888328095201
v3.2.0,P2  (LAI=3.4),DYN_S2_OPT_NM,2021-07-30,24.0229517286562
v3.2.0,P2  (LAI=3.4),DYN_S2_OPT_NM,2021-07-31,22.6072313964996
v3.2.0,P2  (LAI=3.4),DYN_S2_OPT_NM,2021-08-01,22.4666109112901
v3.2.0,P2  (LAI=3.4),DYN_S2_OPT_NM,2021-08-02,22.4469228094306
v3.2.0,P2  (LAI=3.4),DYN_S2_OPT_NM,2021-08-03,18.75760979709
v3.2.0,P2  (LAI=3.4),DYN_S2_OPT_NM,2021-08-04,19.5773287169504
v3.2.0,P2  (LAI=3.4),DYN_S2_OPT_NM,2021-08-05,21.4914531405018
v3.2.0,P2  (LAI=3.4),DYN_S2_OPT_NM,2021-08-06,22.219274453117
v3.2.0,P2  (LAI=3.4),DYN_S2_OPT_NM,2021-08-07,21.6428252771746
v3.2.0,P2  (LAI=3.4),DYN_S2_OPT_NM,2021-08-08,22.2140534894866
v3.2.0,P2  (LAI=3.4),DYN_S2_OPT_NM,2021-08-09,22.7793103566151
v3.2.0,P2  (LAI=3.4),DYN_S2_OPT_NM,2021-08-10,27.0792923806848
v3.2.0,P2  (LAI=3.4),DYN_S2_OPT_NM,2021-08-11,29.3446790748122
v3.2.0,P2  (LAI=3.4),DYN_S2_OPT_NM,2021-08-12,30.2374254745781
v3.2.0,P2  (LAI=3.4),DYN_S2_OPT_NM,2021-08-13,30.4204627674573
v3.2.0,P2  (LAI=3.4),DYN_S2_OPT_NM,2021-08-14,32.6663273925034
v3.2.0,P2  (LAI=3.4),DYN_S2_OPT_NM,2021-08-15,29.2090352136402
v3.2.0,P2  (LAI=3.4),DYN_S2_OPT_NM,2021-08-16,22.7958626039097
v3.2.0,P2  (LAI=3.4),DYN_S2_OPT_NM,2021-08-17,19.6431000684923
v3.2.0,P2  (LAI=3.4),DYN_S2_OPT_NM,2021-08-18,20.6899267930197
v3.2.0,P2  (LAI=3.4),DYN_S2_OPT_NM,2021-08-19,20.1147516639625
v3.2.0,P2  (LAI=3.4),DYN_S2_OPT_NM,2021-08-20,24.4066661471826
v3.2.0,P2  (LAI=3.4),DYN_S2_OPT_NM,2021-08-21,25.2463930927181
v3.2.0,P2  (LAI=3.4),DYN_S2_OPT_NM,2021-08-22,23.0497101434098
v3.2.0,P2  (LAI=3.4),DYN_S2_OPT_NM,2021-08-23,23.1750810877367
v3.2.0,P2  (LAI=3.4),DYN_S2_OPT_NM,2021-08-24,25.693976067463
v3.2.0,P2  (LAI=3.4),DYN_S2_OPT_NM,2021-08-25,26.3806977942559
v3.2.0,P2  (LAI=3.4),DYN_S2_OPT_NM,2021-08-26,24.1547050435188
v3.2.0,P2  (LAI=3.4),DYN_S2_OPT_NM,2021-08-27,21.9662020284414
v3.2.0,P2  (LAI=3.4),DYN_S2_OPT_NM,2021-08-28,21.7147719662384
v3.2.0,P2  (LAI=3.4),DYN_S2_OPT_NM,2021-08-29,21.2133501307054
v3.2.0,P2  (LAI=3.4),DYN_S2_OPT_NM,2021-08-30,22.246739722748
v3.2.0,P2  (LAI=3.4),DYN_S2_OPT_NM,2021-08-31,23.6239930407259
v3.2.0,P2  (LAI=3.4),DYN_S2_OPT_NM,2021-09-01,25.5055456071169
v3.2.0,P2  (LAI=3.4),DYN_S2_OPT_NM,2021-09-02,27.910611743966
v3.2.0,P2  (LAI=3.4),DYN_S2_OPT_NM,2021-09-03,27.6407924216906
v3.2.0,P2  (LAI=3.4),DYN_S2_OPT_NM,2021-09-04,26.7821277880716
v3.2.0,P2  (LAI=3.4),DYN_S2_OPT_NM,2021-09-05,28.6025929110005
v3.2.0,P2  (LAI=3.4),DYN_S2_OPT_NM,2021-09-06,31.3624859758681
v3.2.0,P2  (LAI=3.4),DYN_S2_OPT_NM,2021-09-07,32.4771539954018
v3.2.0,P2  (LAI=3.4),DYN_S2_OPT_NM,2021-09-08,27.950164982987
v3.2.0,P2  (LAI=3.4),DYN_S2_OPT_NM,2021-09-09,24.4171697093195
v3.2.0,P2  (LAI=3.4),DYN_S2_OPT_NM,2021-09-10,24.2856665057644
v3.2.0,P2  (LAI=3.4),DYN_S2_OPT_NM,2021-09-11,23.507852350116
v3.2.0,P2  (LAI=3.4),DYN_S2_OPT_NM,2021-09-12,25.5955507559897
v3.2.0,P2  (LAI=3.4),DYN_S2_OPT_NM,2021-09-13,28.466262894037
v3.2.0,P2  (LAI=3.4),DYN_S2_OPT_NM,2021-09-14,27.1275818919427
v3.2.0,P2  (LAI=3.4),DYN_S2_OPT_NM,2021-09-15,23.9506932107402
v3.2.0,P2  (LAI=3.4),DYN_S2_OPT_NM,2021-09-16,23.0767596865221
v3.2.0,P2  (LAI=3.4),DYN_S2_OPT_NM,2021-09-17,23.4546506634044
v3.2.0,P2  (LAI=3.4),DYN_S2_OPT_NM,2021-09-18,21.4589935744232
v3.2.0,P2  (LAI=3.4),DYN_S2_OPT_NM,2021-09-19,17.951961453688
v3.2.0,P2  (LAI=3.4),DYN_S2_OPT_NM,2021-09-20,18.8931439805122
v3.2.0,P2  (LAI=3.4),DYN_S2_OPT_NM,2021-09-21,19.5275656504444
v3.2.0,P2  (LAI=3.4),DYN_S2_OPT_NM,2021-09-22,22.1553706108927
v3.2.0,P2  (LAI=3.4),DYN_S2_OPT_NM,2021-09-23,24.3092143210878
v3.2.0,P2  (LAI=3.4),DYN_S2_OPT_NM,2021-09-24,24.5732851133298
v3.2.0,P2  (LAI=3.4),DYN_S2_OPT_NM,2021-09-25,23.0905968096122
v3.2.0,P2  (LAI=3.4),DYN_S2_OPT_NM,2021-09-26,21.8841398909269
v3.2.0,P2  (LAI=3.4),DYN_S2_OPT_NM,2021-09-27,20.237165310772
v3.2.0,P2  (LAI=3.4),DYN_S2_OPT_NM,2021-09-28,19.418094784703
v3.2.0,P2  (LAI=3.4),DYN_S2_OPT_NM,2021-09-29,18.3702305620035
v3.2.0,P2  (LAI=3.4),DYN_S2_OPT_NM,2021-09-30,19.4244174414522
v3.2.0,P2  (LAI=3.4),DYN_ATBD_rfull_NM,2021-06-01,28.7956872767289
v3.2.0,P2  (LAI=3.4),DYN_ATBD_rfull_NM,2021-06-02,24.1694200006218
v3.2.0,P2  (LAI=3.4),DYN_ATBD_rfull_NM,2021-06-03,26.7161168625487
v3.2.0,P2  (LAI=3.4),DYN_ATBD_rfull_NM,2021-06-04,17.2436531623501
v3.2.0,P2  (LAI=3.4),DYN_ATBD_rfull_NM,2021-06-05,21.9150327768315
v3.2.0,P2  (LAI=3.4),DYN_ATBD_rfull_NM,2021-06-06,22.5387016925297
v3.2.0,P2  (LAI=3.4),DYN_ATBD_rfull_NM,2021-06-07,23.5378816820293
v3.2.0,P2  (LAI=3.4),DYN_ATBD_rfull_NM,2021-06-08,26.106461452262
v3.2.0,P2  (LAI=3.4),DYN_ATBD_rfull_NM,2021-06-09,27.7844982930427
v3.2.0,P2  (LAI=3.4),DYN_ATBD_rfull_NM,2021-06-10,28.347959538604
v3.2.0,P2  (LAI=3.4),DYN_ATBD_rfull_NM,2021-06-11,27.7884365669587
v3.2.0,P2  (LAI=3.4),DYN_ATBD_rfull_NM,2021-06-12,27.653483772897
v3.2.0,P2  (LAI=3.4),DYN_ATBD_rfull_NM,2021-06-13,28.3990918003098
v3.2.0,P2  (LAI=3.4),DYN_ATBD_rfull_NM,2021-06-14,30.6310271834423
v3.2.0,P2  (LAI=3.4),DYN_ATBD_rfull_NM,2021-06-15,30.1804434027274
v3.2.0,P2  (LAI=3.4),DYN_ATBD_rfull_NM,2021-06-16,31.8435514994284
v3.2.0,P2  (LAI=3.4),DYN_ATBD_rfull_NM,2021-06-17,26.7718993983734
v3.2.0,P2  (LAI=3.4),DYN_ATBD_rfull_NM,2021-06-18,24.578295648742
v3.2.0,P2  (LAI=3.4),DYN_ATBD_rfull_NM,2021-06-19,22.8283622552368
v3.2.0,P2  (LAI=3.4),DYN_ATBD_rfull_NM,2021-06-20,22.8622154947419
v3.2.0,P2  (LAI=3.4),DYN_ATBD_rfull_NM,2021-06-21,23.5012684954588
v3.2.0,P2  (LAI=3.4),DYN_ATBD_rfull_NM,2021-06-22,21.1962234792042
v3.2.0,P2  (LAI=3.4),DYN_ATBD_rfull_NM,2021-06-23,18.3703406433204
v3.2.0,P2  (LAI=3.4),DYN_ATBD_rfull_NM,2021-06-24,22.5894821732493
v3.2.0,P2  (LAI=3.4),DYN_ATBD_rfull_NM,2021-06-25,22.2273652237157
v3.2.0,P2  (LAI=3.4),DYN_ATBD_rfull_NM,2021-06-26,24.1955244684683
v3.2.0,P2  (LAI=3.4),DYN_ATBD_rfull_NM,2021-06-27,19.0243448345858
v3.2.0,P2  (LAI=3.4),DYN_ATBD_rfull_NM,2021-06-28,21.9194907169324
v3.2.0,P2  (LAI=3.4),DYN_ATBD_rfull_NM,2021-06-29,19.6515868978103
v3.2.0,P2  (LAI=3.4),DYN_ATBD_rfull_NM,2021-06-30,20.0481053369305
v3.2.0,P2  (LAI=3.4),DYN_ATBD_rfull_NM,2021-07-01,25.2747127844598
v3.2.0,P2  (LAI=3.4),DYN_ATBD_rfull_NM,2021-07-02,25.9691132714353
v3.2.0,P2  (LAI=3.4),DYN_ATBD_rfull_NM,2021-07-03,23.0258250961663
v3.2.0,P2  (LAI=3.4),DYN_ATBD_rfull_NM,2021-07-04,20.8666759430597
v3.2.0,P2  (LAI=3.4),DYN_ATBD_rfull_NM,2021-07-05,22.8998618958851
v3.2.0,P2  (LAI=3.4),DYN_ATBD_rfull_NM,2021-07-06,21.9717936659463
v3.2.0,P2  (LAI=3.4),DYN_ATBD_rfull_NM,2021-07-07,22.1180744171367
v3.2.0,P2  (LAI=3.4),DYN_ATBD_rfull_NM,2021-07-08,21.4104118628511
v3.2.0,P2  (LAI=3.4),DYN_ATBD_rfull_NM,2021-07-09,22.2639683073417
v3.2.0,P2  (LAI=3.4),DYN_ATBD_rfull_NM,2021-07-10,19.4808373699519
v3.2.0,P2  (LAI=3.4),DYN_ATBD_rfull_NM,2021-07-11,24.9830260081552
v3.2.0,P2  (LAI=3.4),DYN_ATBD_rfull_NM,2021-07-12,21.0955628612846
v3.2.0,P2  (LAI=3.4),DYN_ATBD_rfull_NM,2021-07-13,17.6825808340432
v3.2.0,P2  (LAI=3.4),DYN_ATBD_rfull_NM,2021-07-14,22.6283627546279
v3.2.0,P2  (LAI=3.4),DYN_ATBD_rfull_NM,2021-07-15,25.0657284781287
v3.2.0,P2  (LAI=3.4),DYN_ATBD_rfull_NM,2021-07-16,21.5517025143014
v3.2.0,P2  (LAI=3.4),DYN_ATBD_rfull_NM,2021-07-17,23.6635597722649
v3.2.0,P2  (LAI=3.4),DYN_ATBD_rfull_NM,2021-07-18,29.8605444867424
v3.2.0,P2  (LAI=3.4),DYN_ATBD_rfull_NM,2021-07-19,31.1360733355352
v3.2.0,P2  (LAI=3.4),DYN_ATBD_rfull_NM,2021-07-20,30.5282195651286
v3.2.0,P2  (LAI=3.4),DYN_ATBD_rfull_NM,2021-07-21,30.8493697018166
v3.2.0,P2  (LAI=3.4),DYN_ATBD_rfull_NM,2021-07-22,30.7915774183268
v3.2.0,P2  (LAI=3.4),DYN_ATBD_rfull_NM,2021-07-23,31.9422132222769
v3.2.0,P2  (LAI=3.4),DYN_ATBD_rfull_NM,2021-07-24,25.3808336569463
v3.2.0,P2  (LAI=3.4),DYN_ATBD_rfull_NM,2021-07-25,24.5311341682886
v3.2.0,P2  (LAI=3.4),DYN_ATBD_rfull_NM,2021-07-26,24.8633378547237
v3.2.0,P2  (LAI=3.4),DYN_ATBD_rfull_NM,2021-07-27,19.9237901825366
v3.2.0,P2  (LAI=3.4),DYN_ATBD_rfull_NM,2021-07-28,23.0724103550309
v3.2.0,P2  (LAI=3.4),DYN_ATBD_rfull_NM,2021-07-29,24.8343391324975
v3.2.0,P2  (LAI=3.4),DYN_ATBD_rfull_NM,2021-07-30,24.180345509374
v3.2.0,P2  (LAI=3.4),DYN_ATBD_rfull_NM,2021-07-31,22.75914741417
v3.2.0,P2  (LAI=3.4),DYN_ATBD_rfull_NM,2021-08-01,22.6071923159455
v3.2.0,P2  (LAI=3.4),DYN_ATBD_rfull_NM,2021-08-02,22.2956414043583
v3.2.0,P2  (LAI=3.4),DYN_ATBD_rfull_NM,2021-08-03,18.8780388148499
v3.2.0,P2  (LAI=3.4),DYN_ATBD_rfull_NM,2021-08-04,20.0275696467762
v3.2.0,P2  (LAI=3.4),DYN_ATBD_rfull_NM,2021-08-05,21.6311485657354
v3.2.0,P2  (LAI=3.4),DYN_ATBD_rfull_NM,2021-08-06,22.3201018548722
v3.2.0,P2  (LAI=3.4),DYN_ATBD_rfull_NM,2021-08-07,21.7322278177347
v3.2.0,P2  (LAI=3.4),DYN_ATBD_rfull_NM,2021-08-08,22.3527940237777
v3.2.0,P2  (LAI=3.4),DYN_ATBD_rfull_NM,2021-08-09,22.9530734655346
v3.2.0,P2  (LAI=3.4),DYN_ATBD_rfull_NM,2021-08-10,27.2642036860227
v3.2.0,P2  (LAI=3.4),DYN_ATBD_rfull_NM,2021-08-11,29.5403379526128
v3.2.0,P2  (LAI=3.4),DYN_ATBD_rfull_NM,2021-08-12,30.4272710627172
v3.2.0,P2  (LAI=3.4),DYN_ATBD_rfull_NM,2021-08-13,30.5802508321692
v3.2.0,P2  (LAI=3.4),DYN_ATBD_rfull_NM,2021-08-14,32.8670244801792
v3.2.0,P2  (LAI=3.4),DYN_ATBD_rfull_NM,2021-08-15,29.4251675399607
v3.2.0,P2  (LAI=3.4),DYN_ATBD_rfull_NM,2021-08-16,22.9376995773134
v3.2.0,P2  (LAI=3.4),DYN_ATBD_rfull_NM,2021-08-17,19.751757628658
v3.2.0,P2  (LAI=3.4),DYN_ATBD_rfull_NM,2021-08-18,20.7847843713368
v3.2.0,P2  (LAI=3.4),DYN_ATBD_rfull_NM,2021-08-19,20.2035382844368
v3.2.0,P2  (LAI=3.4),DYN_ATBD_rfull_NM,2021-08-20,24.5615409154469
v3.2.0,P2  (LAI=3.4),DYN_ATBD_rfull_NM,2021-08-21,25.4388579253203
v3.2.0,P2  (LAI=3.4),DYN_ATBD_rfull_NM,2021-08-22,23.2126725378901
v3.2.0,P2  (LAI=3.4),DYN_ATBD_rfull_NM,2021-08-23,23.3033795938752
v3.2.0,P2  (LAI=3.4),DYN_ATBD_rfull_NM,2021-08-24,25.8542168457822
v3.2.0,P2  (LAI=3.4),DYN_ATBD_rfull_NM,2021-08-25,26.5386300724164
v3.2.0,P2  (LAI=3.4),DYN_ATBD_rfull_NM,2021-08-26,24.3772535858964
v3.2.0,P2  (LAI=3.4),DYN_ATBD_rfull_NM,2021-08-27,22.0479020157961
v3.2.0,P2  (LAI=3.4),DYN_ATBD_rfull_NM,2021-08-28,21.7794131458799
v3.2.0,P2  (LAI=3.4),DYN_ATBD_rfull_NM,2021-08-29,21.3534014495564
v3.2.0,P2  (LAI=3.4),DYN_ATBD_rfull_NM,2021-08-30,22.3440788233788
v3.2.0,P2  (LAI=3.4),DYN_ATBD_rfull_NM,2021-08-31,23.7244015407644
v3.2.0,P2  (LAI=3.4),DYN_ATBD_rfull_NM,2021-09-01,25.6363210367022
v3.2.0,P2  (LAI=3.4),DYN_ATBD_rfull_NM,2021-09-02,28.0653848257363
v3.2.0,P2  (LAI=3.4),DYN_ATBD_rfull_NM,2021-09-03,27.787761733182
v3.2.0,P2  (LAI=3.4),DYN_ATBD_rfull_NM,2021-09-04,26.944458176247
v3.2.0,P2  (LAI=3.4),DYN_ATBD_rfull_NM,2021-09-05,28.774169389698
v3.2.0,P2  (LAI=3.4),DYN_ATBD_rfull_NM,2021-09-06,31.554644612587
v3.2.0,P2  (LAI=3.4),DYN_ATBD_rfull_NM,2021-09-07,32.6287479817915
v3.2.0,P2  (LAI=3.4),DYN_ATBD_rfull_NM,2021-09-08,28.1991090907546
v3.2.0,P2  (LAI=3.4),DYN_ATBD_rfull_NM,2021-09-09,24.5886966570282
v3.2.0,P2  (LAI=3.4),DYN_ATBD_rfull_NM,2021-09-10,24.6408115976234
v3.2.0,P2  (LAI=3.4),DYN_ATBD_rfull_NM,2021-09-11,23.6370537920676
v3.2.0,P2  (LAI=3.4),DYN_ATBD_rfull_NM,2021-09-12,25.7318000363669
v3.2.0,P2  (LAI=3.4),DYN_ATBD_rfull_NM,2021-09-13,28.6159417318023
v3.2.0,P2  (LAI=3.4),DYN_ATBD_rfull_NM,2021-09-14,27.3377280073385
v3.2.0,P2  (LAI=3.4),DYN_ATBD_rfull_NM,2021-09-15,24.1202184398933
v3.2.0,P2  (LAI=3.4),DYN_ATBD_rfull_NM,2021-09-16,23.18835096415
v3.2.0,P2  (LAI=3.4),DYN_ATBD_rfull_NM,2021-09-17,23.6077973175836
v3.2.0,P2  (LAI=3.4),DYN_ATBD_rfull_NM,2021-09-18,21.6030369102942
v3.2.0,P2  (LAI=3.4),DYN_ATBD_rfull_NM,2021-09-19,18.1274199185344
v3.2.0,P2  (LAI=3.4),DYN_ATBD_rfull_NM,2021-09-20,18.982840827444
v3.2.0,P2  (LAI=3.4),DYN_ATBD_rfull_NM,2021-09-21,19.6898598684421
v3.2.0,P2  (LAI=3.4),DYN_ATBD_rfull_NM,2021-09-22,22.2869574067414
v3.2.0,P2  (LAI=3.4),DYN_ATBD_rfull_NM,2021-09-23,24.4496575860269
v3.2.0,P2  (LAI=3.4),DYN_ATBD_rfull_NM,2021-09-24,24.6420654302506
v3.2.0,P2  (LAI=3.4),DYN_ATBD_rfull_NM,2021-09-25,23.2402757468615
v3.2.0,P2  (LAI=3.4),DYN_ATBD_rfull_NM,2021-09-26,22.3602221036711
v3.2.0,P2  (LAI=3.4),DYN_ATBD_rfull_NM,2021-09-27,20.3340208789498
v3.2.0,P2  (LAI=3.4),DYN_ATBD_rfull_NM,2021-09-28,19.5288570376571
v3.2.0,P2  (LAI=3.4),DYN_ATBD_rfull_NM,2021-09-29,18.7116658024868
v3.2.0,P2  (LAI=3.4),DYN_ATBD_rfull_NM,2021-09-30,19.6118857356191
v3.2.0,P2  (LAI=3.4),DYN_OPT_rdopt_NM,2021-06-01,29.7204792773601
v3.2.0,P2  (LAI=3.4),DYN_OPT_rdopt_NM,2021-06-02,25.7147109155974
v3.2.0,P2  (LAI=3.4),DYN_OPT_rdopt_NM,2021-06-03,27.6984221236061
v3.2.0,P2  (LAI=3.4),DYN_OPT_rdopt_NM,2021-06-04,18.3866038710523
v3.2.0,P2  (LAI=3.4),DYN_OPT_rdopt_NM,2021-06-05,23.068625073903
v3.2.0,P2  (LAI=3.4),DYN_OPT_rdopt_NM,2021-06-06,23.7280952045577
v3.2.0,P2  (LAI=3.4),DYN_OPT_rdopt_NM,2021-06-07,24.2795910218696
v3.2.0,P2  (LAI=3.4),DYN_OPT_rdopt_NM,2021-06-08,27.1348450782747
v3.2.0,P2  (LAI=3.4),DYN_OPT_rdopt_NM,2021-06-09,28.7801739651983
v3.2.0,P2  (LAI=3.4),DYN_OPT_rdopt_NM,2021-06-10,29.5458619382593
v3.2.0,P2  (LAI=3.4),DYN_OPT_rdopt_NM,2021-06-11,28.9207772081566
v3.2.0,P2  (LAI=3.4),DYN_OPT_rdopt_NM,2021-06-12,28.7548639240393
v3.2.0,P2  (LAI=3.4),DYN_OPT_rdopt_NM,2021-06-13,29.6106507748416
v3.2.0,P2  (LAI=3.4),DYN_OPT_rdopt_NM,2021-06-14,36.0328472340938
v3.2.0,P2  (LAI=3.4),DYN_OPT_rdopt_NM,2021-06-15,31.3568684349825
v3.2.0,P2  (LAI=3.4),DYN_OPT_rdopt_NM,2021-06-16,33.073857251695
v3.2.0,P2  (LAI=3.4),DYN_OPT_rdopt_NM,2021-06-17,27.8319366442023
v3.2.0,P2  (LAI=3.4),DYN_OPT_rdopt_NM,2021-06-18,25.5984344631889
v3.2.0,P2  (LAI=3.4),DYN_OPT_rdopt_NM,2021-06-19,24.2143112851517
v3.2.0,P2  (LAI=3.4),DYN_OPT_rdopt_NM,2021-06-20,24.0758629595438
v3.2.0,P2  (LAI=3.4),DYN_OPT_rdopt_NM,2021-06-21,24.9316414253
v3.2.0,P2  (LAI=3.4),DYN_OPT_rdopt_NM,2021-06-22,22.8415438030747
v3.2.0,P2  (LAI=3.4),DYN_OPT_rdopt_NM,2021-06-23,19.2511506120001
v3.2.0,P2  (LAI=3.4),DYN_OPT_rdopt_NM,2021-06-24,23.8302690075534
v3.2.0,P2  (LAI=3.4),DYN_OPT_rdopt_NM,2021-06-25,22.8390974449137
v3.2.0,P2  (LAI=3.4),DYN_OPT_rdopt_NM,2021-06-26,24.6038649120507
v3.2.0,P2  (LAI=3.4),DYN_OPT_rdopt_NM,2021-06-27,20.2981006455408
v3.2.0,P2  (LAI=3.4),DYN_OPT_rdopt_NM,2021-06-28,22.9457117285679
v3.2.0,P2  (LAI=3.4),DYN_OPT_rdopt_NM,2021-06-29,21.0191483519203
v3.2.0,P2  (LAI=3.4),DYN_OPT_rdopt_NM,2021-06-30,20.6433580995716
v3.2.0,P2  (LAI=3.4),DYN_OPT_rdopt_NM,2021-07-01,25.9046522251787
v3.2.0,P2  (LAI=3.4),DYN_OPT_rdopt_NM,2021-07-02,26.8896484811889
v3.2.0,P2  (LAI=3.4),DYN_OPT_rdopt_NM,2021-07-03,24.3496932379504
v3.2.0,P2  (LAI=3.4),DYN_OPT_rdopt_NM,2021-07-04,21.8097577074035
v3.2.0,P2  (LAI=3.4),DYN_OPT_rdopt_NM,2021-07-05,23.3895880850138
v3.2.0,P2  (LAI=3.4),DYN_OPT_rdopt_NM,2021-07-06,22.6989829133646
v3.2.0,P2  (LAI=3.4),DYN_OPT_rdopt_NM,2021-07-07,23.309963667054
v3.2.0,P2  (LAI=3.4),DYN_OPT_rdopt_NM,2021-07-08,22.7102988912744
v3.2.0,P2  (LAI=3.4),DYN_OPT_rdopt_NM,2021-07-09,23.0980680883216
v3.2.0,P2  (LAI=3.4),DYN_OPT_rdopt_NM,2021-07-10,20.4574645440957
v3.2.0,P2  (LAI=3.4),DYN_OPT_rdopt_NM,2021-07-11,25.9652009554146
v3.2.0,P2  (LAI=3.4),DYN_OPT_rdopt_NM,2021-07-12,22.1571629899237
v3.2.0,P2  (LAI=3.4),DYN_OPT_rdopt_NM,2021-07-13,18.377275987473
v3.2.0,P2  (LAI=3.4),DYN_OPT_rdopt_NM,2021-07-14,23.6457327633967
v3.2.0,P2  (LAI=3.4),DYN_OPT_rdopt_NM,2021-07-15,25.821123893137
v3.2.0,P2  (LAI=3.4),DYN_OPT_rdopt_NM,2021-07-16,22.1762631040207
v3.2.0,P2  (LAI=3.4),DYN_OPT_rdopt_NM,2021-07-17,25.4446328208077
v3.2.0,P2  (LAI=3.4),DYN_OPT_rdopt_NM,2021-07-18,30.8618950229832
v3.2.0,P2  (LAI=3.4),DYN_OPT_rdopt_NM,2021-07-19,32.113747047209
v3.2.0,P2  (LAI=3.4),DYN_OPT_rdopt_NM,2021-07-20,31.6488544163859
v3.2.0,P2  (LAI=3.4),DYN_OPT_rdopt_NM,2021-07-21,31.9760487892945
v3.2.0,P2  (LAI=3.4),DYN_OPT_rdopt_NM,2021-07-22,31.9540741923244
v3.2.0,P2  (LAI=3.4),DYN_OPT_rdopt_NM,2021-07-23,32.5672623104373
v3.2.0,P2  (LAI=3.4),DYN_OPT_rdopt_NM,2021-07-24,26.6905526786349
v3.2.0,P2  (LAI=3.4),DYN_OPT_rdopt_NM,2021-07-25,25.5598157144764
v3.2.0,P2  (LAI=3.4),DYN_OPT_rdopt_NM,2021-07-26,26.0332726588908
v3.2.0,P2  (LAI=3.4),DYN_OPT_rdopt_NM,2021-07-27,21.1529986233604
v3.2.0,P2  (LAI=3.4),DYN_OPT_rdopt_NM,2021-07-28,23.7059511558284
v3.2.0,P2  (LAI=3.4),DYN_OPT_rdopt_NM,2021-07-29,25.9976376742728
v3.2.0,P2  (LAI=3.4),DYN_OPT_rdopt_NM,2021-07-30,25.3604302254559
v3.2.0,P2  (LAI=3.4),DYN_OPT_rdopt_NM,2021-07-31,27.6785218429442
v3.2.0,P2  (LAI=3.4),DYN_OPT_rdopt_NM,2021-08-01,24.0182222045812
v3.2.0,P2  (LAI=3.4),DYN_OPT_rdopt_NM,2021-08-02,23.748625574195
v3.2.0,P2  (LAI=3.4),DYN_OPT_rdopt_NM,2021-08-03,19.7910798103741
v3.2.0,P2  (LAI=3.4),DYN_OPT_rdopt_NM,2021-08-04,21.2267416486027
v3.2.0,P2  (LAI=3.4),DYN_OPT_rdopt_NM,2021-08-05,22.4715205532653
v3.2.0,P2  (LAI=3.4),DYN_OPT_rdopt_NM,2021-08-06,23.0042160347066
v3.2.0,P2  (LAI=3.4),DYN_OPT_rdopt_NM,2021-08-07,22.5835172891301
v3.2.0,P2  (LAI=3.4),DYN_OPT_rdopt_NM,2021-08-08,23.219667492122
v3.2.0,P2  (LAI=3.4),DYN_OPT_rdopt_NM,2021-08-09,23.6651359275866
v3.2.0,P2  (LAI=3.4),DYN_OPT_rdopt_NM,2021-08-10,28.3540661340887
v3.2.0,P2  (LAI=3.4),DYN_OPT_rdopt_NM,2021-08-11,30.7684868817701
v3.2.0,P2  (LAI=3.4),DYN_OPT_rdopt_NM,2021-08-12,31.5752852988782
v3.2.0,P2  (LAI=3.4),DYN_OPT_rdopt_NM,2021-08-13,31.6744458557109
v3.2.0,P2  (LAI=3.4),DYN_OPT_rdopt_NM,2021-08-14,33.6433175631255
v3.2.0,P2  (LAI=3.4),DYN_OPT_rdopt_NM,2021-08-15,30.5924720971406
v3.2.0,P2  (LAI=3.4),DYN_OPT_rdopt_NM,2021-08-16,23.802616141517
v3.2.0,P2  (LAI=3.4),DYN_OPT_rdopt_NM,2021-08-17,20.562970663713
v3.2.0,P2  (LAI=3.4),DYN_OPT_rdopt_NM,2021-08-18,21.4399867828124
v3.2.0,P2  (LAI=3.4),DYN_OPT_rdopt_NM,2021-08-19,20.7134645348062
v3.2.0,P2  (LAI=3.4),DYN_OPT_rdopt_NM,2021-08-20,25.2012425383309
v3.2.0,P2  (LAI=3.4),DYN_OPT_rdopt_NM,2021-08-21,26.7301322581571
v3.2.0,P2  (LAI=3.4),DYN_OPT_rdopt_NM,2021-08-22,24.3478211325812
v3.2.0,P2  (LAI=3.4),DYN_OPT_rdopt_NM,2021-08-23,24.1512567981585
v3.2.0,P2  (LAI=3.4),DYN_OPT_rdopt_NM,2021-08-24,26.8139136987745
v3.2.0,P2  (LAI=3.4),DYN_OPT_rdopt_NM,2021-08-25,27.5116856473713
v3.2.0,P2  (LAI=3.4),DYN_OPT_rdopt_NM,2021-08-26,25.4906784277595
v3.2.0,P2  (LAI=3.4),DYN_OPT_rdopt_NM,2021-08-27,22.4012565711906
v3.2.0,P2  (LAI=3.4),DYN_OPT_rdopt_NM,2021-08-28,22.0626573537844
v3.2.0,P2  (LAI=3.4),DYN_OPT_rdopt_NM,2021-08-29,22.1959221091557
v3.2.0,P2  (LAI=3.4),DYN_OPT_rdopt_NM,2021-08-30,22.8480028270502
v3.2.0,P2  (LAI=3.4),DYN_OPT_rdopt_NM,2021-08-31,24.2269920177704
v3.2.0,P2  (LAI=3.4),DYN_OPT_rdopt_NM,2021-09-01,26.4266869366871
v3.2.0,P2  (LAI=3.4),DYN_OPT_rdopt_NM,2021-09-02,28.8896967902921
v3.2.0,P2  (LAI=3.4),DYN_OPT_rdopt_NM,2021-09-03,28.6640923228018
v3.2.0,P2  (LAI=3.4),DYN_OPT_rdopt_NM,2021-09-04,28.0310423674708
v3.2.0,P2  (LAI=3.4),DYN_OPT_rdopt_NM,2021-09-05,29.3884870925066
v3.2.0,P2  (LAI=3.4),DYN_OPT_rdopt_NM,2021-09-06,32.3618810316372
v3.2.0,P2  (LAI=3.4),DYN_OPT_rdopt_NM,2021-09-07,33.2827181355287
v3.2.0,P2  (LAI=3.4),DYN_OPT_rdopt_NM,2021-09-08,29.1696575301754
v3.2.0,P2  (LAI=3.4),DYN_OPT_rdopt_NM,2021-09-09,25.5717304108898
v3.2.0,P2  (LAI=3.4),DYN_OPT_rdopt_NM,2021-09-10,25.4966666831115
v3.2.0,P2  (LAI=3.4),DYN_OPT_rdopt_NM,2021-09-11,24.6862332832251
v3.2.0,P2  (LAI=3.4),DYN_OPT_rdopt_NM,2021-09-12,26.6862929465658
v3.2.0,P2  (LAI=3.4),DYN_OPT_rdopt_NM,2021-09-13,29.4189940127825
v3.2.0,P2  (LAI=3.4),DYN_OPT_rdopt_NM,2021-09-14,28.3876733497331
v3.2.0,P2  (LAI=3.4),DYN_OPT_rdopt_NM,2021-09-15,25.0509632921637
v3.2.0,P2  (LAI=3.4),DYN_OPT_rdopt_NM,2021-09-16,24.2579320160771
v3.2.0,P2  (LAI=3.4),DYN_OPT_rdopt_NM,2021-09-17,24.571709189122
v3.2.0,P2  (LAI=3.4),DYN_OPT_rdopt_NM,2021-09-18,22.5077762389888
v3.2.0,P2  (LAI=3.4),DYN_OPT_rdopt_NM,2021-09-19,18.749644152887
v3.2.0,P2  (LAI=3.4),DYN_OPT_rdopt_NM,2021-09-20,19.6556438888341
v3.2.0,P2  (LAI=3.4),DYN_OPT_rdopt_NM,2021-09-21,20.8182490444734
v3.2.0,P2  (LAI=3.4),DYN_OPT_rdopt_NM,2021-09-22,23.3624186840921
v3.2.0,P2  (LAI=3.4),DYN_OPT_rdopt_NM,2021-09-23,25.2813306737526
v3.2.0,P2  (LAI=3.4),DYN_OPT_rdopt_NM,2021-09-24,25.635574972302
v3.2.0,P2  (LAI=3.4),DYN_OPT_rdopt_NM,2021-09-25,24.1223928204442
v3.2.0,P2  (LAI=3.4),DYN_OPT_rdopt_NM,2021-09-26,22.550281592348
v3.2.0,P2  (LAI=3.4),DYN_OPT_rdopt_NM,2021-09-27,20.9401218285919
v3.2.0,P2  (LAI=3.4),DYN_OPT_rdopt_NM,2021-09-28,20.5674074983455
v3.2.0,P2  (LAI=3.4),DYN_OPT_rdopt_NM,2021-09-29,19.4564022902059
v3.2.0,P2  (LAI=3.4),DYN_OPT_rdopt_NM,2021-09-30,20.8455434806756
v3.2.0,P2  (LAI=3.4),DYN_ALS_S2TIMING_NM,2021-06-01,28.8721720525368
v3.2.0,P2  (LAI=3.4),DYN_ALS_S2TIMING_NM,2021-06-02,24.0428456612747
v3.2.0,P2  (LAI=3.4),DYN_ALS_S2TIMING_NM,2021-06-03,26.785243875353
v3.2.0,P2  (LAI=3.4),DYN_ALS_S2TIMING_NM,2021-06-04,17.4011492404661
v3.2.0,P2  (LAI=3.4),DYN_ALS_S2TIMING_NM,2021-06-05,21.9830437492345
v3.2.0,P2  (LAI=3.4),DYN_ALS_S2TIMING_NM,2021-06-06,22.595245129011
v3.2.0,P2  (LAI=3.4),DYN_ALS_S2TIMING_NM,2021-06-07,23.5970796461641
v3.2.0,P2  (LAI=3.4),DYN_ALS_S2TIMING_NM,2021-06-08,26.1795098484444
v3.2.0,P2  (LAI=3.4),DYN_ALS_S2TIMING_NM,2021-06-09,27.8607170226617
v3.2.0,P2  (LAI=3.4),DYN_ALS_S2TIMING_NM,2021-06-10,28.424510416448
v3.2.0,P2  (LAI=3.4),DYN_ALS_S2TIMING_NM,2021-06-11,27.8539851972038
v3.2.0,P2  (LAI=3.4),DYN_ALS_S2TIMING_NM,2021-06-12,27.7348828820698
v3.2.0,P2  (LAI=3.4),DYN_ALS_S2TIMING_NM,2021-06-13,28.490356899607
v3.2.0,P2  (LAI=3.4),DYN_ALS_S2TIMING_NM,2021-06-14,30.7337096697295
v3.2.0,P2  (LAI=3.4),DYN_ALS_S2TIMING_NM,2021-06-15,30.2732487786591
v3.2.0,P2  (LAI=3.4),DYN_ALS_S2TIMING_NM,2021-06-16,31.9869540166047
v3.2.0,P2  (LAI=3.4),DYN_ALS_S2TIMING_NM,2021-06-17,26.8416807083904
v3.2.0,P2  (LAI=3.4),DYN_ALS_S2TIMING_NM,2021-06-18,24.6201160009343
v3.2.0,P2  (LAI=3.4),DYN_ALS_S2TIMING_NM,2021-06-19,22.852990878217
v3.2.0,P2  (LAI=3.4),DYN_ALS_S2TIMING_NM,2021-06-20,22.9338245146879
v3.2.0,P2  (LAI=3.4),DYN_ALS_S2TIMING_NM,2021-06-21,23.5697417799547
v3.2.0,P2  (LAI=3.4),DYN_ALS_S2TIMING_NM,2021-06-22,21.3104004906722
v3.2.0,P2  (LAI=3.4),DYN_ALS_S2TIMING_NM,2021-06-23,18.4182019710513
v3.2.0,P2  (LAI=3.4),DYN_ALS_S2TIMING_NM,2021-06-24,22.6530194191921
v3.2.0,P2  (LAI=3.4),DYN_ALS_S2TIMING_NM,2021-06-25,22.2781564897682
v3.2.0,P2  (LAI=3.4),DYN_ALS_S2TIMING_NM,2021-06-26,24.2514598948588
v3.2.0,P2  (LAI=3.4),DYN_ALS_S2TIMING_NM,2021-06-27,19.1217573951583
v3.2.0,P2  (LAI=3.4),DYN_ALS_S2TIMING_NM,2021-06-28,21.9954141368927
v3.2.0,P2  (LAI=3.4),DYN_ALS_S2TIMING_NM,2021-06-29,19.7233180216994
v3.2.0,P2  (LAI=3.4),DYN_ALS_S2TIMING_NM,2021-06-30,20.0827803118726
v3.2.0,P2  (LAI=3.4),DYN_ALS_S2TIMING_NM,2021-07-01,25.3200417221109
v3.2.0,P2  (LAI=3.4),DYN_ALS_S2TIMING_NM,2021-07-02,26.0446943757804
v3.2.0,P2  (LAI=3.4),DYN_ALS_S2TIMING_NM,2021-07-03,23.0925916368672
v3.2.0,P2  (LAI=3.4),DYN_ALS_S2TIMING_NM,2021-07-04,20.9491786174025
v3.2.0,P2  (LAI=3.4),DYN_ALS_S2TIMING_NM,2021-07-05,22.9465764148148
v3.2.0,P2  (LAI=3.4),DYN_ALS_S2TIMING_NM,2021-07-06,22.020987416164
v3.2.0,P2  (LAI=3.4),DYN_ALS_S2TIMING_NM,2021-07-07,22.1617991998817
v3.2.0,P2  (LAI=3.4),DYN_ALS_S2TIMING_NM,2021-07-08,21.4633078216921
v3.2.0,P2  (LAI=3.4),DYN_ALS_S2TIMING_NM,2021-07-09,22.3246091760319
v3.2.0,P2  (LAI=3.4),DYN_ALS_S2TIMING_NM,2021-07-10,19.5483859139625
v3.2.0,P2  (LAI=3.4),DYN_ALS_S2TIMING_NM,2021-07-11,25.0504372475833
v3.2.0,P2  (LAI=3.4),DYN_ALS_S2TIMING_NM,2021-07-12,21.1614816819837
v3.2.0,P2  (LAI=3.4),DYN_ALS_S2TIMING_NM,2021-07-13,17.716829599809
v3.2.0,P2  (LAI=3.4),DYN_ALS_S2TIMING_NM,2021-07-14,22.6905360404037
v3.2.0,P2  (LAI=3.4),DYN_ALS_S2TIMING_NM,2021-07-15,25.1176065042976
v3.2.0,P2  (LAI=3.4),DYN_ALS_S2TIMING_NM,2021-07-16,21.5925258865446
v3.2.0,P2  (LAI=3.4),DYN_ALS_S2TIMING_NM,2021-07-17,23.7238043972675
v3.2.0,P2  (LAI=3.4),DYN_ALS_S2TIMING_NM,2021-07-18,29.9360130688148
v3.2.0,P2  (LAI=3.4),DYN_ALS_S2TIMING_NM,2021-07-19,31.210195615851
v3.2.0,P2  (LAI=3.4),DYN_ALS_S2TIMING_NM,2021-07-20,30.610405041064
v3.2.0,P2  (LAI=3.4),DYN_ALS_S2TIMING_NM,2021-07-21,30.9318878444358
v3.2.0,P2  (LAI=3.4),DYN_ALS_S2TIMING_NM,2021-07-22,30.8761246036588
v3.2.0,P2  (LAI=3.4),DYN_ALS_S2TIMING_NM,2021-07-23,32.0005312267105
v3.2.0,P2  (LAI=3.4),DYN_ALS_S2TIMING_NM,2021-07-24,25.4865933685596
v3.2.0,P2  (LAI=3.4),DYN_ALS_S2TIMING_NM,2021-07-25,24.5849363908859
v3.2.0,P2  (LAI=3.4),DYN_ALS_S2TIMING_NM,2021-07-26,24.95126994938
v3.2.0,P2  (LAI=3.4),DYN_ALS_S2TIMING_NM,2021-07-27,20.0408870490126
v3.2.0,P2  (LAI=3.4),DYN_ALS_S2TIMING_NM,2021-07-28,23.1143797667947
v3.2.0,P2  (LAI=3.4),DYN_ALS_S2TIMING_NM,2021-07-29,24.9000057862774
v3.2.0,P2  (LAI=3.4),DYN_ALS_S2TIMING_NM,2021-07-30,24.252254136578
v3.2.0,P2  (LAI=3.4),DYN_ALS_S2TIMING_NM,2021-07-31,22.8113992263732
v3.2.0,P2  (LAI=3.4),DYN_ALS_S2TIMING_NM,2021-08-01,22.7095791576759
v3.2.0,P2  (LAI=3.4),DYN_ALS_S2TIMING_NM,2021-08-02,23.1962876247267
v3.2.0,P2  (LAI=3.4),DYN_ALS_S2TIMING_NM,2021-08-03,18.9673906207586
v3.2.0,P2  (LAI=3.4),DYN_ALS_S2TIMING_NM,2021-08-04,20.6064455507023
v3.2.0,P2  (LAI=3.4),DYN_ALS_S2TIMING_NM,2021-08-05,21.6717242690345
v3.2.0,P2  (LAI=3.4),DYN_ALS_S2TIMING_NM,2021-08-06,22.3715354949955
v3.2.0,P2  (LAI=3.4),DYN_ALS_S2TIMING_NM,2021-08-07,22.921116223674
v3.2.0,P2  (LAI=3.4),DYN_ALS_S2TIMING_NM,2021-08-08,22.4132457168326
v3.2.0,P2  (LAI=3.4),DYN_ALS_S2TIMING_NM,2021-08-09,23.0169471741171
v3.2.0,P2  (LAI=3.4),DYN_ALS_S2TIMING_NM,2021-08-10,27.3428609787765
v3.2.0,P2  (LAI=3.4),DYN_ALS_S2TIMING_NM,2021-08-11,29.6203907768444
v3.2.0,P2  (LAI=3.4),DYN_ALS_S2TIMING_NM,2021-08-12,30.5062648181108
v3.2.0,P2  (LAI=3.4),DYN_ALS_S2TIMING_NM,2021-08-13,30.6474809558867
v3.2.0,P2  (LAI=3.4),DYN_ALS_S2TIMING_NM,2021-08-14,32.9433077732734
v3.2.0,P2  (LAI=3.4),DYN_ALS_S2TIMING_NM,2021-08-15,29.5144295825174
v3.2.0,P2  (LAI=3.4),DYN_ALS_S2TIMING_NM,2021-08-16,23.0057864337986
v3.2.0,P2  (LAI=3.4),DYN_ALS_S2TIMING_NM,2021-08-17,19.7828950895699
v3.2.0,P2  (LAI=3.4),DYN_ALS_S2TIMING_NM,2021-08-18,20.8258627367991
v3.2.0,P2  (LAI=3.4),DYN_ALS_S2TIMING_NM,2021-08-19,20.2425001012296
v3.2.0,P2  (LAI=3.4),DYN_ALS_S2TIMING_NM,2021-08-20,24.6262802196328
v3.2.0,P2  (LAI=3.4),DYN_ALS_S2TIMING_NM,2021-08-21,25.5028865296346
v3.2.0,P2  (LAI=3.4),DYN_ALS_S2TIMING_NM,2021-08-22,23.2913943941192
v3.2.0,P2  (LAI=3.4),DYN_ALS_S2TIMING_NM,2021-08-23,23.360172221046
v3.2.0,P2  (LAI=3.4),DYN_ALS_S2TIMING_NM,2021-08-24,25.9236444859466
v3.2.0,P2  (LAI=3.4),DYN_ALS_S2TIMING_NM,2021-08-25,26.6083028564925
v3.2.0,P2  (LAI=3.4),DYN_ALS_S2TIMING_NM,2021-08-26,24.3708006812029
v3.2.0,P2  (LAI=3.4),DYN_ALS_S2TIMING_NM,2021-08-27,22.0833876045366
v3.2.0,P2  (LAI=3.4),DYN_ALS_S2TIMING_NM,2021-08-28,21.8083059344586
v3.2.0,P2  (LAI=3.4),DYN_ALS_S2TIMING_NM,2021-08-29,21.4154789186289
v3.2.0,P2  (LAI=3.4),DYN_ALS_S2TIMING_NM,2021-08-30,22.3894203189299
v3.2.0,P2  (LAI=3.4),DYN_ALS_S2TIMING_NM,2021-08-31,23.7691336880398
v3.2.0,P2  (LAI=3.4),DYN_ALS_S2TIMING_NM,2021-09-01,25.6938561522463
v3.2.0,P2  (LAI=3.4),DYN_ALS_S2TIMING_NM,2021-09-02,28.1323445720349
v3.2.0,P2  (LAI=3.4),DYN_ALS_S2TIMING_NM,2021-09-03,27.8428761948235
v3.2.0,P2  (LAI=3.4),DYN_ALS_S2TIMING_NM,2021-09-04,27.010699898399
v3.2.0,P2  (LAI=3.4),DYN_ALS_S2TIMING_NM,2021-09-05,28.842432094638
v3.2.0,P2  (LAI=3.4),DYN_ALS_S2TIMING_NM,2021-09-06,31.6366523007552
v3.2.0,P2  (LAI=3.4),DYN_ALS_S2TIMING_NM,2021-09-07,32.6931233324351
v3.2.0,P2  (LAI=3.4),DYN_ALS_S2TIMING_NM,2021-09-08,28.2976911517879
v3.2.0,P2  (LAI=3.4),DYN_ALS_S2TIMING_NM,2021-09-09,24.661658567356
v3.2.0,P2  (LAI=3.4),DYN_ALS_S2TIMING_NM,2021-09-10,24.4883225363773
v3.2.0,P2  (LAI=3.4),DYN_ALS_S2TIMING_NM,2021-09-11,23.7286334316252
v3.2.0,P2  (LAI=3.4),DYN_ALS_S2TIMING_NM,2021-09-12,25.7859606103528
v3.2.0,P2  (LAI=3.4),DYN_ALS_S2TIMING_NM,2021-09-13,28.6709336214878
v3.2.0,P2  (LAI=3.4),DYN_ALS_S2TIMING_NM,2021-09-14,27.4272329364117
v3.2.0,P2  (LAI=3.4),DYN_ALS_S2TIMING_NM,2021-09-15,24.155243756745
v3.2.0,P2  (LAI=3.4),DYN_ALS_S2TIMING_NM,2021-09-16,23.2284192396738
v3.2.0,P2  (LAI=3.4),DYN_ALS_S2TIMING_NM,2021-09-17,23.6129125829807
v3.2.0,P2  (LAI=3.4),DYN_ALS_S2TIMING_NM,2021-09-18,21.6462815557906
v3.2.0,P2  (LAI=3.4),DYN_ALS_S2TIMING_NM,2021-09-19,18.1588830735685
v3.2.0,P2  (LAI=3.4),DYN_ALS_S2TIMING_NM,2021-09-20,19.0552695244
v3.2.0,P2  (LAI=3.4),DYN_ALS_S2TIMING_NM,2021-09-21,19.772671297331
v3.2.0,P2  (LAI=3.4),DYN_ALS_S2TIMING_NM,2021-09-22,22.3486058403378
v3.2.0,P2  (LAI=3.4),DYN_ALS_S2TIMING_NM,2021-09-23,24.5027863480708
v3.2.0,P2  (LAI=3.4),DYN_ALS_S2TIMING_NM,2021-09-24,24.6891853569712
v3.2.0,P2  (LAI=3.4),DYN_ALS_S2TIMING_NM,2021-09-25,23.302423314302
v3.2.0,P2  (LAI=3.4),DYN_ALS_S2TIMING_NM,2021-09-26,22.022710931382
v3.2.0,P2  (LAI=3.4),DYN_ALS_S2TIMING_NM,2021-09-27,20.375222301196
v3.2.0,P2  (LAI=3.4),DYN_ALS_S2TIMING_NM,2021-09-28,19.5785917935345
v3.2.0,P2  (LAI=3.4),DYN_ALS_S2TIMING_NM,2021-09-29,18.5992229444553
v3.2.0,P2  (LAI=3.4),DYN_ALS_S2TIMING_NM,2021-09-30,19.6565446737744
v3.2.0,P2  (LAI=3.4),DYN_ALSoOPT_S2TIMING_NM,2021-06-01,28.7760574341717
v3.2.0,P2  (LAI=3.4),DYN_ALSoOPT_S2TIMING_NM,2021-06-02,24.1527157987869
v3.2.0,P2  (LAI=3.4),DYN_ALSoOPT_S2TIMING_NM,2021-06-03,26.6994139316377
v3.2.0,P2  (LAI=3.4),DYN_ALSoOPT_S2TIMING_NM,2021-06-04,17.3669048423762
v3.2.0,P2  (LAI=3.4),DYN_ALSoOPT_S2TIMING_NM,2021-06-05,21.9032714193661
v3.2.0,P2  (LAI=3.4),DYN_ALSoOPT_S2TIMING_NM,2021-06-06,22.5276757836149
v3.2.0,P2  (LAI=3.4),DYN_ALSoOPT_S2TIMING_NM,2021-06-07,23.5256991318215
v3.2.0,P2  (LAI=3.4),DYN_ALSoOPT_S2TIMING_NM,2021-06-08,26.0903050619032
v3.2.0,P2  (LAI=3.4),DYN_ALSoOPT_S2TIMING_NM,2021-06-09,27.7670919360893
v3.2.0,P2  (LAI=3.4),DYN_ALSoOPT_S2TIMING_NM,2021-06-10,28.3298661599102
v3.2.0,P2  (LAI=3.4),DYN_ALSoOPT_S2TIMING_NM,2021-06-11,27.7735157622815
v3.2.0,P2  (LAI=3.4),DYN_ALSoOPT_S2TIMING_NM,2021-06-12,27.6350809376378
v3.2.0,P2  (LAI=3.4),DYN_ALSoOPT_S2TIMING_NM,2021-06-13,28.3780546208399
v3.2.0,P2  (LAI=3.4),DYN_ALSoOPT_S2TIMING_NM,2021-06-14,30.6071561499908
v3.2.0,P2  (LAI=3.4),DYN_ALSoOPT_S2TIMING_NM,2021-06-15,30.1584823683518
v3.2.0,P2  (LAI=3.4),DYN_ALSoOPT_S2TIMING_NM,2021-06-16,31.8089503851795
v3.2.0,P2  (LAI=3.4),DYN_ALSoOPT_S2TIMING_NM,2021-06-17,26.7537187477293
v3.2.0,P2  (LAI=3.4),DYN_ALSoOPT_S2TIMING_NM,2021-06-18,24.5372429847997
v3.2.0,P2  (LAI=3.4),DYN_ALSoOPT_S2TIMING_NM,2021-06-19,22.794712486796
v3.2.0,P2  (LAI=3.4),DYN_ALSoOPT_S2TIMING_NM,2021-06-20,22.841950334752
v3.2.0,P2  (LAI=3.4),DYN_ALSoOPT_S2TIMING_NM,2021-06-21,23.4821181049464
v3.2.0,P2  (LAI=3.4),DYN_ALSoOPT_S2TIMING_NM,2021-06-22,21.1979612085902
v3.2.0,P2  (LAI=3.4),DYN_ALSoOPT_S2TIMING_NM,2021-06-23,18.3656777580403
v3.2.0,P2  (LAI=3.4),DYN_ALSoOPT_S2TIMING_NM,2021-06-24,22.5739661503877
v3.2.0,P2  (LAI=3.4),DYN_ALSoOPT_S2TIMING_NM,2021-06-25,22.2145778736532
v3.2.0,P2  (LAI=3.4),DYN_ALSoOPT_S2TIMING_NM,2021-06-26,24.1816566288319
v3.2.0,P2  (LAI=3.4),DYN_ALSoOPT_S2TIMING_NM,2021-06-27,19.0012463222578
v3.2.0,P2  (LAI=3.4),DYN_ALSoOPT_S2TIMING_NM,2021-06-28,21.9001688091952
v3.2.0,P2  (LAI=3.4),DYN_ALSoOPT_S2TIMING_NM,2021-06-29,19.6396300773519
v3.2.0,P2  (LAI=3.4),DYN_ALSoOPT_S2TIMING_NM,2021-06-30,20.0364965673556
v3.2.0,P2  (LAI=3.4),DYN_ALSoOPT_S2TIMING_NM,2021-07-01,25.2631738624313
v3.2.0,P2  (LAI=3.4),DYN_ALSoOPT_S2TIMING_NM,2021-07-02,25.9507379270786
v3.2.0,P2  (LAI=3.4),DYN_ALSoOPT_S2TIMING_NM,2021-07-03,23.0105887815724
v3.2.0,P2  (LAI=3.4),DYN_ALSoOPT_S2TIMING_NM,2021-07-04,20.8560359100665
v3.2.0,P2  (LAI=3.4),DYN_ALSoOPT_S2TIMING_NM,2021-07-05,22.9032831421324
v3.2.0,P2  (LAI=3.4),DYN_ALSoOPT_S2TIMING_NM,2021-07-06,21.9594981254529
v3.2.0,P2  (LAI=3.4),DYN_ALSoOPT_S2TIMING_NM,2021-07-07,22.1027450280629
v3.2.0,P2  (LAI=3.4),DYN_ALSoOPT_S2TIMING_NM,2021-07-08,21.3927929029529
v3.2.0,P2  (LAI=3.4),DYN_ALSoOPT_S2TIMING_NM,2021-07-09,22.249557723109
v3.2.0,P2  (LAI=3.4),DYN_ALSoOPT_S2TIMING_NM,2021-07-10,19.4493190327371
v3.2.0,P2  (LAI=3.4),DYN_ALSoOPT_S2TIMING_NM,2021-07-11,24.9670623049356
v3.2.0,P2  (LAI=3.4),DYN_ALSoOPT_S2TIMING_NM,2021-07-12,21.0855361897142
v3.2.0,P2  (LAI=3.4),DYN_ALSoOPT_S2TIMING_NM,2021-07-13,17.6726141943423
v3.2.0,P2  (LAI=3.4),DYN_ALSoOPT_S2TIMING_NM,2021-07-14,22.6142505403601
v3.2.0,P2  (LAI=3.4),DYN_ALSoOPT_S2TIMING_NM,2021-07-15,25.053566613007
v3.2.0,P2  (LAI=3.4),DYN_ALSoOPT_S2TIMING_NM,2021-07-16,21.5414486248667
v3.2.0,P2  (LAI=3.4),DYN_ALSoOPT_S2TIMING_NM,2021-07-17,23.6342710076357
v3.2.0,P2  (LAI=3.4),DYN_ALSoOPT_S2TIMING_NM,2021-07-18,29.8410685029996
v3.2.0,P2  (LAI=3.4),DYN_ALSoOPT_S2TIMING_NM,2021-07-19,31.1179862778297
v3.2.0,P2  (LAI=3.4),DYN_ALSoOPT_S2TIMING_NM,2021-07-20,30.5088964200982
v3.2.0,P2  (LAI=3.4),DYN_ALSoOPT_S2TIMING_NM,2021-07-21,30.8295736597361
v3.2.0,P2  (LAI=3.4),DYN_ALSoOPT_S2TIMING_NM,2021-07-22,30.7708782064268
v3.2.0,P2  (LAI=3.4),DYN_ALSoOPT_S2TIMING_NM,2021-07-23,31.9282508200458
v3.2.0,P2  (LAI=3.4),DYN_ALSoOPT_S2TIMING_NM,2021-07-24,25.4102548932846
v3.2.0,P2  (LAI=3.4),DYN_ALSoOPT_S2TIMING_NM,2021-07-25,24.5164403474692
v3.2.0,P2  (LAI=3.4),DYN_ALSoOPT_S2TIMING_NM,2021-07-26,24.8605363077028
v3.2.0,P2  (LAI=3.4),DYN_ALSoOPT_S2TIMING_NM,2021-07-27,19.8966937679902
v3.2.0,P2  (LAI=3.4),DYN_ALSoOPT_S2TIMING_NM,2021-07-28,23.0610331177351
v3.2.0,P2  (LAI=3.4),DYN_ALSoOPT_S2TIMING_NM,2021-07-29,24.819780759617
v3.2.0,P2  (LAI=3.4),DYN_ALSoOPT_S2TIMING_NM,2021-07-30,24.1660184179508
v3.2.0,P2  (LAI=3.4),DYN_ALSoOPT_S2TIMING_NM,2021-07-31,22.7434377008826
v3.2.0,P2  (LAI=3.4),DYN_ALSoOPT_S2TIMING_NM,2021-08-01,22.5846898247128
v3.2.0,P2  (LAI=3.4),DYN_ALSoOPT_S2TIMING_NM,2021-08-02,22.5390199096314
v3.2.0,P2  (LAI=3.4),DYN_ALSoOPT_S2TIMING_NM,2021-08-03,18.8653715117111
v3.2.0,P2  (LAI=3.4),DYN_ALSoOPT_S2TIMING_NM,2021-08-04,19.7497265289257
v3.2.0,P2  (LAI=3.4),DYN_ALSoOPT_S2TIMING_NM,2021-08-05,21.624667250929
v3.2.0,P2  (LAI=3.4),DYN_ALSoOPT_S2TIMING_NM,2021-08-06,22.3101256503162
v3.2.0,P2  (LAI=3.4),DYN_ALSoOPT_S2TIMING_NM,2021-08-07,21.7201184093856
v3.2.0,P2  (LAI=3.4),DYN_ALSoOPT_S2TIMING_NM,2021-08-08,22.3376104167782
v3.2.0,P2  (LAI=3.4),DYN_ALSoOPT_S2TIMING_NM,2021-08-09,22.9391113141252
v3.2.0,P2  (LAI=3.4),DYN_ALSoOPT_S2TIMING_NM,2021-08-10,27.2462573603269
v3.2.0,P2  (LAI=3.4),DYN_ALSoOPT_S2TIMING_NM,2021-08-11,29.5213313207858
v3.2.0,P2  (LAI=3.4),DYN_ALSoOPT_S2TIMING_NM,2021-08-12,30.4086414944218
v3.2.0,P2  (LAI=3.4),DYN_ALSoOPT_S2TIMING_NM,2021-08-13,30.5644414894072
v3.2.0,P2  (LAI=3.4),DYN_ALSoOPT_S2TIMING_NM,2021-08-14,32.8559206301628
v3.2.0,P2  (LAI=3.4),DYN_ALSoOPT_S2TIMING_NM,2021-08-15,29.4049056574681
v3.2.0,P2  (LAI=3.4),DYN_ALSoOPT_S2TIMING_NM,2021-08-16,22.901898194204
v3.2.0,P2  (LAI=3.4),DYN_ALSoOPT_S2TIMING_NM,2021-08-17,19.7285928139181
v3.2.0,P2  (LAI=3.4),DYN_ALSoOPT_S2TIMING_NM,2021-08-18,20.7726631071069
v3.2.0,P2  (LAI=3.4),DYN_ALSoOPT_S2TIMING_NM,2021-08-19,20.1949850518153
v3.2.0,P2  (LAI=3.4),DYN_ALSoOPT_S2TIMING_NM,2021-08-20,24.5467762269793
v3.2.0,P2  (LAI=3.4),DYN_ALSoOPT_S2TIMING_NM,2021-08-21,25.4201163700261
v3.2.0,P2  (LAI=3.4),DYN_ALSoOPT_S2TIMING_NM,2021-08-22,23.249600613619
v3.2.0,P2  (LAI=3.4),DYN_ALSoOPT_S2TIMING_NM,2021-08-23,23.290650503115
v3.2.0,P2  (LAI=3.4),DYN_ALSoOPT_S2TIMING_NM,2021-08-24,25.8380382654071
v3.2.0,P2  (LAI=3.4),DYN_ALSoOPT_S2TIMING_NM,2021-08-25,26.5224421611927
v3.2.0,P2  (LAI=3.4),DYN_ALSoOPT_S2TIMING_NM,2021-08-26,24.2848504565576
v3.2.0,P2  (LAI=3.4),DYN_ALSoOPT_S2TIMING_NM,2021-08-27,22.0383749965285
v3.2.0,P2  (LAI=3.4),DYN_ALSoOPT_S2TIMING_NM,2021-08-28,21.7721144114587
v3.2.0,P2  (LAI=3.4),DYN_ALSoOPT_S2TIMING_NM,2021-08-29,21.3384904773711
v3.2.0,P2  (LAI=3.4),DYN_ALSoOPT_S2TIMING_NM,2021-08-30,22.3336637676699
v3.2.0,P2  (LAI=3.4),DYN_ALSoOPT_S2TIMING_NM,2021-08-31,23.7135895057182
v3.2.0,P2  (LAI=3.4),DYN_ALSoOPT_S2TIMING_NM,2021-09-01,25.6226143801552
v3.2.0,P2  (LAI=3.4),DYN_ALSoOPT_S2TIMING_NM,2021-09-02,28.0494410551376
v3.2.0,P2  (LAI=3.4),DYN_ALSoOPT_S2TIMING_NM,2021-09-03,27.7737740974437
v3.2.0,P2  (LAI=3.4),DYN_ALSoOPT_S2TIMING_NM,2021-09-04,26.928179464754
v3.2.0,P2  (LAI=3.4),DYN_ALSoOPT_S2TIMING_NM,2021-09-05,28.7578636889459
v3.2.0,P2  (LAI=3.4),DYN_ALSoOPT_S2TIMING_NM,2021-09-06,31.536644308373
v3.2.0,P2  (LAI=3.4),DYN_ALSoOPT_S2TIMING_NM,2021-09-07,32.6137356243798
v3.2.0,P2  (LAI=3.4),DYN_ALSoOPT_S2TIMING_NM,2021-09-08,28.172967900641
v3.2.0,P2  (LAI=3.4),DYN_ALSoOPT_S2TIMING_NM,2021-09-09,24.586090556185
v3.2.0,P2  (LAI=3.4),DYN_ALSoOPT_S2TIMING_NM,2021-09-10,24.4117808562673
v3.2.0,P2  (LAI=3.4),DYN_ALSoOPT_S2TIMING_NM,2021-09-11,23.6388677068033
v3.2.0,P2  (LAI=3.4),DYN_ALSoOPT_S2TIMING_NM,2021-09-12,25.7181296831124
v3.2.0,P2  (LAI=3.4),DYN_ALSoOPT_S2TIMING_NM,2021-09-13,28.6007984580576
v3.2.0,P2  (LAI=3.4),DYN_ALSoOPT_S2TIMING_NM,2021-09-14,27.3175672592507
v3.2.0,P2  (LAI=3.4),DYN_ALSoOPT_S2TIMING_NM,2021-09-15,24.0866607258303
v3.2.0,P2  (LAI=3.4),DYN_ALSoOPT_S2TIMING_NM,2021-09-16,23.1746450600681
v3.2.0,P2  (LAI=3.4),DYN_ALSoOPT_S2TIMING_NM,2021-09-17,23.5932863514113
v3.2.0,P2  (LAI=3.4),DYN_ALSoOPT_S2TIMING_NM,2021-09-18,21.5890939222255
v3.2.0,P2  (LAI=3.4),DYN_ALSoOPT_S2TIMING_NM,2021-09-19,18.1692634135839
v3.2.0,P2  (LAI=3.4),DYN_ALSoOPT_S2TIMING_NM,2021-09-20,18.981792394009
v3.2.0,P2  (LAI=3.4),DYN_ALSoOPT_S2TIMING_NM,2021-09-21,19.670157151663
v3.2.0,P2  (LAI=3.4),DYN_ALSoOPT_S2TIMING_NM,2021-09-22,22.2748865927106
v3.2.0,P2  (LAI=3.4),DYN_ALSoOPT_S2TIMING_NM,2021-09-23,24.4363428587528
v3.2.0,P2  (LAI=3.4),DYN_ALSoOPT_S2TIMING_NM,2021-09-24,24.6363737765194
v3.2.0,P2  (LAI=3.4),DYN_ALSoOPT_S2TIMING_NM,2021-09-25,23.2248999543663
v3.2.0,P2  (LAI=3.4),DYN_ALSoOPT_S2TIMING_NM,2021-09-26,21.9511304056252
v3.2.0,P2  (LAI=3.4),DYN_ALSoOPT_S2TIMING_NM,2021-09-27,20.294149404604
v3.2.0,P2  (LAI=3.4),DYN_ALSoOPT_S2TIMING_NM,2021-09-28,19.5207176903182
v3.2.0,P2  (LAI=3.4),DYN_ALSoOPT_S2TIMING_NM,2021-09-29,18.5055036470017
v3.2.0,P2  (LAI=3.4),DYN_ALSoOPT_S2TIMING_NM,2021-09-30,19.5533946922151
v3.2.0,P3  (LAI=4.7),STATIC_ALS,2021-06-01,28.3071838378907
v3.2.0,P3  (LAI=4.7),STATIC_ALS,2021-06-02,23.6301513671875
v3.2.0,P3  (LAI=4.7),STATIC_ALS,2021-06-03,26.3261352539063
v3.2.0,P3  (LAI=4.7),STATIC_ALS,2021-06-04,17.0614868164063
v3.2.0,P3  (LAI=4.7),STATIC_ALS,2021-06-05,21.5609680175782
v3.2.0,P3  (LAI=4.7),STATIC_ALS,2021-06-06,22.2552734375
v3.2.0,P3  (LAI=4.7),STATIC_ALS,2021-06-07,23.2659240722656
v3.2.0,P3  (LAI=4.7),STATIC_ALS,2021-06-08,25.7432189941407
v3.2.0,P3  (LAI=4.7),STATIC_ALS,2021-06-09,27.4132019042969
v3.2.0,P3  (LAI=4.7),STATIC_ALS,2021-06-10,27.9804016113282
v3.2.0,P3  (LAI=4.7),STATIC_ALS,2021-06-11,27.4886108398438
v3.2.0,P3  (LAI=4.7),STATIC_ALS,2021-06-12,27.3174072265625
v3.2.0,P3  (LAI=4.7),STATIC_ALS,2021-06-13,28.0292907714844
v3.2.0,P3  (LAI=4.7),STATIC_ALS,2021-06-14,30.2002807617188
v3.2.0,P3  (LAI=4.7),STATIC_ALS,2021-06-15,29.7980285644532
v3.2.0,P3  (LAI=4.7),STATIC_ALS,2021-06-16,31.3815856933594
v3.2.0,P3  (LAI=4.7),STATIC_ALS,2021-06-17,26.4558349609375
v3.2.0,P3  (LAI=4.7),STATIC_ALS,2021-06-18,24.3399597167969
v3.2.0,P3  (LAI=4.7),STATIC_ALS,2021-06-19,22.4203125
v3.2.0,P3  (LAI=4.7),STATIC_ALS,2021-06-20,22.5864196777344
v3.2.0,P3  (LAI=4.7),STATIC_ALS,2021-06-21,23.1830993652344
v3.2.0,P3  (LAI=4.7),STATIC_ALS,2021-06-22,20.8860717773438
v3.2.0,P3  (LAI=4.7),STATIC_ALS,2021-06-23,18.2181640625
v3.2.0,P3  (LAI=4.7),STATIC_ALS,2021-06-24,22.2939086914063
v3.2.0,P3  (LAI=4.7),STATIC_ALS,2021-06-25,22.0138488769532
v3.2.0,P3  (LAI=4.7),STATIC_ALS,2021-06-26,23.9954772949219
v3.2.0,P3  (LAI=4.7),STATIC_ALS,2021-06-27,18.6763549804688
v3.2.0,P3  (LAI=4.7),STATIC_ALS,2021-06-28,21.5419555664063
v3.2.0,P3  (LAI=4.7),STATIC_ALS,2021-06-29,19.327783203125
v3.2.0,P3  (LAI=4.7),STATIC_ALS,2021-06-30,19.8682495117188
v3.2.0,P3  (LAI=4.7),STATIC_ALS,2021-07-01,25.0226989746094
v3.2.0,P3  (LAI=4.7),STATIC_ALS,2021-07-02,25.647607421875
v3.2.0,P3  (LAI=4.7),STATIC_ALS,2021-07-03,22.7593322753906
v3.2.0,P3  (LAI=4.7),STATIC_ALS,2021-07-04,20.6306701660156
v3.2.0,P3  (LAI=4.7),STATIC_ALS,2021-07-05,22.7691284179688
v3.2.0,P3  (LAI=4.7),STATIC_ALS,2021-07-06,21.7497497558594
v3.2.0,P3  (LAI=4.7),STATIC_ALS,2021-07-07,21.7835021972657
v3.2.0,P3  (LAI=4.7),STATIC_ALS,2021-07-08,21.0693603515625
v3.2.0,P3  (LAI=4.7),STATIC_ALS,2021-07-09,21.948876953125
v3.2.0,P3  (LAI=4.7),STATIC_ALS,2021-07-10,19.0244689941406
v3.2.0,P3  (LAI=4.7),STATIC_ALS,2021-07-11,24.5814758300782
v3.2.0,P3  (LAI=4.7),STATIC_ALS,2021-07-12,20.7974182128907
v3.2.0,P3  (LAI=4.7),STATIC_ALS,2021-07-13,17.3746887207031
v3.2.0,P3  (LAI=4.7),STATIC_ALS,2021-07-14,22.2778869628907
v3.2.0,P3  (LAI=4.7),STATIC_ALS,2021-07-15,24.7536865234375
v3.2.0,P3  (LAI=4.7),STATIC_ALS,2021-07-16,21.3156982421875
v3.2.0,P3  (LAI=4.7),STATIC_ALS,2021-07-17,23.3251586914063
v3.2.0,P3  (LAI=4.7),STATIC_ALS,2021-07-18,29.3732238769532
v3.2.0,P3  (LAI=4.7),STATIC_ALS,2021-07-19,30.6498962402344
v3.2.0,P3  (LAI=4.7),STATIC_ALS,2021-07-20,29.9857421875
v3.2.0,P3  (LAI=4.7),STATIC_ALS,2021-07-21,30.2759948730469
v3.2.0,P3  (LAI=4.7),STATIC_ALS,2021-07-22,30.187646484375
v3.2.0,P3  (LAI=4.7),STATIC_ALS,2021-07-23,31.5582214355469
v3.2.0,P3  (LAI=4.7),STATIC_ALS,2021-07-24,24.9853149414063
v3.2.0,P3  (LAI=4.7),STATIC_ALS,2021-07-25,24.1876770019532
v3.2.0,P3  (LAI=4.7),STATIC_ALS,2021-07-26,24.4179626464844
v3.2.0,P3  (LAI=4.7),STATIC_ALS,2021-07-27,19.3501831054688
v3.2.0,P3  (LAI=4.7),STATIC_ALS,2021-07-28,22.8493896484375
v3.2.0,P3  (LAI=4.7),STATIC_ALS,2021-07-29,24.3949829101563
v3.2.0,P3  (LAI=4.7),STATIC_ALS,2021-07-30,23.7370849609375
v3.2.0,P3  (LAI=4.7),STATIC_ALS,2021-07-31,22.312646484375
v3.2.0,P3  (LAI=4.7),STATIC_ALS,2021-08-01,22.1756225585938
v3.2.0,P3  (LAI=4.7),STATIC_ALS,2021-08-02,22.2024475097657
v3.2.0,P3  (LAI=4.7),STATIC_ALS,2021-08-03,18.5635925292969
v3.2.0,P3  (LAI=4.7),STATIC_ALS,2021-08-04,19.0764709472657
v3.2.0,P3  (LAI=4.7),STATIC_ALS,2021-08-05,21.2448974609375
v3.2.0,P3  (LAI=4.7),STATIC_ALS,2021-08-06,22.0452209472656
v3.2.0,P3  (LAI=4.7),STATIC_ALS,2021-08-07,21.3798461914063
v3.2.0,P3  (LAI=4.7),STATIC_ALS,2021-08-08,21.9711853027344
v3.2.0,P3  (LAI=4.7),STATIC_ALS,2021-08-09,22.5437561035157
v3.2.0,P3  (LAI=4.7),STATIC_ALS,2021-08-10,26.7336364746094
v3.2.0,P3  (LAI=4.7),STATIC_ALS,2021-08-11,28.9339538574219
v3.2.0,P3  (LAI=4.7),STATIC_ALS,2021-08-12,29.8607727050782
v3.2.0,P3  (LAI=4.7),STATIC_ALS,2021-08-13,30.0947814941407
v3.2.0,P3  (LAI=4.7),STATIC_ALS,2021-08-14,32.2677856445313
v3.2.0,P3  (LAI=4.7),STATIC_ALS,2021-08-15,28.8484436035157
v3.2.0,P3  (LAI=4.7),STATIC_ALS,2021-08-16,22.5900817871094
v3.2.0,P3  (LAI=4.7),STATIC_ALS,2021-08-17,19.4642578125
v3.2.0,P3  (LAI=4.7),STATIC_ALS,2021-08-18,20.5168090820313
v3.2.0,P3  (LAI=4.7),STATIC_ALS,2021-08-19,19.9569641113281
v3.2.0,P3  (LAI=4.7),STATIC_ALS,2021-08-20,24.1106201171875
v3.2.0,P3  (LAI=4.7),STATIC_ALS,2021-08-21,24.9106689453125
v3.2.0,P3  (LAI=4.7),STATIC_ALS,2021-08-22,22.7742248535157
v3.2.0,P3  (LAI=4.7),STATIC_ALS,2021-08-23,22.9399658203125
v3.2.0,P3  (LAI=4.7),STATIC_ALS,2021-08-24,25.4017578125
v3.2.0,P3  (LAI=4.7),STATIC_ALS,2021-08-25,26.0823608398438
v3.2.0,P3  (LAI=4.7),STATIC_ALS,2021-08-26,23.8554931640625
v3.2.0,P3  (LAI=4.7),STATIC_ALS,2021-08-27,21.8036437988282
v3.2.0,P3  (LAI=4.7),STATIC_ALS,2021-08-28,21.5779357910156
v3.2.0,P3  (LAI=4.7),STATIC_ALS,2021-08-29,20.9592529296875
v3.2.0,P3  (LAI=4.7),STATIC_ALS,2021-08-30,22.0560852050781
v3.2.0,P3  (LAI=4.7),STATIC_ALS,2021-08-31,23.4220825195313
v3.2.0,P3  (LAI=4.7),STATIC_ALS,2021-09-01,25.2438903808594
v3.2.0,P3  (LAI=4.7),STATIC_ALS,2021-09-02,27.5830627441407
v3.2.0,P3  (LAI=4.7),STATIC_ALS,2021-09-03,27.3327575683594
v3.2.0,P3  (LAI=4.7),STATIC_ALS,2021-09-04,26.4311767578125
v3.2.0,P3  (LAI=4.7),STATIC_ALS,2021-09-05,28.2871032714844
v3.2.0,P3  (LAI=4.7),STATIC_ALS,2021-09-06,30.9392639160157
v3.2.0,P3  (LAI=4.7),STATIC_ALS,2021-09-07,32.1057067871094
v3.2.0,P3  (LAI=4.7),STATIC_ALS,2021-09-08,27.6220947265625
v3.2.0,P3  (LAI=4.7),STATIC_ALS,2021-09-09,24.0613647460938
v3.2.0,P3  (LAI=4.7),STATIC_ALS,2021-09-10,24.002587890625
v3.2.0,P3  (LAI=4.7),STATIC_ALS,2021-09-11,23.1762634277344
v3.2.0,P3  (LAI=4.7),STATIC_ALS,2021-09-12,25.2242980957032
v3.2.0,P3  (LAI=4.7),STATIC_ALS,2021-09-13,28.0645080566407
v3.2.0,P3  (LAI=4.7),STATIC_ALS,2021-09-14,26.6075988769532
v3.2.0,P3  (LAI=4.7),STATIC_ALS,2021-09-15,23.6093688964844
v3.2.0,P3  (LAI=4.7),STATIC_ALS,2021-09-16,22.7109008789063
v3.2.0,P3  (LAI=4.7),STATIC_ALS,2021-09-17,23.0740295410157
v3.2.0,P3  (LAI=4.7),STATIC_ALS,2021-09-18,21.0999084472657
v3.2.0,P3  (LAI=4.7),STATIC_ALS,2021-09-19,17.6603942871094
v3.2.0,P3  (LAI=4.7),STATIC_ALS,2021-09-20,18.61708984375
v3.2.0,P3  (LAI=4.7),STATIC_ALS,2021-09-21,19.164697265625
v3.2.0,P3  (LAI=4.7),STATIC_ALS,2021-09-22,21.7662292480469
v3.2.0,P3  (LAI=4.7),STATIC_ALS,2021-09-23,23.8563781738282
v3.2.0,P3  (LAI=4.7),STATIC_ALS,2021-09-24,24.2943054199219
v3.2.0,P3  (LAI=4.7),STATIC_ALS,2021-09-25,22.60927734375
v3.2.0,P3  (LAI=4.7),STATIC_ALS,2021-09-26,21.6022583007813
v3.2.0,P3  (LAI=4.7),STATIC_ALS,2021-09-27,20.0083251953125
v3.2.0,P3  (LAI=4.7),STATIC_ALS,2021-09-28,19.1306091308594
v3.2.0,P3  (LAI=4.7),STATIC_ALS,2021-09-29,18.0675903320313
v3.2.0,P3  (LAI=4.7),STATIC_ALS,2021-09-30,19.0330444335938
v3.2.0,P3  (LAI=4.7),STATIC_ALS_DOPT,2021-06-01,29.6286865234375
v3.2.0,P3  (LAI=4.7),STATIC_ALS_DOPT,2021-06-02,25.7147155761719
v3.2.0,P3  (LAI=4.7),STATIC_ALS_DOPT,2021-06-03,27.6364379882813
v3.2.0,P3  (LAI=4.7),STATIC_ALS_DOPT,2021-06-04,18.5373779296875
v3.2.0,P3  (LAI=4.7),STATIC_ALS_DOPT,2021-06-05,23.0773254394531
v3.2.0,P3  (LAI=4.7),STATIC_ALS_DOPT,2021-06-06,25.0862365722657
v3.2.0,P3  (LAI=4.7),STATIC_ALS_DOPT,2021-06-07,24.3334899902344
v3.2.0,P3  (LAI=4.7),STATIC_ALS_DOPT,2021-06-08,27.1670471191407
v3.2.0,P3  (LAI=4.7),STATIC_ALS_DOPT,2021-06-09,28.7249389648438
v3.2.0,P3  (LAI=4.7),STATIC_ALS_DOPT,2021-06-10,29.6020751953125
v3.2.0,P3  (LAI=4.7),STATIC_ALS_DOPT,2021-06-11,29.0209899902344
v3.2.0,P3  (LAI=4.7),STATIC_ALS_DOPT,2021-06-12,28.8623596191407
v3.2.0,P3  (LAI=4.7),STATIC_ALS_DOPT,2021-06-13,29.7730346679688
v3.2.0,P3  (LAI=4.7),STATIC_ALS_DOPT,2021-06-14,31.7859130859375
v3.2.0,P3  (LAI=4.7),STATIC_ALS_DOPT,2021-06-15,31.4609924316407
v3.2.0,P3  (LAI=4.7),STATIC_ALS_DOPT,2021-06-16,33.1849609375
v3.2.0,P3  (LAI=4.7),STATIC_ALS_DOPT,2021-06-17,27.9019714355469
v3.2.0,P3  (LAI=4.7),STATIC_ALS_DOPT,2021-06-18,25.8061767578125
v3.2.0,P3  (LAI=4.7),STATIC_ALS_DOPT,2021-06-19,24.3531433105469
v3.2.0,P3  (LAI=4.7),STATIC_ALS_DOPT,2021-06-20,24.2969909667969
v3.2.0,P3  (LAI=4.7),STATIC_ALS_DOPT,2021-06-21,24.9602905273438
v3.2.0,P3  (LAI=4.7),STATIC_ALS_DOPT,2021-06-22,22.9674621582031
v3.2.0,P3  (LAI=4.7),STATIC_ALS_DOPT,2021-06-23,19.4166809082031
v3.2.0,P3  (LAI=4.7),STATIC_ALS_DOPT,2021-06-24,23.9528137207032
v3.2.0,P3  (LAI=4.7),STATIC_ALS_DOPT,2021-06-25,22.9545227050782
v3.2.0,P3  (LAI=4.7),STATIC_ALS_DOPT,2021-06-26,24.6419311523438
v3.2.0,P3  (LAI=4.7),STATIC_ALS_DOPT,2021-06-27,20.4955993652344
v3.2.0,P3  (LAI=4.7),STATIC_ALS_DOPT,2021-06-28,22.9706665039063
v3.2.0,P3  (LAI=4.7),STATIC_ALS_DOPT,2021-06-29,21.127099609375
v3.2.0,P3  (LAI=4.7),STATIC_ALS_DOPT,2021-06-30,20.7116638183594
v3.2.0,P3  (LAI=4.7),STATIC_ALS_DOPT,2021-07-01,25.8476196289063
v3.2.0,P3  (LAI=4.7),STATIC_ALS_DOPT,2021-07-02,26.9890075683594
v3.2.0,P3  (LAI=4.7),STATIC_ALS_DOPT,2021-07-03,24.4688354492188
v3.2.0,P3  (LAI=4.7),STATIC_ALS_DOPT,2021-07-04,21.8897033691407
v3.2.0,P3  (LAI=4.7),STATIC_ALS_DOPT,2021-07-05,23.4213195800782
v3.2.0,P3  (LAI=4.7),STATIC_ALS_DOPT,2021-07-06,22.7532287597656
v3.2.0,P3  (LAI=4.7),STATIC_ALS_DOPT,2021-07-07,23.3203674316407
v3.2.0,P3  (LAI=4.7),STATIC_ALS_DOPT,2021-07-08,22.7296081542969
v3.2.0,P3  (LAI=4.7),STATIC_ALS_DOPT,2021-07-09,23.090478515625
v3.2.0,P3  (LAI=4.7),STATIC_ALS_DOPT,2021-07-10,20.4592834472657
v3.2.0,P3  (LAI=4.7),STATIC_ALS_DOPT,2021-07-11,25.8510986328125
v3.2.0,P3  (LAI=4.7),STATIC_ALS_DOPT,2021-07-12,22.1746154785156
v3.2.0,P3  (LAI=4.7),STATIC_ALS_DOPT,2021-07-13,18.3801513671875
v3.2.0,P3  (LAI=4.7),STATIC_ALS_DOPT,2021-07-14,23.6160522460938
v3.2.0,P3  (LAI=4.7),STATIC_ALS_DOPT,2021-07-15,25.7744079589844
v3.2.0,P3  (LAI=4.7),STATIC_ALS_DOPT,2021-07-16,22.1346374511719
v3.2.0,P3  (LAI=4.7),STATIC_ALS_DOPT,2021-07-17,24.6531311035157
v3.2.0,P3  (LAI=4.7),STATIC_ALS_DOPT,2021-07-18,30.7744384765625
v3.2.0,P3  (LAI=4.7),STATIC_ALS_DOPT,2021-07-19,32.0181823730469
v3.2.0,P3  (LAI=4.7),STATIC_ALS_DOPT,2021-07-20,31.5288635253907
v3.2.0,P3  (LAI=4.7),STATIC_ALS_DOPT,2021-07-21,31.8286071777344
v3.2.0,P3  (LAI=4.7),STATIC_ALS_DOPT,2021-07-22,31.7791381835938
v3.2.0,P3  (LAI=4.7),STATIC_ALS_DOPT,2021-07-23,32.4793334960938
v3.2.0,P3  (LAI=4.7),STATIC_ALS_DOPT,2021-07-24,26.5704284667969
v3.2.0,P3  (LAI=4.7),STATIC_ALS_DOPT,2021-07-25,25.4736267089844
v3.2.0,P3  (LAI=4.7),STATIC_ALS_DOPT,2021-07-26,25.912255859375
v3.2.0,P3  (LAI=4.7),STATIC_ALS_DOPT,2021-07-27,21.0664001464844
v3.2.0,P3  (LAI=4.7),STATIC_ALS_DOPT,2021-07-28,23.6421752929688
v3.2.0,P3  (LAI=4.7),STATIC_ALS_DOPT,2021-07-29,25.8206420898438
v3.2.0,P3  (LAI=4.7),STATIC_ALS_DOPT,2021-07-30,25.2504211425782
v3.2.0,P3  (LAI=4.7),STATIC_ALS_DOPT,2021-07-31,23.8314758300782
v3.2.0,P3  (LAI=4.7),STATIC_ALS_DOPT,2021-08-01,23.8396545410156
v3.2.0,P3  (LAI=4.7),STATIC_ALS_DOPT,2021-08-02,23.6297546386719
v3.2.0,P3  (LAI=4.7),STATIC_ALS_DOPT,2021-08-03,19.6869445800782
v3.2.0,P3  (LAI=4.7),STATIC_ALS_DOPT,2021-08-04,21.0986572265625
v3.2.0,P3  (LAI=4.7),STATIC_ALS_DOPT,2021-08-05,22.4012390136719
v3.2.0,P3  (LAI=4.7),STATIC_ALS_DOPT,2021-08-06,22.9439025878907
v3.2.0,P3  (LAI=4.7),STATIC_ALS_DOPT,2021-08-07,22.5310607910156
v3.2.0,P3  (LAI=4.7),STATIC_ALS_DOPT,2021-08-08,23.1488586425782
v3.2.0,P3  (LAI=4.7),STATIC_ALS_DOPT,2021-08-09,23.5869689941406
v3.2.0,P3  (LAI=4.7),STATIC_ALS_DOPT,2021-08-10,28.2225891113282
v3.2.0,P3  (LAI=4.7),STATIC_ALS_DOPT,2021-08-11,30.47255859375
v3.2.0,P3  (LAI=4.7),STATIC_ALS_DOPT,2021-08-12,31.3855834960938
v3.2.0,P3  (LAI=4.7),STATIC_ALS_DOPT,2021-08-13,31.4598327636719
v3.2.0,P3  (LAI=4.7),STATIC_ALS_DOPT,2021-08-14,33.43837890625
v3.2.0,P3  (LAI=4.7),STATIC_ALS_DOPT,2021-08-15,30.4904113769532
v3.2.0,P3  (LAI=4.7),STATIC_ALS_DOPT,2021-08-16,23.7422119140625
v3.2.0,P3  (LAI=4.7),STATIC_ALS_DOPT,2021-08-17,20.4932495117188
v3.2.0,P3  (LAI=4.7),STATIC_ALS_DOPT,2021-08-18,21.39443359375
v3.2.0,P3  (LAI=4.7),STATIC_ALS_DOPT,2021-08-19,20.6385131835938
v3.2.0,P3  (LAI=4.7),STATIC_ALS_DOPT,2021-08-20,25.0588928222657
v3.2.0,P3  (LAI=4.7),STATIC_ALS_DOPT,2021-08-21,26.5976806640625
v3.2.0,P3  (LAI=4.7),STATIC_ALS_DOPT,2021-08-22,27.4706665039063
v3.2.0,P3  (LAI=4.7),STATIC_ALS_DOPT,2021-08-23,24.0645690917969
v3.2.0,P3  (LAI=4.7),STATIC_ALS_DOPT,2021-08-24,26.7363525390625
v3.2.0,P3  (LAI=4.7),STATIC_ALS_DOPT,2021-08-25,27.414208984375
v3.2.0,P3  (LAI=4.7),STATIC_ALS_DOPT,2021-08-26,25.3554016113282
v3.2.0,P3  (LAI=4.7),STATIC_ALS_DOPT,2021-08-27,22.3869873046875
v3.2.0,P3  (LAI=4.7),STATIC_ALS_DOPT,2021-08-28,22.0314575195313
v3.2.0,P3  (LAI=4.7),STATIC_ALS_DOPT,2021-08-29,22.0909362792969
v3.2.0,P3  (LAI=4.7),STATIC_ALS_DOPT,2021-08-30,22.7795959472657
v3.2.0,P3  (LAI=4.7),STATIC_ALS_DOPT,2021-08-31,24.1574645996094
v3.2.0,P3  (LAI=4.7),STATIC_ALS_DOPT,2021-09-01,26.343896484375
v3.2.0,P3  (LAI=4.7),STATIC_ALS_DOPT,2021-09-02,28.7750183105469
v3.2.0,P3  (LAI=4.7),STATIC_ALS_DOPT,2021-09-03,28.4097229003907
v3.2.0,P3  (LAI=4.7),STATIC_ALS_DOPT,2021-09-04,27.8800903320313
v3.2.0,P3  (LAI=4.7),STATIC_ALS_DOPT,2021-09-05,29.2028137207032
v3.2.0,P3  (LAI=4.7),STATIC_ALS_DOPT,2021-09-06,32.2186218261719
v3.2.0,P3  (LAI=4.7),STATIC_ALS_DOPT,2021-09-07,33.1701293945313
v3.2.0,P3  (LAI=4.7),STATIC_ALS_DOPT,2021-09-08,28.9948364257813
v3.2.0,P3  (LAI=4.7),STATIC_ALS_DOPT,2021-09-09,25.4291931152344
v3.2.0,P3  (LAI=4.7),STATIC_ALS_DOPT,2021-09-10,25.31630859375
v3.2.0,P3  (LAI=4.7),STATIC_ALS_DOPT,2021-09-11,24.3849731445313
v3.2.0,P3  (LAI=4.7),STATIC_ALS_DOPT,2021-09-12,26.3665100097657
v3.2.0,P3  (LAI=4.7),STATIC_ALS_DOPT,2021-09-13,29.0752807617188
v3.2.0,P3  (LAI=4.7),STATIC_ALS_DOPT,2021-09-14,28.1501098632813
v3.2.0,P3  (LAI=4.7),STATIC_ALS_DOPT,2021-09-15,24.8335205078125
v3.2.0,P3  (LAI=4.7),STATIC_ALS_DOPT,2021-09-16,24.0025573730469
v3.2.0,P3  (LAI=4.7),STATIC_ALS_DOPT,2021-09-17,24.2630554199219
v3.2.0,P3  (LAI=4.7),STATIC_ALS_DOPT,2021-09-18,22.2622924804688
v3.2.0,P3  (LAI=4.7),STATIC_ALS_DOPT,2021-09-19,18.6097351074219
v3.2.0,P3  (LAI=4.7),STATIC_ALS_DOPT,2021-09-20,19.4842163085938
v3.2.0,P3  (LAI=4.7),STATIC_ALS_DOPT,2021-09-21,20.5505310058594
v3.2.0,P3  (LAI=4.7),STATIC_ALS_DOPT,2021-09-22,23.0370422363281
v3.2.0,P3  (LAI=4.7),STATIC_ALS_DOPT,2021-09-23,24.9004150390625
v3.2.0,P3  (LAI=4.7),STATIC_ALS_DOPT,2021-09-24,25.2020202636719
v3.2.0,P3  (LAI=4.7),STATIC_ALS_DOPT,2021-09-25,23.8470703125
v3.2.0,P3  (LAI=4.7),STATIC_ALS_DOPT,2021-09-26,22.3883911132813
v3.2.0,P3  (LAI=4.7),STATIC_ALS_DOPT,2021-09-27,20.7979064941406
v3.2.0,P3  (LAI=4.7),STATIC_ALS_DOPT,2021-09-28,20.839501953125
v3.2.0,P3  (LAI=4.7),STATIC_ALS_DOPT,2021-09-29,19.2719665527344
v3.2.0,P3  (LAI=4.7),STATIC_ALS_DOPT,2021-09-30,20.4746643066406
v3.2.0,P3  (LAI=4.7),DYN_S2_ATBD_NM,2021-06-01,28.4527221679688
v3.2.0,P3  (LAI=4.7),DYN_S2_ATBD_NM,2021-06-02,23.7881408691407
v3.2.0,P3  (LAI=4.7),DYN_S2_ATBD_NM,2021-06-03,26.4150329589844
v3.2.0,P3  (LAI=4.7),DYN_S2_ATBD_NM,2021-06-04,17.0931030273438
v3.2.0,P3  (LAI=4.7),DYN_S2_ATBD_NM,2021-06-05,21.6194396972656
v3.2.0,P3  (LAI=4.7),DYN_S2_ATBD_NM,2021-06-06,22.294580078125
v3.2.0,P3  (LAI=4.7),DYN_S2_ATBD_NM,2021-06-07,23.2994018554688
v3.2.0,P3  (LAI=4.7),DYN_S2_ATBD_NM,2021-06-08,25.7732788085938
v3.2.0,P3  (LAI=4.7),DYN_S2_ATBD_NM,2021-06-09,27.4324584960938
v3.2.0,P3  (LAI=4.7),DYN_S2_ATBD_NM,2021-06-10,27.99013671875
v3.2.0,P3  (LAI=4.7),DYN_S2_ATBD_NM,2021-06-11,27.4902893066407
v3.2.0,P3  (LAI=4.7),DYN_S2_ATBD_NM,2021-06-12,27.3084350585938
v3.2.0,P3  (LAI=4.7),DYN_S2_ATBD_NM,2021-06-13,28.0097900390625
v3.2.0,P3  (LAI=4.7),DYN_S2_ATBD_NM,2021-06-14,30.1708312988282
v3.2.0,P3  (LAI=4.7),DYN_S2_ATBD_NM,2021-06-15,29.766259765625
v3.2.0,P3  (LAI=4.7),DYN_S2_ATBD_NM,2021-06-16,31.3187805175782
v3.2.0,P3  (LAI=4.7),DYN_S2_ATBD_NM,2021-06-17,26.4150024414063
v3.2.0,P3  (LAI=4.7),DYN_S2_ATBD_NM,2021-06-18,24.3079162597657
v3.2.0,P3  (LAI=4.7),DYN_S2_ATBD_NM,2021-06-19,22.3752685546875
v3.2.0,P3  (LAI=4.7),DYN_S2_ATBD_NM,2021-06-20,22.5399719238282
v3.2.0,P3  (LAI=4.7),DYN_S2_ATBD_NM,2021-06-21,23.14052734375
v3.2.0,P3  (LAI=4.7),DYN_S2_ATBD_NM,2021-06-22,20.8404479980469
v3.2.0,P3  (LAI=4.7),DYN_S2_ATBD_NM,2021-06-23,18.1934753417969
v3.2.0,P3  (LAI=4.7),DYN_S2_ATBD_NM,2021-06-24,22.2580505371094
v3.2.0,P3  (LAI=4.7),DYN_S2_ATBD_NM,2021-06-25,21.9875732421875
v3.2.0,P3  (LAI=4.7),DYN_S2_ATBD_NM,2021-06-26,23.9664245605469
v3.2.0,P3  (LAI=4.7),DYN_S2_ATBD_NM,2021-06-27,18.6294189453125
v3.2.0,P3  (LAI=4.7),DYN_S2_ATBD_NM,2021-06-28,21.5111328125
v3.2.0,P3  (LAI=4.7),DYN_S2_ATBD_NM,2021-06-29,19.3344970703125
v3.2.0,P3  (LAI=4.7),DYN_S2_ATBD_NM,2021-06-30,19.8643737792969
v3.2.0,P3  (LAI=4.7),DYN_S2_ATBD_NM,2021-07-01,25.0232177734375
v3.2.0,P3  (LAI=4.7),DYN_S2_ATBD_NM,2021-07-02,25.6569763183594
v3.2.0,P3  (LAI=4.7),DYN_S2_ATBD_NM,2021-07-03,22.7704711914063
v3.2.0,P3  (LAI=4.7),DYN_S2_ATBD_NM,2021-07-04,20.6462646484375
v3.2.0,P3  (LAI=4.7),DYN_S2_ATBD_NM,2021-07-05,22.7817321777344
v3.2.0,P3  (LAI=4.7),DYN_S2_ATBD_NM,2021-07-06,21.7753234863281
v3.2.0,P3  (LAI=4.7),DYN_S2_ATBD_NM,2021-07-07,21.8298583984375
v3.2.0,P3  (LAI=4.7),DYN_S2_ATBD_NM,2021-07-08,21.1252685546875
v3.2.0,P3  (LAI=4.7),DYN_S2_ATBD_NM,2021-07-09,22.0085388183594
v3.2.0,P3  (LAI=4.7),DYN_S2_ATBD_NM,2021-07-10,19.0796447753907
v3.2.0,P3  (LAI=4.7),DYN_S2_ATBD_NM,2021-07-11,24.6774230957032
v3.2.0,P3  (LAI=4.7),DYN_S2_ATBD_NM,2021-07-12,20.8683410644531
v3.2.0,P3  (LAI=4.7),DYN_S2_ATBD_NM,2021-07-13,17.4482666015625
v3.2.0,P3  (LAI=4.7),DYN_S2_ATBD_NM,2021-07-14,22.379541015625
v3.2.0,P3  (LAI=4.7),DYN_S2_ATBD_NM,2021-07-15,24.8506103515625
v3.2.0,P3  (LAI=4.7),DYN_S2_ATBD_NM,2021-07-16,21.3881774902344
v3.2.0,P3  (LAI=4.7),DYN_S2_ATBD_NM,2021-07-17,23.4364868164063
v3.2.0,P3  (LAI=4.7),DYN_S2_ATBD_NM,2021-07-18,29.5461059570313
v3.2.0,P3  (LAI=4.7),DYN_S2_ATBD_NM,2021-07-19,30.8298583984375
v3.2.0,P3  (LAI=4.7),DYN_S2_ATBD_NM,2021-07-20,30.191064453125
v3.2.0,P3  (LAI=4.7),DYN_S2_ATBD_NM,2021-07-21,30.4976440429688
v3.2.0,P3  (LAI=4.7),DYN_S2_ATBD_NM,2021-07-22,30.4229675292969
v3.2.0,P3  (LAI=4.7),DYN_S2_ATBD_NM,2021-07-23,31.7331176757813
v3.2.0,P3  (LAI=4.7),DYN_S2_ATBD_NM,2021-07-24,25.1664672851563
v3.2.0,P3  (LAI=4.7),DYN_S2_ATBD_NM,2021-07-25,24.3364807128907
v3.2.0,P3  (LAI=4.7),DYN_S2_ATBD_NM,2021-07-26,24.6095825195313
v3.2.0,P3  (LAI=4.7),DYN_S2_ATBD_NM,2021-07-27,19.6316772460938
v3.2.0,P3  (LAI=4.7),DYN_S2_ATBD_NM,2021-07-28,22.9184814453125
v3.2.0,P3  (LAI=4.7),DYN_S2_ATBD_NM,2021-07-29,24.5805603027344
v3.2.0,P3  (LAI=4.7),DYN_S2_ATBD_NM,2021-07-30,23.9307800292969
v3.2.0,P3  (LAI=4.7),DYN_S2_ATBD_NM,2021-07-31,22.5016723632813
v3.2.0,P3  (LAI=4.7),DYN_S2_ATBD_NM,2021-08-01,22.3585144042969
v3.2.0,P3  (LAI=4.7),DYN_S2_ATBD_NM,2021-08-02,22.3676391601563
v3.2.0,P3  (LAI=4.7),DYN_S2_ATBD_NM,2021-08-03,18.6961303710938
v3.2.0,P3  (LAI=4.7),DYN_S2_ATBD_NM,2021-08-04,19.6730285644531
v3.2.0,P3  (LAI=4.7),DYN_S2_ATBD_NM,2021-08-05,21.4169860839844
v3.2.0,P3  (LAI=4.7),DYN_S2_ATBD_NM,2021-08-06,22.1641784667969
v3.2.0,P3  (LAI=4.7),DYN_S2_ATBD_NM,2021-08-07,21.5435729980469
v3.2.0,P3  (LAI=4.7),DYN_S2_ATBD_NM,2021-08-08,22.1363159179688
v3.2.0,P3  (LAI=4.7),DYN_S2_ATBD_NM,2021-08-09,22.7371154785157
v3.2.0,P3  (LAI=4.7),DYN_S2_ATBD_NM,2021-08-10,26.9701477050782
v3.2.0,P3  (LAI=4.7),DYN_S2_ATBD_NM,2021-08-11,29.1849304199219
v3.2.0,P3  (LAI=4.7),DYN_S2_ATBD_NM,2021-08-12,30.1230407714844
v3.2.0,P3  (LAI=4.7),DYN_S2_ATBD_NM,2021-08-13,30.3088928222657
v3.2.0,P3  (LAI=4.7),DYN_S2_ATBD_NM,2021-08-14,32.5312744140625
v3.2.0,P3  (LAI=4.7),DYN_S2_ATBD_NM,2021-08-15,29.1020141601563
v3.2.0,P3  (LAI=4.7),DYN_S2_ATBD_NM,2021-08-16,22.7339721679688
v3.2.0,P3  (LAI=4.7),DYN_S2_ATBD_NM,2021-08-17,19.5863891601563
v3.2.0,P3  (LAI=4.7),DYN_S2_ATBD_NM,2021-08-18,20.6315551757813
v3.2.0,P3  (LAI=4.7),DYN_S2_ATBD_NM,2021-08-19,20.0656982421875
v3.2.0,P3  (LAI=4.7),DYN_S2_ATBD_NM,2021-08-20,24.3353515625
v3.2.0,P3  (LAI=4.7),DYN_S2_ATBD_NM,2021-08-21,25.1544128417969
v3.2.0,P3  (LAI=4.7),DYN_S2_ATBD_NM,2021-08-22,22.9595886230469
v3.2.0,P3  (LAI=4.7),DYN_S2_ATBD_NM,2021-08-23,23.1013732910157
v3.2.0,P3  (LAI=4.7),DYN_S2_ATBD_NM,2021-08-24,25.6001831054688
v3.2.0,P3  (LAI=4.7),DYN_S2_ATBD_NM,2021-08-25,26.2831665039063
v3.2.0,P3  (LAI=4.7),DYN_S2_ATBD_NM,2021-08-26,24.0694519042969
v3.2.0,P3  (LAI=4.7),DYN_S2_ATBD_NM,2021-08-27,21.91396484375
v3.2.0,P3  (LAI=4.7),DYN_S2_ATBD_NM,2021-08-28,21.6666809082031
v3.2.0,P3  (LAI=4.7),DYN_S2_ATBD_NM,2021-08-29,21.1345458984375
v3.2.0,P3  (LAI=4.7),DYN_S2_ATBD_NM,2021-08-30,22.1822448730469
v3.2.0,P3  (LAI=4.7),DYN_S2_ATBD_NM,2021-08-31,23.5584045410157
v3.2.0,P3  (LAI=4.7),DYN_S2_ATBD_NM,2021-09-01,25.4238220214844
v3.2.0,P3  (LAI=4.7),DYN_S2_ATBD_NM,2021-09-02,27.8106628417969
v3.2.0,P3  (LAI=4.7),DYN_S2_ATBD_NM,2021-09-03,27.5666137695313
v3.2.0,P3  (LAI=4.7),DYN_S2_ATBD_NM,2021-09-04,26.6815124511719
v3.2.0,P3  (LAI=4.7),DYN_S2_ATBD_NM,2021-09-05,28.5749450683594
v3.2.0,P3  (LAI=4.7),DYN_S2_ATBD_NM,2021-09-06,31.2427307128907
v3.2.0,P3  (LAI=4.7),DYN_S2_ATBD_NM,2021-09-07,32.3696838378907
v3.2.0,P3  (LAI=4.7),DYN_S2_ATBD_NM,2021-09-08,27.9015747070313
v3.2.0,P3  (LAI=4.7),DYN_S2_ATBD_NM,2021-09-09,24.3209777832032
v3.2.0,P3  (LAI=4.7),DYN_S2_ATBD_NM,2021-09-10,24.2106262207032
v3.2.0,P3  (LAI=4.7),DYN_S2_ATBD_NM,2021-09-11,23.4246154785156
v3.2.0,P3  (LAI=4.7),DYN_S2_ATBD_NM,2021-09-12,25.4771362304688
v3.2.0,P3  (LAI=4.7),DYN_S2_ATBD_NM,2021-09-13,28.3540588378907
v3.2.0,P3  (LAI=4.7),DYN_S2_ATBD_NM,2021-09-14,26.9954467773438
v3.2.0,P3  (LAI=4.7),DYN_S2_ATBD_NM,2021-09-15,23.8605285644532
v3.2.0,P3  (LAI=4.7),DYN_S2_ATBD_NM,2021-09-16,22.9559265136719
v3.2.0,P3  (LAI=4.7),DYN_S2_ATBD_NM,2021-09-17,23.3574157714844
v3.2.0,P3  (LAI=4.7),DYN_S2_ATBD_NM,2021-09-18,21.3735290527344
v3.2.0,P3  (LAI=4.7),DYN_S2_ATBD_NM,2021-09-19,17.86220703125
v3.2.0,P3  (LAI=4.7),DYN_S2_ATBD_NM,2021-09-20,18.8238159179688
v3.2.0,P3  (LAI=4.7),DYN_S2_ATBD_NM,2021-09-21,19.4180541992188
v3.2.0,P3  (LAI=4.7),DYN_S2_ATBD_NM,2021-09-22,22.0573059082031
v3.2.0,P3  (LAI=4.7),DYN_S2_ATBD_NM,2021-09-23,24.2047668457032
v3.2.0,P3  (LAI=4.7),DYN_S2_ATBD_NM,2021-09-24,24.5300231933594
v3.2.0,P3  (LAI=4.7),DYN_S2_ATBD_NM,2021-09-25,22.99208984375
v3.2.0,P3  (LAI=4.7),DYN_S2_ATBD_NM,2021-09-26,21.8147827148438
v3.2.0,P3  (LAI=4.7),DYN_S2_ATBD_NM,2021-09-27,20.1852661132813
v3.2.0,P3  (LAI=4.7),DYN_S2_ATBD_NM,2021-09-28,19.3864379882813
v3.2.0,P3  (LAI=4.7),DYN_S2_ATBD_NM,2021-09-29,18.253076171875
v3.2.0,P3  (LAI=4.7),DYN_S2_ATBD_NM,2021-09-30,19.3144470214844
v3.2.0,P3  (LAI=4.7),DYN_S2_OPT_NM,2021-06-01,28.5822692871094
v3.2.0,P3  (LAI=4.7),DYN_S2_OPT_NM,2021-06-02,23.9591613769532
v3.2.0,P3  (LAI=4.7),DYN_S2_OPT_NM,2021-06-03,26.5212951660157
v3.2.0,P3  (LAI=4.7),DYN_S2_OPT_NM,2021-06-04,17.1418395996094
v3.2.0,P3  (LAI=4.7),DYN_S2_OPT_NM,2021-06-05,21.7205444335938
v3.2.0,P3  (LAI=4.7),DYN_S2_OPT_NM,2021-06-06,22.3779846191407
v3.2.0,P3  (LAI=4.7),DYN_S2_OPT_NM,2021-06-07,23.3817993164063
v3.2.0,P3  (LAI=4.7),DYN_S2_OPT_NM,2021-06-08,25.8845764160157
v3.2.0,P3  (LAI=4.7),DYN_S2_OPT_NM,2021-06-09,27.5476318359375
v3.2.0,P3  (LAI=4.7),DYN_S2_OPT_NM,2021-06-10,28.1096130371094
v3.2.0,P3  (LAI=4.7),DYN_S2_OPT_NM,2021-06-11,27.5902648925782
v3.2.0,P3  (LAI=4.7),DYN_S2_OPT_NM,2021-06-12,27.4294067382813
v3.2.0,P3  (LAI=4.7),DYN_S2_OPT_NM,2021-06-13,28.1411987304688
v3.2.0,P3  (LAI=4.7),DYN_S2_OPT_NM,2021-06-14,30.3185974121094
v3.2.0,P3  (LAI=4.7),DYN_S2_OPT_NM,2021-06-15,29.8920837402344
v3.2.0,P3  (LAI=4.7),DYN_S2_OPT_NM,2021-06-16,31.4980712890625
v3.2.0,P3  (LAI=4.7),DYN_S2_OPT_NM,2021-06-17,26.52626953125
v3.2.0,P3  (LAI=4.7),DYN_S2_OPT_NM,2021-06-18,24.3940673828125
v3.2.0,P3  (LAI=4.7),DYN_S2_OPT_NM,2021-06-19,22.4838806152344
v3.2.0,P3  (LAI=4.7),DYN_S2_OPT_NM,2021-06-20,22.6555114746094
v3.2.0,P3  (LAI=4.7),DYN_S2_OPT_NM,2021-06-21,23.2433715820313
v3.2.0,P3  (LAI=4.7),DYN_S2_OPT_NM,2021-06-22,20.9471069335938
v3.2.0,P3  (LAI=4.7),DYN_S2_OPT_NM,2021-06-23,18.2551513671875
v3.2.0,P3  (LAI=4.7),DYN_S2_OPT_NM,2021-06-24,22.3571716308594
v3.2.0,P3  (LAI=4.7),DYN_S2_OPT_NM,2021-06-25,22.0627380371094
v3.2.0,P3  (LAI=4.7),DYN_S2_OPT_NM,2021-06-26,24.0622802734375
v3.2.0,P3  (LAI=4.7),DYN_S2_OPT_NM,2021-06-27,18.7627502441407
v3.2.0,P3  (LAI=4.7),DYN_S2_OPT_NM,2021-06-28,21.6526428222656
v3.2.0,P3  (LAI=4.7),DYN_S2_OPT_NM,2021-06-29,19.4233642578125
v3.2.0,P3  (LAI=4.7),DYN_S2_OPT_NM,2021-06-30,19.9230895996094
v3.2.0,P3  (LAI=4.7),DYN_S2_OPT_NM,2021-07-01,25.106103515625
v3.2.0,P3  (LAI=4.7),DYN_S2_OPT_NM,2021-07-02,25.7729431152344
v3.2.0,P3  (LAI=4.7),DYN_S2_OPT_NM,2021-07-03,22.8575988769531
v3.2.0,P3  (LAI=4.7),DYN_S2_OPT_NM,2021-07-04,20.7227416992188
v3.2.0,P3  (LAI=4.7),DYN_S2_OPT_NM,2021-07-05,22.8220764160157
v3.2.0,P3  (LAI=4.7),DYN_S2_OPT_NM,2021-07-06,21.8416687011719
v3.2.0,P3  (LAI=4.7),DYN_S2_OPT_NM,2021-07-07,21.9265686035157
v3.2.0,P3  (LAI=4.7),DYN_S2_OPT_NM,2021-07-08,21.2241760253906
v3.2.0,P3  (LAI=4.7),DYN_S2_OPT_NM,2021-07-09,22.0990844726563
v3.2.0,P3  (LAI=4.7),DYN_S2_OPT_NM,2021-07-10,19.1870361328125
v3.2.0,P3  (LAI=4.7),DYN_S2_OPT_NM,2021-07-11,24.7833190917969
v3.2.0,P3  (LAI=4.7),DYN_S2_OPT_NM,2021-07-12,20.9487548828125
v3.2.0,P3  (LAI=4.7),DYN_S2_OPT_NM,2021-07-13,17.5273986816407
v3.2.0,P3  (LAI=4.7),DYN_S2_OPT_NM,2021-07-14,22.4707885742188
v3.2.0,P3  (LAI=4.7),DYN_S2_OPT_NM,2021-07-15,24.9288879394532
v3.2.0,P3  (LAI=4.7),DYN_S2_OPT_NM,2021-07-16,21.4471984863282
v3.2.0,P3  (LAI=4.7),DYN_S2_OPT_NM,2021-07-17,23.5183654785157
v3.2.0,P3  (LAI=4.7),DYN_S2_OPT_NM,2021-07-18,29.6615539550782
v3.2.0,P3  (LAI=4.7),DYN_S2_OPT_NM,2021-07-19,30.94326171875
v3.2.0,P3  (LAI=4.7),DYN_S2_OPT_NM,2021-07-20,30.3152709960938
v3.2.0,P3  (LAI=4.7),DYN_S2_OPT_NM,2021-07-21,30.6256042480469
v3.2.0,P3  (LAI=4.7),DYN_S2_OPT_NM,2021-07-22,30.5542236328125
v3.2.0,P3  (LAI=4.7),DYN_S2_OPT_NM,2021-07-23,31.8242431640625
v3.2.0,P3  (LAI=4.7),DYN_S2_OPT_NM,2021-07-24,25.2652526855469
v3.2.0,P3  (LAI=4.7),DYN_S2_OPT_NM,2021-07-25,24.4224792480469
v3.2.0,P3  (LAI=4.7),DYN_S2_OPT_NM,2021-07-26,24.7159057617188
v3.2.0,P3  (LAI=4.7),DYN_S2_OPT_NM,2021-07-27,19.8048950195313
v3.2.0,P3  (LAI=4.7),DYN_S2_OPT_NM,2021-07-28,22.9794250488282
v3.2.0,P3  (LAI=4.7),DYN_S2_OPT_NM,2021-07-29,24.6773315429688
v3.2.0,P3  (LAI=4.7),DYN_S2_OPT_NM,2021-07-30,24.0283752441407
v3.2.0,P3  (LAI=4.7),DYN_S2_OPT_NM,2021-07-31,22.6057067871094
v3.2.0,P3  (LAI=4.7),DYN_S2_OPT_NM,2021-08-01,22.4670349121094
v3.2.0,P3  (LAI=4.7),DYN_S2_OPT_NM,2021-08-02,22.4558349609375
v3.2.0,P3  (LAI=4.7),DYN_S2_OPT_NM,2021-08-03,18.7721496582031
v3.2.0,P3  (LAI=4.7),DYN_S2_OPT_NM,2021-08-04,19.819482421875
v3.2.0,P3  (LAI=4.7),DYN_S2_OPT_NM,2021-08-05,21.5033203125
v3.2.0,P3  (LAI=4.7),DYN_S2_OPT_NM,2021-08-06,22.2296691894532
v3.2.0,P3  (LAI=4.7),DYN_S2_OPT_NM,2021-08-07,21.6409240722657
v3.2.0,P3  (LAI=4.7),DYN_S2_OPT_NM,2021-08-08,22.2256713867188
v3.2.0,P3  (LAI=4.7),DYN_S2_OPT_NM,2021-08-09,22.9244018554688
v3.2.0,P3  (LAI=4.7),DYN_S2_OPT_NM,2021-08-10,27.0976806640625
v3.2.0,P3  (LAI=4.7),DYN_S2_OPT_NM,2021-08-11,29.3101135253907
v3.2.0,P3  (LAI=4.7),DYN_S2_OPT_NM,2021-08-12,30.2508483886719
v3.2.0,P3  (LAI=4.7),DYN_S2_OPT_NM,2021-08-13,30.4146362304688
v3.2.0,P3  (LAI=4.7),DYN_S2_OPT_NM,2021-08-14,32.6579833984375
v3.2.0,P3  (LAI=4.7),DYN_S2_OPT_NM,2021-08-15,29.2430053710938
v3.2.0,P3  (LAI=4.7),DYN_S2_OPT_NM,2021-08-16,22.8156982421875
v3.2.0,P3  (LAI=4.7),DYN_S2_OPT_NM,2021-08-17,19.6550842285157
v3.2.0,P3  (LAI=4.7),DYN_S2_OPT_NM,2021-08-18,20.6927734375
v3.2.0,P3  (LAI=4.7),DYN_S2_OPT_NM,2021-08-19,20.1233764648438
v3.2.0,P3  (LAI=4.7),DYN_S2_OPT_NM,2021-08-20,24.4405151367188
v3.2.0,P3  (LAI=4.7),DYN_S2_OPT_NM,2021-08-21,25.27919921875
v3.2.0,P3  (LAI=4.7),DYN_S2_OPT_NM,2021-08-22,23.0627380371094
v3.2.0,P3  (LAI=4.7),DYN_S2_OPT_NM,2021-08-23,23.1867004394532
v3.2.0,P3  (LAI=4.7),DYN_S2_OPT_NM,2021-08-24,25.7054077148438
v3.2.0,P3  (LAI=4.7),DYN_S2_OPT_NM,2021-08-25,26.3875366210938
v3.2.0,P3  (LAI=4.7),DYN_S2_OPT_NM,2021-08-26,24.1550842285157
v3.2.0,P3  (LAI=4.7),DYN_S2_OPT_NM,2021-08-27,21.96376953125
v3.2.0,P3  (LAI=4.7),DYN_S2_OPT_NM,2021-08-28,21.7076965332031
v3.2.0,P3  (LAI=4.7),DYN_S2_OPT_NM,2021-08-29,21.2239013671875
v3.2.0,P3  (LAI=4.7),DYN_S2_OPT_NM,2021-08-30,22.2449890136719
v3.2.0,P3  (LAI=4.7),DYN_S2_OPT_NM,2021-08-31,23.6242614746094
v3.2.0,P3  (LAI=4.7),DYN_S2_OPT_NM,2021-09-01,25.510400390625
v3.2.0,P3  (LAI=4.7),DYN_S2_OPT_NM,2021-09-02,27.914453125
v3.2.0,P3  (LAI=4.7),DYN_S2_OPT_NM,2021-09-03,27.6577392578125
v3.2.0,P3  (LAI=4.7),DYN_S2_OPT_NM,2021-09-04,26.7855163574219
v3.2.0,P3  (LAI=4.7),DYN_S2_OPT_NM,2021-09-05,28.6794677734375
v3.2.0,P3  (LAI=4.7),DYN_S2_OPT_NM,2021-09-06,31.3746276855469
v3.2.0,P3  (LAI=4.7),DYN_S2_OPT_NM,2021-09-07,32.4747253417969
v3.2.0,P3  (LAI=4.7),DYN_S2_OPT_NM,2021-09-08,28.0441833496094
v3.2.0,P3  (LAI=4.7),DYN_S2_OPT_NM,2021-09-09,24.4251037597657
v3.2.0,P3  (LAI=4.7),DYN_S2_OPT_NM,2021-09-10,24.2991577148438
v3.2.0,P3  (LAI=4.7),DYN_S2_OPT_NM,2021-09-11,23.5194641113282
v3.2.0,P3  (LAI=4.7),DYN_S2_OPT_NM,2021-09-12,25.5651794433594
v3.2.0,P3  (LAI=4.7),DYN_S2_OPT_NM,2021-09-13,28.4510437011719
v3.2.0,P3  (LAI=4.7),DYN_S2_OPT_NM,2021-09-14,27.1492858886719
v3.2.0,P3  (LAI=4.7),DYN_S2_OPT_NM,2021-09-15,23.9610229492188
v3.2.0,P3  (LAI=4.7),DYN_S2_OPT_NM,2021-09-16,23.0460754394532
v3.2.0,P3  (LAI=4.7),DYN_S2_OPT_NM,2021-09-17,23.4581848144531
v3.2.0,P3  (LAI=4.7),DYN_S2_OPT_NM,2021-09-18,21.47158203125
v3.2.0,P3  (LAI=4.7),DYN_S2_OPT_NM,2021-09-19,17.9364868164063
v3.2.0,P3  (LAI=4.7),DYN_S2_OPT_NM,2021-09-20,18.8905578613281
v3.2.0,P3  (LAI=4.7),DYN_S2_OPT_NM,2021-09-21,19.5268493652344
v3.2.0,P3  (LAI=4.7),DYN_S2_OPT_NM,2021-09-22,22.1469970703125
v3.2.0,P3  (LAI=4.7),DYN_S2_OPT_NM,2021-09-23,24.2967468261719
v3.2.0,P3  (LAI=4.7),DYN_S2_OPT_NM,2021-09-24,24.5832458496094
v3.2.0,P3  (LAI=4.7),DYN_S2_OPT_NM,2021-09-25,23.093408203125
v3.2.0,P3  (LAI=4.7),DYN_S2_OPT_NM,2021-09-26,21.8773132324219
v3.2.0,P3  (LAI=4.7),DYN_S2_OPT_NM,2021-09-27,20.2429443359375
v3.2.0,P3  (LAI=4.7),DYN_S2_OPT_NM,2021-09-28,19.4645935058594
v3.2.0,P3  (LAI=4.7),DYN_S2_OPT_NM,2021-09-29,18.3814331054688
v3.2.0,P3  (LAI=4.7),DYN_S2_OPT_NM,2021-09-30,19.399560546875
v3.2.0,P3  (LAI=4.7),DYN_ATBD_rfull_NM,2021-06-01,28.7619567871094
v3.2.0,P3  (LAI=4.7),DYN_ATBD_rfull_NM,2021-06-02,24.0324951171875
v3.2.0,P3  (LAI=4.7),DYN_ATBD_rfull_NM,2021-06-03,26.6750732421875
v3.2.0,P3  (LAI=4.7),DYN_ATBD_rfull_NM,2021-06-04,17.219384765625
v3.2.0,P3  (LAI=4.7),DYN_ATBD_rfull_NM,2021-06-05,21.8691040039063
v3.2.0,P3  (LAI=4.7),DYN_ATBD_rfull_NM,2021-06-06,22.5027099609375
v3.2.0,P3  (LAI=4.7),DYN_ATBD_rfull_NM,2021-06-07,23.5145202636719
v3.2.0,P3  (LAI=4.7),DYN_ATBD_rfull_NM,2021-06-08,26.0453430175782
v3.2.0,P3  (LAI=4.7),DYN_ATBD_rfull_NM,2021-06-09,27.711328125
v3.2.0,P3  (LAI=4.7),DYN_ATBD_rfull_NM,2021-06-10,28.2770324707032
v3.2.0,P3  (LAI=4.7),DYN_ATBD_rfull_NM,2021-06-11,27.7376037597657
v3.2.0,P3  (LAI=4.7),DYN_ATBD_rfull_NM,2021-06-12,27.6052185058594
v3.2.0,P3  (LAI=4.7),DYN_ATBD_rfull_NM,2021-06-13,28.339990234375
v3.2.0,P3  (LAI=4.7),DYN_ATBD_rfull_NM,2021-06-14,30.5377136230469
v3.2.0,P3  (LAI=4.7),DYN_ATBD_rfull_NM,2021-06-15,30.0969787597657
v3.2.0,P3  (LAI=4.7),DYN_ATBD_rfull_NM,2021-06-16,31.8069702148438
v3.2.0,P3  (LAI=4.7),DYN_ATBD_rfull_NM,2021-06-17,26.6845031738282
v3.2.0,P3  (LAI=4.7),DYN_ATBD_rfull_NM,2021-06-18,24.5299926757813
v3.2.0,P3  (LAI=4.7),DYN_ATBD_rfull_NM,2021-06-19,22.7617431640625
v3.2.0,P3  (LAI=4.7),DYN_ATBD_rfull_NM,2021-06-20,22.8273559570313
v3.2.0,P3  (LAI=4.7),DYN_ATBD_rfull_NM,2021-06-21,23.3969970703125
v3.2.0,P3  (LAI=4.7),DYN_ATBD_rfull_NM,2021-06-22,21.1206909179688
v3.2.0,P3  (LAI=4.7),DYN_ATBD_rfull_NM,2021-06-23,18.3559204101563
v3.2.0,P3  (LAI=4.7),DYN_ATBD_rfull_NM,2021-06-24,22.5066772460938
v3.2.0,P3  (LAI=4.7),DYN_ATBD_rfull_NM,2021-06-25,22.1787353515625
v3.2.0,P3  (LAI=4.7),DYN_ATBD_rfull_NM,2021-06-26,24.1884704589844
v3.2.0,P3  (LAI=4.7),DYN_ATBD_rfull_NM,2021-06-27,18.9835144042969
v3.2.0,P3  (LAI=4.7),DYN_ATBD_rfull_NM,2021-06-28,21.8425842285156
v3.2.0,P3  (LAI=4.7),DYN_ATBD_rfull_NM,2021-06-29,19.5163818359375
v3.2.0,P3  (LAI=4.7),DYN_ATBD_rfull_NM,2021-06-30,20.0148864746094
v3.2.0,P3  (LAI=4.7),DYN_ATBD_rfull_NM,2021-07-01,25.2151428222657
v3.2.0,P3  (LAI=4.7),DYN_ATBD_rfull_NM,2021-07-02,25.9436889648438
v3.2.0,P3  (LAI=4.7),DYN_ATBD_rfull_NM,2021-07-03,22.9997802734375
v3.2.0,P3  (LAI=4.7),DYN_ATBD_rfull_NM,2021-07-04,20.8433166503906
v3.2.0,P3  (LAI=4.7),DYN_ATBD_rfull_NM,2021-07-05,22.8869873046875
v3.2.0,P3  (LAI=4.7),DYN_ATBD_rfull_NM,2021-07-06,21.9492126464844
v3.2.0,P3  (LAI=4.7),DYN_ATBD_rfull_NM,2021-07-07,22.0743041992188
v3.2.0,P3  (LAI=4.7),DYN_ATBD_rfull_NM,2021-07-08,21.378076171875
v3.2.0,P3  (LAI=4.7),DYN_ATBD_rfull_NM,2021-07-09,22.2348571777344
v3.2.0,P3  (LAI=4.7),DYN_ATBD_rfull_NM,2021-07-10,19.4140258789063
v3.2.0,P3  (LAI=4.7),DYN_ATBD_rfull_NM,2021-07-11,24.9340454101563
v3.2.0,P3  (LAI=4.7),DYN_ATBD_rfull_NM,2021-07-12,21.0685974121094
v3.2.0,P3  (LAI=4.7),DYN_ATBD_rfull_NM,2021-07-13,17.6682983398438
v3.2.0,P3  (LAI=4.7),DYN_ATBD_rfull_NM,2021-07-14,22.610986328125
v3.2.0,P3  (LAI=4.7),DYN_ATBD_rfull_NM,2021-07-15,25.0462890625
v3.2.0,P3  (LAI=4.7),DYN_ATBD_rfull_NM,2021-07-16,21.53603515625
v3.2.0,P3  (LAI=4.7),DYN_ATBD_rfull_NM,2021-07-17,23.6452270507813
v3.2.0,P3  (LAI=4.7),DYN_ATBD_rfull_NM,2021-07-18,29.8338256835938
v3.2.0,P3  (LAI=4.7),DYN_ATBD_rfull_NM,2021-07-19,31.1129089355469
v3.2.0,P3  (LAI=4.7),DYN_ATBD_rfull_NM,2021-07-20,30.4980407714844
v3.2.0,P3  (LAI=4.7),DYN_ATBD_rfull_NM,2021-07-21,30.8146911621094
v3.2.0,P3  (LAI=4.7),DYN_ATBD_rfull_NM,2021-07-22,30.7442260742188
v3.2.0,P3  (LAI=4.7),DYN_ATBD_rfull_NM,2021-07-23,31.9548278808594
v3.2.0,P3  (LAI=4.7),DYN_ATBD_rfull_NM,2021-07-24,25.4146362304688
v3.2.0,P3  (LAI=4.7),DYN_ATBD_rfull_NM,2021-07-25,24.5521179199219
v3.2.0,P3  (LAI=4.7),DYN_ATBD_rfull_NM,2021-07-26,24.855126953125
v3.2.0,P3  (LAI=4.7),DYN_ATBD_rfull_NM,2021-07-27,19.9106384277344
v3.2.0,P3  (LAI=4.7),DYN_ATBD_rfull_NM,2021-07-28,23.0744873046875
v3.2.0,P3  (LAI=4.7),DYN_ATBD_rfull_NM,2021-07-29,24.8197570800782
v3.2.0,P3  (LAI=4.7),DYN_ATBD_rfull_NM,2021-07-30,24.1877075195313
v3.2.0,P3  (LAI=4.7),DYN_ATBD_rfull_NM,2021-07-31,22.7380920410157
v3.2.0,P3  (LAI=4.7),DYN_ATBD_rfull_NM,2021-08-01,22.6108947753907
v3.2.0,P3  (LAI=4.7),DYN_ATBD_rfull_NM,2021-08-02,22.5817199707031
v3.2.0,P3  (LAI=4.7),DYN_ATBD_rfull_NM,2021-08-03,18.8796020507813
v3.2.0,P3  (LAI=4.7),DYN_ATBD_rfull_NM,2021-08-04,19.8698364257813
v3.2.0,P3  (LAI=4.7),DYN_ATBD_rfull_NM,2021-08-05,21.6383605957031
v3.2.0,P3  (LAI=4.7),DYN_ATBD_rfull_NM,2021-08-06,22.3305908203125
v3.2.0,P3  (LAI=4.7),DYN_ATBD_rfull_NM,2021-08-07,21.7407165527344
v3.2.0,P3  (LAI=4.7),DYN_ATBD_rfull_NM,2021-08-08,22.3630615234375
v3.2.0,P3  (LAI=4.7),DYN_ATBD_rfull_NM,2021-08-09,22.9615417480469
v3.2.0,P3  (LAI=4.7),DYN_ATBD_rfull_NM,2021-08-10,27.2617736816407
v3.2.0,P3  (LAI=4.7),DYN_ATBD_rfull_NM,2021-08-11,29.4759460449219
v3.2.0,P3  (LAI=4.7),DYN_ATBD_rfull_NM,2021-08-12,30.4226623535157
v3.2.0,P3  (LAI=4.7),DYN_ATBD_rfull_NM,2021-08-13,30.5608459472657
v3.2.0,P3  (LAI=4.7),DYN_ATBD_rfull_NM,2021-08-14,32.8281494140625
v3.2.0,P3  (LAI=4.7),DYN_ATBD_rfull_NM,2021-08-15,29.4458557128907
v3.2.0,P3  (LAI=4.7),DYN_ATBD_rfull_NM,2021-08-16,22.9294067382813
v3.2.0,P3  (LAI=4.7),DYN_ATBD_rfull_NM,2021-08-17,19.7602783203125
v3.2.0,P3  (LAI=4.7),DYN_ATBD_rfull_NM,2021-08-18,20.7831970214844
v3.2.0,P3  (LAI=4.7),DYN_ATBD_rfull_NM,2021-08-19,20.2061096191406
v3.2.0,P3  (LAI=4.7),DYN_ATBD_rfull_NM,2021-08-20,24.5812316894532
v3.2.0,P3  (LAI=4.7),DYN_ATBD_rfull_NM,2021-08-21,25.4618774414063
v3.2.0,P3  (LAI=4.7),DYN_ATBD_rfull_NM,2021-08-22,23.2177673339844
v3.2.0,P3  (LAI=4.7),DYN_ATBD_rfull_NM,2021-08-23,23.3122192382813
v3.2.0,P3  (LAI=4.7),DYN_ATBD_rfull_NM,2021-08-24,25.8637023925782
v3.2.0,P3  (LAI=4.7),DYN_ATBD_rfull_NM,2021-08-25,26.543359375
v3.2.0,P3  (LAI=4.7),DYN_ATBD_rfull_NM,2021-08-26,24.3297058105469
v3.2.0,P3  (LAI=4.7),DYN_ATBD_rfull_NM,2021-08-27,22.0468688964844
v3.2.0,P3  (LAI=4.7),DYN_ATBD_rfull_NM,2021-08-28,21.7737365722657
v3.2.0,P3  (LAI=4.7),DYN_ATBD_rfull_NM,2021-08-29,21.3596740722656
v3.2.0,P3  (LAI=4.7),DYN_ATBD_rfull_NM,2021-08-30,22.3445678710938
v3.2.0,P3  (LAI=4.7),DYN_ATBD_rfull_NM,2021-08-31,23.7248779296875
v3.2.0,P3  (LAI=4.7),DYN_ATBD_rfull_NM,2021-09-01,25.6422058105469
v3.2.0,P3  (LAI=4.7),DYN_ATBD_rfull_NM,2021-09-02,28.0674072265625
v3.2.0,P3  (LAI=4.7),DYN_ATBD_rfull_NM,2021-09-03,27.7722717285157
v3.2.0,P3  (LAI=4.7),DYN_ATBD_rfull_NM,2021-09-04,26.9306884765625
v3.2.0,P3  (LAI=4.7),DYN_ATBD_rfull_NM,2021-09-05,28.8185363769532
v3.2.0,P3  (LAI=4.7),DYN_ATBD_rfull_NM,2021-09-06,31.5615783691407
v3.2.0,P3  (LAI=4.7),DYN_ATBD_rfull_NM,2021-09-07,32.6262145996094
v3.2.0,P3  (LAI=4.7),DYN_ATBD_rfull_NM,2021-09-08,28.2527709960938
v3.2.0,P3  (LAI=4.7),DYN_ATBD_rfull_NM,2021-09-09,24.5978942871094
v3.2.0,P3  (LAI=4.7),DYN_ATBD_rfull_NM,2021-09-10,25.7625671386719
v3.2.0,P3  (LAI=4.7),DYN_ATBD_rfull_NM,2021-09-11,23.6476379394532
v3.2.0,P3  (LAI=4.7),DYN_ATBD_rfull_NM,2021-09-12,25.683740234375
v3.2.0,P3  (LAI=4.7),DYN_ATBD_rfull_NM,2021-09-13,28.5779663085938
v3.2.0,P3  (LAI=4.7),DYN_ATBD_rfull_NM,2021-09-14,27.3532348632813
v3.2.0,P3  (LAI=4.7),DYN_ATBD_rfull_NM,2021-09-15,24.0985046386719
v3.2.0,P3  (LAI=4.7),DYN_ATBD_rfull_NM,2021-09-16,23.1849304199219
v3.2.0,P3  (LAI=4.7),DYN_ATBD_rfull_NM,2021-09-17,23.5941101074219
v3.2.0,P3  (LAI=4.7),DYN_ATBD_rfull_NM,2021-09-18,21.609765625
v3.2.0,P3  (LAI=4.7),DYN_ATBD_rfull_NM,2021-09-19,18.1417785644531
v3.2.0,P3  (LAI=4.7),DYN_ATBD_rfull_NM,2021-09-20,18.98623046875
v3.2.0,P3  (LAI=4.7),DYN_ATBD_rfull_NM,2021-09-21,19.6767822265625
v3.2.0,P3  (LAI=4.7),DYN_ATBD_rfull_NM,2021-09-22,22.2765747070313
v3.2.0,P3  (LAI=4.7),DYN_ATBD_rfull_NM,2021-09-23,24.4221435546875
v3.2.0,P3  (LAI=4.7),DYN_ATBD_rfull_NM,2021-09-24,24.6506591796875
v3.2.0,P3  (LAI=4.7),DYN_ATBD_rfull_NM,2021-09-25,23.2394958496094
v3.2.0,P3  (LAI=4.7),DYN_ATBD_rfull_NM,2021-09-26,21.9410949707031
v3.2.0,P3  (LAI=4.7),DYN_ATBD_rfull_NM,2021-09-27,20.34365234375
v3.2.0,P3  (LAI=4.7),DYN_ATBD_rfull_NM,2021-09-28,19.5765930175781
v3.2.0,P3  (LAI=4.7),DYN_ATBD_rfull_NM,2021-09-29,18.5331359863281
v3.2.0,P3  (LAI=4.7),DYN_ATBD_rfull_NM,2021-09-30,19.5443359375
v3.2.0,P3  (LAI=4.7),DYN_OPT_rdopt_NM,2021-06-01,29.6911865234375
v3.2.0,P3  (LAI=4.7),DYN_OPT_rdopt_NM,2021-06-02,25.7520080566407
v3.2.0,P3  (LAI=4.7),DYN_OPT_rdopt_NM,2021-06-03,27.6492553710938
v3.2.0,P3  (LAI=4.7),DYN_OPT_rdopt_NM,2021-06-04,18.4462829589844
v3.2.0,P3  (LAI=4.7),DYN_OPT_rdopt_NM,2021-06-05,23.03896484375
v3.2.0,P3  (LAI=4.7),DYN_OPT_rdopt_NM,2021-06-06,23.6821533203125
v3.2.0,P3  (LAI=4.7),DYN_OPT_rdopt_NM,2021-06-07,24.2668090820313
v3.2.0,P3  (LAI=4.7),DYN_OPT_rdopt_NM,2021-06-08,27.0735412597657
v3.2.0,P3  (LAI=4.7),DYN_OPT_rdopt_NM,2021-06-09,28.625146484375
v3.2.0,P3  (LAI=4.7),DYN_OPT_rdopt_NM,2021-06-10,29.4483276367188
v3.2.0,P3  (LAI=4.7),DYN_OPT_rdopt_NM,2021-06-11,28.85390625
v3.2.0,P3  (LAI=4.7),DYN_OPT_rdopt_NM,2021-06-12,28.7090698242188
v3.2.0,P3  (LAI=4.7),DYN_OPT_rdopt_NM,2021-06-13,29.6023803710938
v3.2.0,P3  (LAI=4.7),DYN_OPT_rdopt_NM,2021-06-14,31.58974609375
v3.2.0,P3  (LAI=4.7),DYN_OPT_rdopt_NM,2021-06-15,31.2557922363282
v3.2.0,P3  (LAI=4.7),DYN_OPT_rdopt_NM,2021-06-16,33.0287719726563
v3.2.0,P3  (LAI=4.7),DYN_OPT_rdopt_NM,2021-06-17,27.7078796386719
v3.2.0,P3  (LAI=4.7),DYN_OPT_rdopt_NM,2021-06-18,25.6313720703125
v3.2.0,P3  (LAI=4.7),DYN_OPT_rdopt_NM,2021-06-19,24.438623046875
v3.2.0,P3  (LAI=4.7),DYN_OPT_rdopt_NM,2021-06-20,24.0739990234375
v3.2.0,P3  (LAI=4.7),DYN_OPT_rdopt_NM,2021-06-21,24.7435852050782
v3.2.0,P3  (LAI=4.7),DYN_OPT_rdopt_NM,2021-06-22,22.7226501464844
v3.2.0,P3  (LAI=4.7),DYN_OPT_rdopt_NM,2021-06-23,19.2666564941406
v3.2.0,P3  (LAI=4.7),DYN_OPT_rdopt_NM,2021-06-24,23.7156311035157
v3.2.0,P3  (LAI=4.7),DYN_OPT_rdopt_NM,2021-06-25,22.83388671875
v3.2.0,P3  (LAI=4.7),DYN_OPT_rdopt_NM,2021-06-26,24.5508056640625
v3.2.0,P3  (LAI=4.7),DYN_OPT_rdopt_NM,2021-06-27,20.3304382324219
v3.2.0,P3  (LAI=4.7),DYN_OPT_rdopt_NM,2021-06-28,22.826318359375
v3.2.0,P3  (LAI=4.7),DYN_OPT_rdopt_NM,2021-06-29,20.9577270507813
v3.2.0,P3  (LAI=4.7),DYN_OPT_rdopt_NM,2021-06-30,20.6360412597657
v3.2.0,P3  (LAI=4.7),DYN_OPT_rdopt_NM,2021-07-01,25.7769104003907
v3.2.0,P3  (LAI=4.7),DYN_OPT_rdopt_NM,2021-07-02,26.8821350097657
v3.2.0,P3  (LAI=4.7),DYN_OPT_rdopt_NM,2021-07-03,24.3525024414063
v3.2.0,P3  (LAI=4.7),DYN_OPT_rdopt_NM,2021-07-04,21.8229614257813
v3.2.0,P3  (LAI=4.7),DYN_OPT_rdopt_NM,2021-07-05,23.4056640625
v3.2.0,P3  (LAI=4.7),DYN_OPT_rdopt_NM,2021-07-06,22.7181640625
v3.2.0,P3  (LAI=4.7),DYN_OPT_rdopt_NM,2021-07-07,23.2830749511719
v3.2.0,P3  (LAI=4.7),DYN_OPT_rdopt_NM,2021-07-08,22.7070556640625
v3.2.0,P3  (LAI=4.7),DYN_OPT_rdopt_NM,2021-07-09,23.0865417480469
v3.2.0,P3  (LAI=4.7),DYN_OPT_rdopt_NM,2021-07-10,20.4647766113282
v3.2.0,P3  (LAI=4.7),DYN_OPT_rdopt_NM,2021-07-11,25.8862243652344
v3.2.0,P3  (LAI=4.7),DYN_OPT_rdopt_NM,2021-07-12,22.2038208007813
v3.2.0,P3  (LAI=4.7),DYN_OPT_rdopt_NM,2021-07-13,18.4062438964844
v3.2.0,P3  (LAI=4.7),DYN_OPT_rdopt_NM,2021-07-14,23.68544921875
v3.2.0,P3  (LAI=4.7),DYN_OPT_rdopt_NM,2021-07-15,25.8442016601563
v3.2.0,P3  (LAI=4.7),DYN_OPT_rdopt_NM,2021-07-16,22.1918579101563
v3.2.0,P3  (LAI=4.7),DYN_OPT_rdopt_NM,2021-07-17,24.76845703125
v3.2.0,P3  (LAI=4.7),DYN_OPT_rdopt_NM,2021-07-18,30.8967834472657
v3.2.0,P3  (LAI=4.7),DYN_OPT_rdopt_NM,2021-07-19,32.1498352050782
v3.2.0,P3  (LAI=4.7),DYN_OPT_rdopt_NM,2021-07-20,31.6893249511719
v3.2.0,P3  (LAI=4.7),DYN_OPT_rdopt_NM,2021-07-21,32.0028625488282
v3.2.0,P3  (LAI=4.7),DYN_OPT_rdopt_NM,2021-07-22,31.9638610839844
v3.2.0,P3  (LAI=4.7),DYN_OPT_rdopt_NM,2021-07-23,32.5924926757813
v3.2.0,P3  (LAI=4.7),DYN_OPT_rdopt_NM,2021-07-24,26.7645812988282
v3.2.0,P3  (LAI=4.7),DYN_OPT_rdopt_NM,2021-07-25,25.6356140136719
v3.2.0,P3  (LAI=4.7),DYN_OPT_rdopt_NM,2021-07-26,26.1018615722657
v3.2.0,P3  (LAI=4.7),DYN_OPT_rdopt_NM,2021-07-27,21.218896484375
v3.2.0,P3  (LAI=4.7),DYN_OPT_rdopt_NM,2021-07-28,23.752587890625
v3.2.0,P3  (LAI=4.7),DYN_OPT_rdopt_NM,2021-07-29,26.0386901855469
v3.2.0,P3  (LAI=4.7),DYN_OPT_rdopt_NM,2021-07-30,25.4536376953125
v3.2.0,P3  (LAI=4.7),DYN_OPT_rdopt_NM,2021-07-31,24.0516906738282
v3.2.0,P3  (LAI=4.7),DYN_OPT_rdopt_NM,2021-08-01,24.0598388671875
v3.2.0,P3  (LAI=4.7),DYN_OPT_rdopt_NM,2021-08-02,23.8368774414063
v3.2.0,P3  (LAI=4.7),DYN_OPT_rdopt_NM,2021-08-03,19.8261047363282
v3.2.0,P3  (LAI=4.7),DYN_OPT_rdopt_NM,2021-08-04,21.2766052246094
v3.2.0,P3  (LAI=4.7),DYN_OPT_rdopt_NM,2021-08-05,22.5432678222656
v3.2.0,P3  (LAI=4.7),DYN_OPT_rdopt_NM,2021-08-06,23.0694519042969
v3.2.0,P3  (LAI=4.7),DYN_OPT_rdopt_NM,2021-08-07,22.6604248046875
v3.2.0,P3  (LAI=4.7),DYN_OPT_rdopt_NM,2021-08-08,23.3023315429688
v3.2.0,P3  (LAI=4.7),DYN_OPT_rdopt_NM,2021-08-09,23.7201782226563
v3.2.0,P3  (LAI=4.7),DYN_OPT_rdopt_NM,2021-08-10,28.4179626464844
v3.2.0,P3  (LAI=4.7),DYN_OPT_rdopt_NM,2021-08-11,30.6469665527344
v3.2.0,P3  (LAI=4.7),DYN_OPT_rdopt_NM,2021-08-12,31.6205688476563
v3.2.0,P3  (LAI=4.7),DYN_OPT_rdopt_NM,2021-08-13,31.69716796875
v3.2.0,P3  (LAI=4.7),DYN_OPT_rdopt_NM,2021-08-14,33.6146484375
v3.2.0,P3  (LAI=4.7),DYN_OPT_rdopt_NM,2021-08-15,30.6928955078125
v3.2.0,P3  (LAI=4.7),DYN_OPT_rdopt_NM,2021-08-16,23.8883605957032
v3.2.0,P3  (LAI=4.7),DYN_OPT_rdopt_NM,2021-08-17,20.6246276855469
v3.2.0,P3  (LAI=4.7),DYN_OPT_rdopt_NM,2021-08-18,21.5298706054688
v3.2.0,P3  (LAI=4.7),DYN_OPT_rdopt_NM,2021-08-19,20.7470642089844
v3.2.0,P3  (LAI=4.7),DYN_OPT_rdopt_NM,2021-08-20,25.2254272460938
v3.2.0,P3  (LAI=4.7),DYN_OPT_rdopt_NM,2021-08-21,26.8217102050782
v3.2.0,P3  (LAI=4.7),DYN_OPT_rdopt_NM,2021-08-22,29.5825744628907
v3.2.0,P3  (LAI=4.7),DYN_OPT_rdopt_NM,2021-08-23,24.2389465332032
v3.2.0,P3  (LAI=4.7),DYN_OPT_rdopt_NM,2021-08-24,26.9032531738282
v3.2.0,P3  (LAI=4.7),DYN_OPT_rdopt_NM,2021-08-25,27.5901733398438
v3.2.0,P3  (LAI=4.7),DYN_OPT_rdopt_NM,2021-08-26,25.5728698730469
v3.2.0,P3  (LAI=4.7),DYN_OPT_rdopt_NM,2021-08-27,22.4222961425781
v3.2.0,P3  (LAI=4.7),DYN_OPT_rdopt_NM,2021-08-28,22.0599304199219
v3.2.0,P3  (LAI=4.7),DYN_OPT_rdopt_NM,2021-08-29,22.2480407714844
v3.2.0,P3  (LAI=4.7),DYN_OPT_rdopt_NM,2021-08-30,22.8797241210938
v3.2.0,P3  (LAI=4.7),DYN_OPT_rdopt_NM,2021-08-31,24.2651611328125
v3.2.0,P3  (LAI=4.7),DYN_OPT_rdopt_NM,2021-09-01,26.4994140625
v3.2.0,P3  (LAI=4.7),DYN_OPT_rdopt_NM,2021-09-02,28.9628845214844
v3.2.0,P3  (LAI=4.7),DYN_OPT_rdopt_NM,2021-09-03,28.62734375
v3.2.0,P3  (LAI=4.7),DYN_OPT_rdopt_NM,2021-09-04,28.0376525878907
v3.2.0,P3  (LAI=4.7),DYN_OPT_rdopt_NM,2021-09-05,29.4063354492188
v3.2.0,P3  (LAI=4.7),DYN_OPT_rdopt_NM,2021-09-06,32.4112487792969
v3.2.0,P3  (LAI=4.7),DYN_OPT_rdopt_NM,2021-09-07,33.309716796875
v3.2.0,P3  (LAI=4.7),DYN_OPT_rdopt_NM,2021-09-08,29.1929260253907
v3.2.0,P3  (LAI=4.7),DYN_OPT_rdopt_NM,2021-09-09,25.642724609375
v3.2.0,P3  (LAI=4.7),DYN_OPT_rdopt_NM,2021-09-10,25.5700012207032
v3.2.0,P3  (LAI=4.7),DYN_OPT_rdopt_NM,2021-09-11,24.6408630371094
v3.2.0,P3  (LAI=4.7),DYN_OPT_rdopt_NM,2021-09-12,26.5415588378907
v3.2.0,P3  (LAI=4.7),DYN_OPT_rdopt_NM,2021-09-13,29.8015075683594
v3.2.0,P3  (LAI=4.7),DYN_OPT_rdopt_NM,2021-09-14,28.4480224609375
v3.2.0,P3  (LAI=4.7),DYN_OPT_rdopt_NM,2021-09-15,25.0933166503907
v3.2.0,P3  (LAI=4.7),DYN_OPT_rdopt_NM,2021-09-16,24.2892395019532
v3.2.0,P3  (LAI=4.7),DYN_OPT_rdopt_NM,2021-09-17,24.5667053222657
v3.2.0,P3  (LAI=4.7),DYN_OPT_rdopt_NM,2021-09-18,22.5453430175782
v3.2.0,P3  (LAI=4.7),DYN_OPT_rdopt_NM,2021-09-19,18.7759338378906
v3.2.0,P3  (LAI=4.7),DYN_OPT_rdopt_NM,2021-09-20,19.6839233398438
v3.2.0,P3  (LAI=4.7),DYN_OPT_rdopt_NM,2021-09-21,20.8758483886719
v3.2.0,P3  (LAI=4.7),DYN_OPT_rdopt_NM,2021-09-22,23.4012084960938
v3.2.0,P3  (LAI=4.7),DYN_OPT_rdopt_NM,2021-09-23,25.3388916015625
v3.2.0,P3  (LAI=4.7),DYN_OPT_rdopt_NM,2021-09-24,25.4913269042969
v3.2.0,P3  (LAI=4.7),DYN_OPT_rdopt_NM,2021-09-25,24.1815124511719
v3.2.0,P3  (LAI=4.7),DYN_OPT_rdopt_NM,2021-09-26,22.5929504394532
v3.2.0,P3  (LAI=4.7),DYN_OPT_rdopt_NM,2021-09-27,20.9973388671875
v3.2.0,P3  (LAI=4.7),DYN_OPT_rdopt_NM,2021-09-28,20.531396484375
v3.2.0,P3  (LAI=4.7),DYN_OPT_rdopt_NM,2021-09-29,19.531640625
v3.2.0,P3  (LAI=4.7),DYN_OPT_rdopt_NM,2021-09-30,20.8264099121094
v3.2.0,P3  (LAI=4.7),DYN_ALS_S2TIMING_NM,2021-06-01,28.4475952148438
v3.2.0,P3  (LAI=4.7),DYN_ALS_S2TIMING_NM,2021-06-02,23.7830139160157
v3.2.0,P3  (LAI=4.7),DYN_ALS_S2TIMING_NM,2021-06-03,26.4109436035157
v3.2.0,P3  (LAI=4.7),DYN_ALS_S2TIMING_NM,2021-06-04,17.0913940429688
v3.2.0,P3  (LAI=4.7),DYN_ALS_S2TIMING_NM,2021-06-05,21.6155029296875
v3.2.0,P3  (LAI=4.7),DYN_ALS_S2TIMING_NM,2021-06-06,22.2913452148438
v3.2.0,P3  (LAI=4.7),DYN_ALS_S2TIMING_NM,2021-06-07,23.2962280273438
v3.2.0,P3  (LAI=4.7),DYN_ALS_S2TIMING_NM,2021-06-08,25.7687316894532
v3.2.0,P3  (LAI=4.7),DYN_ALS_S2TIMING_NM,2021-06-09,27.4279113769532
v3.2.0,P3  (LAI=4.7),DYN_ALS_S2TIMING_NM,2021-06-10,27.9852844238282
v3.2.0,P3  (LAI=4.7),DYN_ALS_S2TIMING_NM,2021-06-11,27.4863220214844
v3.2.0,P3  (LAI=4.7),DYN_ALS_S2TIMING_NM,2021-06-12,27.3036743164063
v3.2.0,P3  (LAI=4.7),DYN_ALS_S2TIMING_NM,2021-06-13,28.0048461914063
v3.2.0,P3  (LAI=4.7),DYN_ALS_S2TIMING_NM,2021-06-14,30.1655822753907
v3.2.0,P3  (LAI=4.7),DYN_ALS_S2TIMING_NM,2021-06-15,29.7607666015625
v3.2.0,P3  (LAI=4.7),DYN_ALS_S2TIMING_NM,2021-06-16,31.3108459472657
v3.2.0,P3  (LAI=4.7),DYN_ALS_S2TIMING_NM,2021-06-17,26.4106079101563
v3.2.0,P3  (LAI=4.7),DYN_ALS_S2TIMING_NM,2021-06-18,24.3048034667969
v3.2.0,P3  (LAI=4.7),DYN_ALS_S2TIMING_NM,2021-06-19,22.3716369628906
v3.2.0,P3  (LAI=4.7),DYN_ALS_S2TIMING_NM,2021-06-20,22.5356384277344
v3.2.0,P3  (LAI=4.7),DYN_ALS_S2TIMING_NM,2021-06-21,23.1364379882813
v3.2.0,P3  (LAI=4.7),DYN_ALS_S2TIMING_NM,2021-06-22,20.8362365722657
v3.2.0,P3  (LAI=4.7),DYN_ALS_S2TIMING_NM,2021-06-23,18.1911560058594
v3.2.0,P3  (LAI=4.7),DYN_ALS_S2TIMING_NM,2021-06-24,22.2542358398438
v3.2.0,P3  (LAI=4.7),DYN_ALS_S2TIMING_NM,2021-06-25,21.9846435546875
v3.2.0,P3  (LAI=4.7),DYN_ALS_S2TIMING_NM,2021-06-26,23.962548828125
v3.2.0,P3  (LAI=4.7),DYN_ALS_S2TIMING_NM,2021-06-27,18.6225524902344
v3.2.0,P3  (LAI=4.7),DYN_ALS_S2TIMING_NM,2021-06-28,21.5054565429688
v3.2.0,P3  (LAI=4.7),DYN_ALS_S2TIMING_NM,2021-06-29,19.3130737304688
v3.2.0,P3  (LAI=4.7),DYN_ALS_S2TIMING_NM,2021-06-30,19.86220703125
v3.2.0,P3  (LAI=4.7),DYN_ALS_S2TIMING_NM,2021-07-01,25.0196472167969
v3.2.0,P3  (LAI=4.7),DYN_ALS_S2TIMING_NM,2021-07-02,25.6523376464844
v3.2.0,P3  (LAI=4.7),DYN_ALS_S2TIMING_NM,2021-07-03,22.7672973632813
v3.2.0,P3  (LAI=4.7),DYN_ALS_S2TIMING_NM,2021-07-04,20.6434265136719
v3.2.0,P3  (LAI=4.7),DYN_ALS_S2TIMING_NM,2021-07-05,22.7801147460938
v3.2.0,P3  (LAI=4.7),DYN_ALS_S2TIMING_NM,2021-07-06,21.7727600097657
v3.2.0,P3  (LAI=4.7),DYN_ALS_S2TIMING_NM,2021-07-07,21.82607421875
v3.2.0,P3  (LAI=4.7),DYN_ALS_S2TIMING_NM,2021-07-08,21.121484375
v3.2.0,P3  (LAI=4.7),DYN_ALS_S2TIMING_NM,2021-07-09,22.005029296875
v3.2.0,P3  (LAI=4.7),DYN_ALS_S2TIMING_NM,2021-07-10,19.0771728515625
v3.2.0,P3  (LAI=4.7),DYN_ALS_S2TIMING_NM,2021-07-11,24.6733642578125
v3.2.0,P3  (LAI=4.7),DYN_ALS_S2TIMING_NM,2021-07-12,20.8654113769531
v3.2.0,P3  (LAI=4.7),DYN_ALS_S2TIMING_NM,2021-07-13,17.4455505371094
v3.2.0,P3  (LAI=4.7),DYN_ALS_S2TIMING_NM,2021-07-14,22.3761535644532
v3.2.0,P3  (LAI=4.7),DYN_ALS_S2TIMING_NM,2021-07-15,24.8476501464844
v3.2.0,P3  (LAI=4.7),DYN_ALS_S2TIMING_NM,2021-07-16,21.3859497070313
v3.2.0,P3  (LAI=4.7),DYN_ALS_S2TIMING_NM,2021-07-17,23.4338928222657
v3.2.0,P3  (LAI=4.7),DYN_ALS_S2TIMING_NM,2021-07-18,29.5416198730469
v3.2.0,P3  (LAI=4.7),DYN_ALS_S2TIMING_NM,2021-07-19,30.8254638671875
v3.2.0,P3  (LAI=4.7),DYN_ALS_S2TIMING_NM,2021-07-20,30.1862426757813
v3.2.0,P3  (LAI=4.7),DYN_ALS_S2TIMING_NM,2021-07-21,30.4926391601563
v3.2.0,P3  (LAI=4.7),DYN_ALS_S2TIMING_NM,2021-07-22,30.4178100585938
v3.2.0,P3  (LAI=4.7),DYN_ALS_S2TIMING_NM,2021-07-23,31.7294555664063
v3.2.0,P3  (LAI=4.7),DYN_ALS_S2TIMING_NM,2021-07-24,25.1625305175782
v3.2.0,P3  (LAI=4.7),DYN_ALS_S2TIMING_NM,2021-07-25,24.3332458496094
v3.2.0,P3  (LAI=4.7),DYN_ALS_S2TIMING_NM,2021-07-26,24.6060729980469
v3.2.0,P3  (LAI=4.7),DYN_ALS_S2TIMING_NM,2021-07-27,19.6260925292969
v3.2.0,P3  (LAI=4.7),DYN_ALS_S2TIMING_NM,2021-07-28,22.9161926269531
v3.2.0,P3  (LAI=4.7),DYN_ALS_S2TIMING_NM,2021-07-29,24.576806640625
v3.2.0,P3  (LAI=4.7),DYN_ALS_S2TIMING_NM,2021-07-30,23.9262023925782
v3.2.0,P3  (LAI=4.7),DYN_ALS_S2TIMING_NM,2021-07-31,22.4978576660157
v3.2.0,P3  (LAI=4.7),DYN_ALS_S2TIMING_NM,2021-08-01,22.3550048828125
v3.2.0,P3  (LAI=4.7),DYN_ALS_S2TIMING_NM,2021-08-02,22.3642517089844
v3.2.0,P3  (LAI=4.7),DYN_ALS_S2TIMING_NM,2021-08-03,18.69326171875
v3.2.0,P3  (LAI=4.7),DYN_ALS_S2TIMING_NM,2021-08-04,19.6655212402344
v3.2.0,P3  (LAI=4.7),DYN_ALS_S2TIMING_NM,2021-08-05,21.4136901855469
v3.2.0,P3  (LAI=4.7),DYN_ALS_S2TIMING_NM,2021-08-06,22.1612487792969
v3.2.0,P3  (LAI=4.7),DYN_ALS_S2TIMING_NM,2021-08-07,21.5403381347656
v3.2.0,P3  (LAI=4.7),DYN_ALS_S2TIMING_NM,2021-08-08,22.1328674316407
v3.2.0,P3  (LAI=4.7),DYN_ALS_S2TIMING_NM,2021-08-09,22.7333312988282
v3.2.0,P3  (LAI=4.7),DYN_ALS_S2TIMING_NM,2021-08-10,26.965478515625
v3.2.0,P3  (LAI=4.7),DYN_ALS_S2TIMING_NM,2021-08-11,29.180078125
v3.2.0,P3  (LAI=4.7),DYN_ALS_S2TIMING_NM,2021-08-12,30.1180053710938
v3.2.0,P3  (LAI=4.7),DYN_ALS_S2TIMING_NM,2021-08-13,30.3047119140625
v3.2.0,P3  (LAI=4.7),DYN_ALS_S2TIMING_NM,2021-08-14,32.5262390136719
v3.2.0,P3  (LAI=4.7),DYN_ALS_S2TIMING_NM,2021-08-15,29.0963989257813
v3.2.0,P3  (LAI=4.7),DYN_ALS_S2TIMING_NM,2021-08-16,22.7308898925782
v3.2.0,P3  (LAI=4.7),DYN_ALS_S2TIMING_NM,2021-08-17,19.5837341308594
v3.2.0,P3  (LAI=4.7),DYN_ALS_S2TIMING_NM,2021-08-18,20.6372314453125
v3.2.0,P3  (LAI=4.7),DYN_ALS_S2TIMING_NM,2021-08-19,20.0639892578125
v3.2.0,P3  (LAI=4.7),DYN_ALS_S2TIMING_NM,2021-08-20,24.3315063476563
v3.2.0,P3  (LAI=4.7),DYN_ALS_S2TIMING_NM,2021-08-21,25.1490112304688
v3.2.0,P3  (LAI=4.7),DYN_ALS_S2TIMING_NM,2021-08-22,22.9543701171875
v3.2.0,P3  (LAI=4.7),DYN_ALS_S2TIMING_NM,2021-08-23,23.0981384277344
v3.2.0,P3  (LAI=4.7),DYN_ALS_S2TIMING_NM,2021-08-24,25.5961853027344
v3.2.0,P3  (LAI=4.7),DYN_ALS_S2TIMING_NM,2021-08-25,26.2791687011719
v3.2.0,P3  (LAI=4.7),DYN_ALS_S2TIMING_NM,2021-08-26,24.0597473144532
v3.2.0,P3  (LAI=4.7),DYN_ALS_S2TIMING_NM,2021-08-27,21.9106384277344
v3.2.0,P3  (LAI=4.7),DYN_ALS_S2TIMING_NM,2021-08-28,21.664453125
v3.2.0,P3  (LAI=4.7),DYN_ALS_S2TIMING_NM,2021-08-29,21.1308227539063
v3.2.0,P3  (LAI=4.7),DYN_ALS_S2TIMING_NM,2021-08-30,22.1795593261719
v3.2.0,P3  (LAI=4.7),DYN_ALS_S2TIMING_NM,2021-08-31,23.5556579589844
v3.2.0,P3  (LAI=4.7),DYN_ALS_S2TIMING_NM,2021-09-01,25.4203430175782
v3.2.0,P3  (LAI=4.7),DYN_ALS_S2TIMING_NM,2021-09-02,27.8064819335938
v3.2.0,P3  (LAI=4.7),DYN_ALS_S2TIMING_NM,2021-09-03,27.5627685546875
v3.2.0,P3  (LAI=4.7),DYN_ALS_S2TIMING_NM,2021-09-04,26.6769958496094
v3.2.0,P3  (LAI=4.7),DYN_ALS_S2TIMING_NM,2021-09-05,28.5706115722657
v3.2.0,P3  (LAI=4.7),DYN_ALS_S2TIMING_NM,2021-09-06,31.2375427246094
v3.2.0,P3  (LAI=4.7),DYN_ALS_S2TIMING_NM,2021-09-07,32.3652893066407
v3.2.0,P3  (LAI=4.7),DYN_ALS_S2TIMING_NM,2021-09-08,27.8967224121094
v3.2.0,P3  (LAI=4.7),DYN_ALS_S2TIMING_NM,2021-09-09,24.3168273925782
v3.2.0,P3  (LAI=4.7),DYN_ALS_S2TIMING_NM,2021-09-10,24.2073608398438
v3.2.0,P3  (LAI=4.7),DYN_ALS_S2TIMING_NM,2021-09-11,23.4208312988282
v3.2.0,P3  (LAI=4.7),DYN_ALS_S2TIMING_NM,2021-09-12,25.47353515625
v3.2.0,P3  (LAI=4.7),DYN_ALS_S2TIMING_NM,2021-09-13,28.3501525878907
v3.2.0,P3  (LAI=4.7),DYN_ALS_S2TIMING_NM,2021-09-14,26.990380859375
v3.2.0,P3  (LAI=4.7),DYN_ALS_S2TIMING_NM,2021-09-15,23.8565307617188
v3.2.0,P3  (LAI=4.7),DYN_ALS_S2TIMING_NM,2021-09-16,22.9523559570313
v3.2.0,P3  (LAI=4.7),DYN_ALS_S2TIMING_NM,2021-09-17,23.3532348632813
v3.2.0,P3  (LAI=4.7),DYN_ALS_S2TIMING_NM,2021-09-18,21.369775390625
v3.2.0,P3  (LAI=4.7),DYN_ALS_S2TIMING_NM,2021-09-19,17.859521484375
v3.2.0,P3  (LAI=4.7),DYN_ALS_S2TIMING_NM,2021-09-20,18.8211608886719
v3.2.0,P3  (LAI=4.7),DYN_ALS_S2TIMING_NM,2021-09-21,19.4107604980469
v3.2.0,P3  (LAI=4.7),DYN_ALS_S2TIMING_NM,2021-09-22,22.0536437988281
v3.2.0,P3  (LAI=4.7),DYN_ALS_S2TIMING_NM,2021-09-23,24.2009521484375
v3.2.0,P3  (LAI=4.7),DYN_ALS_S2TIMING_NM,2021-09-24,24.527734375
v3.2.0,P3  (LAI=4.7),DYN_ALS_S2TIMING_NM,2021-09-25,22.9879699707032
v3.2.0,P3  (LAI=4.7),DYN_ALS_S2TIMING_NM,2021-09-26,21.8122802734375
v3.2.0,P3  (LAI=4.7),DYN_ALS_S2TIMING_NM,2021-09-27,20.1830383300781
v3.2.0,P3  (LAI=4.7),DYN_ALS_S2TIMING_NM,2021-09-28,19.383203125
v3.2.0,P3  (LAI=4.7),DYN_ALS_S2TIMING_NM,2021-09-29,18.2759948730469
v3.2.0,P3  (LAI=4.7),DYN_ALS_S2TIMING_NM,2021-09-30,19.3110595703125
v3.2.0,P3  (LAI=4.7),DYN_ALSoOPT_S2TIMING_NM,2021-06-01,28.3080993652344
v3.2.0,P3  (LAI=4.7),DYN_ALSoOPT_S2TIMING_NM,2021-06-02,23.6064392089844
v3.2.0,P3  (LAI=4.7),DYN_ALSoOPT_S2TIMING_NM,2021-06-03,26.3008056640625
v3.2.0,P3  (LAI=4.7),DYN_ALSoOPT_S2TIMING_NM,2021-06-04,17.0424438476563
v3.2.0,P3  (LAI=4.7),DYN_ALSoOPT_S2TIMING_NM,2021-06-05,21.5112548828125
v3.2.0,P3  (LAI=4.7),DYN_ALSoOPT_S2TIMING_NM,2021-06-06,22.2066284179688
v3.2.0,P3  (LAI=4.7),DYN_ALSoOPT_S2TIMING_NM,2021-06-07,23.2101684570313
v3.2.0,P3  (LAI=4.7),DYN_ALSoOPT_S2TIMING_NM,2021-06-08,25.6523071289063
v3.2.0,P3  (LAI=4.7),DYN_ALSoOPT_S2TIMING_NM,2021-06-09,27.3051391601563
v3.2.0,P3  (LAI=4.7),DYN_ALSoOPT_S2TIMING_NM,2021-06-10,27.8601013183594
v3.2.0,P3  (LAI=4.7),DYN_ALSoOPT_S2TIMING_NM,2021-06-11,27.3837829589844
v3.2.0,P3  (LAI=4.7),DYN_ALSoOPT_S2TIMING_NM,2021-06-12,27.1793151855469
v3.2.0,P3  (LAI=4.7),DYN_ALSoOPT_S2TIMING_NM,2021-06-13,27.8742309570313
v3.2.0,P3  (LAI=4.7),DYN_ALSoOPT_S2TIMING_NM,2021-06-14,30.0195556640625
v3.2.0,P3  (LAI=4.7),DYN_ALSoOPT_S2TIMING_NM,2021-06-15,29.6274963378907
v3.2.0,P3  (LAI=4.7),DYN_ALSoOPT_S2TIMING_NM,2021-06-16,31.12880859375
v3.2.0,P3  (LAI=4.7),DYN_ALSoOPT_S2TIMING_NM,2021-06-17,26.2926879882813
v3.2.0,P3  (LAI=4.7),DYN_ALSoOPT_S2TIMING_NM,2021-06-18,24.2218872070313
v3.2.0,P3  (LAI=4.7),DYN_ALSoOPT_S2TIMING_NM,2021-06-19,22.26162109375
v3.2.0,P3  (LAI=4.7),DYN_ALSoOPT_S2TIMING_NM,2021-06-20,22.4095397949219
v3.2.0,P3  (LAI=4.7),DYN_ALSoOPT_S2TIMING_NM,2021-06-21,23.02919921875
v3.2.0,P3  (LAI=4.7),DYN_ALSoOPT_S2TIMING_NM,2021-06-22,20.7209106445313
v3.2.0,P3  (LAI=4.7),DYN_ALSoOPT_S2TIMING_NM,2021-06-23,18.1312194824219
v3.2.0,P3  (LAI=4.7),DYN_ALSoOPT_S2TIMING_NM,2021-06-24,22.1542602539063
v3.2.0,P3  (LAI=4.7),DYN_ALSoOPT_S2TIMING_NM,2021-06-25,21.9086853027344
v3.2.0,P3  (LAI=4.7),DYN_ALSoOPT_S2TIMING_NM,2021-06-26,23.8704162597657
v3.2.0,P3  (LAI=4.7),DYN_ALSoOPT_S2TIMING_NM,2021-06-27,18.5018859863281
v3.2.0,P3  (LAI=4.7),DYN_ALSoOPT_S2TIMING_NM,2021-06-28,21.3475280761719
v3.2.0,P3  (LAI=4.7),DYN_ALSoOPT_S2TIMING_NM,2021-06-29,19.2170959472656
v3.2.0,P3  (LAI=4.7),DYN_ALSoOPT_S2TIMING_NM,2021-06-30,19.8013549804688
v3.2.0,P3  (LAI=4.7),DYN_ALSoOPT_S2TIMING_NM,2021-07-01,24.9265075683594
v3.2.0,P3  (LAI=4.7),DYN_ALSoOPT_S2TIMING_NM,2021-07-02,25.5319763183594
v3.2.0,P3  (LAI=4.7),DYN_ALSoOPT_S2TIMING_NM,2021-07-03,22.6906982421875
v3.2.0,P3  (LAI=4.7),DYN_ALSoOPT_S2TIMING_NM,2021-07-04,20.5707641601563
v3.2.0,P3  (LAI=4.7),DYN_ALSoOPT_S2TIMING_NM,2021-07-05,22.7396789550782
v3.2.0,P3  (LAI=4.7),DYN_ALSoOPT_S2TIMING_NM,2021-07-06,21.7087951660156
v3.2.0,P3  (LAI=4.7),DYN_ALSoOPT_S2TIMING_NM,2021-07-07,21.7301879882813
v3.2.0,P3  (LAI=4.7),DYN_ALSoOPT_S2TIMING_NM,2021-07-08,21.0241027832031
v3.2.0,P3  (LAI=4.7),DYN_ALSoOPT_S2TIMING_NM,2021-07-09,21.9147277832032
v3.2.0,P3  (LAI=4.7),DYN_ALSoOPT_S2TIMING_NM,2021-07-10,19.0017028808594
v3.2.0,P3  (LAI=4.7),DYN_ALSoOPT_S2TIMING_NM,2021-07-11,24.5622192382813
v3.2.0,P3  (LAI=4.7),DYN_ALSoOPT_S2TIMING_NM,2021-07-12,20.7895446777344
v3.2.0,P3  (LAI=4.7),DYN_ALSoOPT_S2TIMING_NM,2021-07-13,17.3715148925781
v3.2.0,P3  (LAI=4.7),DYN_ALSoOPT_S2TIMING_NM,2021-07-14,22.2861267089844
v3.2.0,P3  (LAI=4.7),DYN_ALSoOPT_S2TIMING_NM,2021-07-15,24.7694030761719
v3.2.0,P3  (LAI=4.7),DYN_ALSoOPT_S2TIMING_NM,2021-07-16,21.3291870117188
v3.2.0,P3  (LAI=4.7),DYN_ALSoOPT_S2TIMING_NM,2021-07-17,23.3540283203125
v3.2.0,P3  (LAI=4.7),DYN_ALSoOPT_S2TIMING_NM,2021-07-18,29.4250427246094
v3.2.0,P3  (LAI=4.7),DYN_ALSoOPT_S2TIMING_NM,2021-07-19,30.7093139648438
v3.2.0,P3  (LAI=4.7),DYN_ALSoOPT_S2TIMING_NM,2021-07-20,30.0581909179688
v3.2.0,P3  (LAI=4.7),DYN_ALSoOPT_S2TIMING_NM,2021-07-21,30.3589111328125
v3.2.0,P3  (LAI=4.7),DYN_ALSoOPT_S2TIMING_NM,2021-07-22,30.2803894042969
v3.2.0,P3  (LAI=4.7),DYN_ALSoOPT_S2TIMING_NM,2021-07-23,31.6315856933594
v3.2.0,P3  (LAI=4.7),DYN_ALSoOPT_S2TIMING_NM,2021-07-24,25.0592895507813
v3.2.0,P3  (LAI=4.7),DYN_ALSoOPT_S2TIMING_NM,2021-07-25,24.2480407714844
v3.2.0,P3  (LAI=4.7),DYN_ALSoOPT_S2TIMING_NM,2021-07-26,24.4987731933594
v3.2.0,P3  (LAI=4.7),DYN_ALSoOPT_S2TIMING_NM,2021-07-27,19.4625793457031
v3.2.0,P3  (LAI=4.7),DYN_ALSoOPT_S2TIMING_NM,2021-07-28,22.8552185058594
v3.2.0,P3  (LAI=4.7),DYN_ALSoOPT_S2TIMING_NM,2021-07-29,24.4767700195313
v3.2.0,P3  (LAI=4.7),DYN_ALSoOPT_S2TIMING_NM,2021-07-30,23.8210998535157
v3.2.0,P3  (LAI=4.7),DYN_ALSoOPT_S2TIMING_NM,2021-07-31,22.3958374023438
v3.2.0,P3  (LAI=4.7),DYN_ALSoOPT_S2TIMING_NM,2021-08-01,22.2571960449219
v3.2.0,P3  (LAI=4.7),DYN_ALSoOPT_S2TIMING_NM,2021-08-02,22.2761169433594
v3.2.0,P3  (LAI=4.7),DYN_ALSoOPT_S2TIMING_NM,2021-08-03,18.6261840820313
v3.2.0,P3  (LAI=4.7),DYN_ALSoOPT_S2TIMING_NM,2021-08-04,19.0415283203125
v3.2.0,P3  (LAI=4.7),DYN_ALSoOPT_S2TIMING_NM,2021-08-05,21.3229309082032
v3.2.0,P3  (LAI=4.7),DYN_ALSoOPT_S2TIMING_NM,2021-08-06,22.0976196289063
v3.2.0,P3  (LAI=4.7),DYN_ALSoOPT_S2TIMING_NM,2021-08-07,21.4529357910157
v3.2.0,P3  (LAI=4.7),DYN_ALSoOPT_S2TIMING_NM,2021-08-08,22.0432678222656
v3.2.0,P3  (LAI=4.7),DYN_ALSoOPT_S2TIMING_NM,2021-08-09,22.6317687988281
v3.2.0,P3  (LAI=4.7),DYN_ALSoOPT_S2TIMING_NM,2021-08-10,26.8410278320313
v3.2.0,P3  (LAI=4.7),DYN_ALSoOPT_S2TIMING_NM,2021-08-11,29.0466552734375
v3.2.0,P3  (LAI=4.7),DYN_ALSoOPT_S2TIMING_NM,2021-08-12,29.9856506347657
v3.2.0,P3  (LAI=4.7),DYN_ALSoOPT_S2TIMING_NM,2021-08-13,30.1927734375
v3.2.0,P3  (LAI=4.7),DYN_ALSoOPT_S2TIMING_NM,2021-08-14,32.3885131835938
v3.2.0,P3  (LAI=4.7),DYN_ALSoOPT_S2TIMING_NM,2021-08-15,28.9663635253907
v3.2.0,P3  (LAI=4.7),DYN_ALSoOPT_S2TIMING_NM,2021-08-16,22.6515441894532
v3.2.0,P3  (LAI=4.7),DYN_ALSoOPT_S2TIMING_NM,2021-08-17,19.5151916503906
v3.2.0,P3  (LAI=4.7),DYN_ALSoOPT_S2TIMING_NM,2021-08-18,20.5660034179688
v3.2.0,P3  (LAI=4.7),DYN_ALSoOPT_S2TIMING_NM,2021-08-19,20.0041442871094
v3.2.0,P3  (LAI=4.7),DYN_ALSoOPT_S2TIMING_NM,2021-08-20,24.2108093261719
v3.2.0,P3  (LAI=4.7),DYN_ALSoOPT_S2TIMING_NM,2021-08-21,25.0197998046875
v3.2.0,P3  (LAI=4.7),DYN_ALSoOPT_S2TIMING_NM,2021-08-22,22.8561645507813
v3.2.0,P3  (LAI=4.7),DYN_ALSoOPT_S2TIMING_NM,2021-08-23,23.0124755859375
v3.2.0,P3  (LAI=4.7),DYN_ALSoOPT_S2TIMING_NM,2021-08-24,25.4909912109375
v3.2.0,P3  (LAI=4.7),DYN_ALSoOPT_S2TIMING_NM,2021-08-25,26.1738830566407
v3.2.0,P3  (LAI=4.7),DYN_ALSoOPT_S2TIMING_NM,2021-08-26,23.9479919433594
v3.2.0,P3  (LAI=4.7),DYN_ALSoOPT_S2TIMING_NM,2021-08-27,21.8542419433594
v3.2.0,P3  (LAI=4.7),DYN_ALSoOPT_S2TIMING_NM,2021-08-28,21.62001953125
v3.2.0,P3  (LAI=4.7),DYN_ALSoOPT_S2TIMING_NM,2021-08-29,21.0397277832032
v3.2.0,P3  (LAI=4.7),DYN_ALSoOPT_S2TIMING_NM,2021-08-30,22.1159912109375
v3.2.0,P3  (LAI=4.7),DYN_ALSoOPT_S2TIMING_NM,2021-08-31,23.4883056640625
v3.2.0,P3  (LAI=4.7),DYN_ALSoOPT_S2TIMING_NM,2021-09-01,25.3327575683594
v3.2.0,P3  (LAI=4.7),DYN_ALSoOPT_S2TIMING_NM,2021-09-02,27.6979919433594
v3.2.0,P3  (LAI=4.7),DYN_ALSoOPT_S2TIMING_NM,2021-09-03,27.4572387695313
v3.2.0,P3  (LAI=4.7),DYN_ALSoOPT_S2TIMING_NM,2021-09-04,26.563623046875
v3.2.0,P3  (LAI=4.7),DYN_ALSoOPT_S2TIMING_NM,2021-09-05,28.4499755859375
v3.2.0,P3  (LAI=4.7),DYN_ALSoOPT_S2TIMING_NM,2021-09-06,31.09658203125
v3.2.0,P3  (LAI=4.7),DYN_ALSoOPT_S2TIMING_NM,2021-09-07,32.2506652832032
v3.2.0,P3  (LAI=4.7),DYN_ALSoOPT_S2TIMING_NM,2021-09-08,27.7607360839844
v3.2.0,P3  (LAI=4.7),DYN_ALSoOPT_S2TIMING_NM,2021-09-09,24.2053466796875
v3.2.0,P3  (LAI=4.7),DYN_ALSoOPT_S2TIMING_NM,2021-09-10,24.1170288085938
v3.2.0,P3  (LAI=4.7),DYN_ALSoOPT_S2TIMING_NM,2021-09-11,23.318994140625
v3.2.0,P3  (LAI=4.7),DYN_ALSoOPT_S2TIMING_NM,2021-09-12,25.3739868164063
v3.2.0,P3  (LAI=4.7),DYN_ALSoOPT_S2TIMING_NM,2021-09-13,28.2392211914063
v3.2.0,P3  (LAI=4.7),DYN_ALSoOPT_S2TIMING_NM,2021-09-14,26.8326049804688
v3.2.0,P3  (LAI=4.7),DYN_ALSoOPT_S2TIMING_NM,2021-09-15,23.7471862792969
v3.2.0,P3  (LAI=4.7),DYN_ALSoOPT_S2TIMING_NM,2021-09-16,22.8586364746094
v3.2.0,P3  (LAI=4.7),DYN_ALSoOPT_S2TIMING_NM,2021-09-17,23.3111206054688
v3.2.0,P3  (LAI=4.7),DYN_ALSoOPT_S2TIMING_NM,2021-09-18,21.27431640625
v3.2.0,P3  (LAI=4.7),DYN_ALSoOPT_S2TIMING_NM,2021-09-19,17.7874694824219
v3.2.0,P3  (LAI=4.7),DYN_ALSoOPT_S2TIMING_NM,2021-09-20,18.7514282226563
v3.2.0,P3  (LAI=4.7),DYN_ALSoOPT_S2TIMING_NM,2021-09-21,19.3355041503906
v3.2.0,P3  (LAI=4.7),DYN_ALSoOPT_S2TIMING_NM,2021-09-22,21.9604431152344
v3.2.0,P3  (LAI=4.7),DYN_ALSoOPT_S2TIMING_NM,2021-09-23,24.098291015625
v3.2.0,P3  (LAI=4.7),DYN_ALSoOPT_S2TIMING_NM,2021-09-24,24.4640747070313
v3.2.0,P3  (LAI=4.7),DYN_ALSoOPT_S2TIMING_NM,2021-09-25,22.8786865234375
v3.2.0,P3  (LAI=4.7),DYN_ALSoOPT_S2TIMING_NM,2021-09-26,21.7451416015625
v3.2.0,P3  (LAI=4.7),DYN_ALSoOPT_S2TIMING_NM,2021-09-27,20.1247192382813
v3.2.0,P3  (LAI=4.7),DYN_ALSoOPT_S2TIMING_NM,2021-09-28,19.3007446289063
v3.2.0,P3  (LAI=4.7),DYN_ALSoOPT_S2TIMING_NM,2021-09-29,18.2031188964844
v3.2.0,P3  (LAI=4.7),DYN_ALSoOPT_S2TIMING_NM,2021-09-30,19.21767578125
v3.2.0,P4  (LAI=5.7),STATIC_ALS,2021-06-01,28.148957122365
v3.2.0,P4  (LAI=5.7),STATIC_ALS,2021-06-02,23.2404280022012
v3.2.0,P4  (LAI=5.7),STATIC_ALS,2021-06-03,26.2751926589431
v3.2.0,P4  (LAI=5.7),STATIC_ALS,2021-06-04,17.038275510012
v3.2.0,P4  (LAI=5.7),STATIC_ALS,2021-06-05,21.5496824996013
v3.2.0,P4  (LAI=5.7),STATIC_ALS,2021-06-06,22.3201936668706
v3.2.0,P4  (LAI=5.7),STATIC_ALS,2021-06-07,23.2196247002711
v3.2.0,P4  (LAI=5.7),STATIC_ALS,2021-06-08,25.7717357821923
v3.2.0,P4  (LAI=5.7),STATIC_ALS,2021-06-09,27.4705781271927
v3.2.0,P4  (LAI=5.7),STATIC_ALS,2021-06-10,28.0223034537249
v3.2.0,P4  (LAI=5.7),STATIC_ALS,2021-06-11,27.519762461277
v3.2.0,P4  (LAI=5.7),STATIC_ALS,2021-06-12,27.2586509654254
v3.2.0,P4  (LAI=5.7),STATIC_ALS,2021-06-13,28.0918904847452
v3.2.0,P4  (LAI=5.7),STATIC_ALS,2021-06-14,30.2534865439807
v3.2.0,P4  (LAI=5.7),STATIC_ALS,2021-06-15,29.8460260327641
v3.2.0,P4  (LAI=5.7),STATIC_ALS,2021-06-16,30.9455647417121
v3.2.0,P4  (LAI=5.7),STATIC_ALS,2021-06-17,26.3991523929772
v3.2.0,P4  (LAI=5.7),STATIC_ALS,2021-06-18,24.2523082522239
v3.2.0,P4  (LAI=5.7),STATIC_ALS,2021-06-19,22.0323305660532
v3.2.0,P4  (LAI=5.7),STATIC_ALS,2021-06-20,22.3011555065693
v3.2.0,P4  (LAI=5.7),STATIC_ALS,2021-06-21,23.3116694626202
v3.2.0,P4  (LAI=5.7),STATIC_ALS,2021-06-22,20.8809303315728
v3.2.0,P4  (LAI=5.7),STATIC_ALS,2021-06-23,18.1582369077578
v3.2.0,P4  (LAI=5.7),STATIC_ALS,2021-06-24,22.4642937178454
v3.2.0,P4  (LAI=5.7),STATIC_ALS,2021-06-25,21.9500408728374
v3.2.0,P4  (LAI=5.7),STATIC_ALS,2021-06-26,23.6841977799951
v3.2.0,P4  (LAI=5.7),STATIC_ALS,2021-06-27,18.4878286224472
v3.2.0,P4  (LAI=5.7),STATIC_ALS,2021-06-28,21.2335611438615
v3.2.0,P4  (LAI=5.7),STATIC_ALS,2021-06-29,19.2819398584627
v3.2.0,P4  (LAI=5.7),STATIC_ALS,2021-06-30,19.8062342896015
v3.2.0,P4  (LAI=5.7),STATIC_ALS,2021-07-01,25.0559734725806
v3.2.0,P4  (LAI=5.7),STATIC_ALS,2021-07-02,25.4340147229826
v3.2.0,P4  (LAI=5.7),STATIC_ALS,2021-07-03,22.7122180751226
v3.2.0,P4  (LAI=5.7),STATIC_ALS,2021-07-04,20.5110200435829
v3.2.0,P4  (LAI=5.7),STATIC_ALS,2021-07-05,22.7342269662183
v3.2.0,P4  (LAI=5.7),STATIC_ALS,2021-07-06,21.7279903468535
v3.2.0,P4  (LAI=5.7),STATIC_ALS,2021-07-07,21.7400783217531
v3.2.0,P4  (LAI=5.7),STATIC_ALS,2021-07-08,20.9487738172574
v3.2.0,P4  (LAI=5.7),STATIC_ALS,2021-07-09,21.8366085720782
v3.2.0,P4  (LAI=5.7),STATIC_ALS,2021-07-10,18.7983388986432
v3.2.0,P4  (LAI=5.7),STATIC_ALS,2021-07-11,24.4483539020155
v3.2.0,P4  (LAI=5.7),STATIC_ALS,2021-07-12,20.7649449523667
v3.2.0,P4  (LAI=5.7),STATIC_ALS,2021-07-13,17.2492724407368
v3.2.0,P4  (LAI=5.7),STATIC_ALS,2021-07-14,22.0494265303324
v3.2.0,P4  (LAI=5.7),STATIC_ALS,2021-07-15,24.7168004761414
v3.2.0,P4  (LAI=5.7),STATIC_ALS,2021-07-16,21.3215836089771
v3.2.0,P4  (LAI=5.7),STATIC_ALS,2021-07-17,23.3356125857282
v3.2.0,P4  (LAI=5.7),STATIC_ALS,2021-07-18,29.361614018854
v3.2.0,P4  (LAI=5.7),STATIC_ALS,2021-07-19,30.6264517334997
v3.2.0,P4  (LAI=5.7),STATIC_ALS,2021-07-20,29.967853447266
v3.2.0,P4  (LAI=5.7),STATIC_ALS,2021-07-21,30.2360785829332
v3.2.0,P4  (LAI=5.7),STATIC_ALS,2021-07-22,30.1980149464918
v3.2.0,P4  (LAI=5.7),STATIC_ALS,2021-07-23,31.4368261121992
v3.2.0,P4  (LAI=5.7),STATIC_ALS,2021-07-24,24.902671964771
v3.2.0,P4  (LAI=5.7),STATIC_ALS,2021-07-25,24.0619288701103
v3.2.0,P4  (LAI=5.7),STATIC_ALS,2021-07-26,24.2887013508825
v3.2.0,P4  (LAI=5.7),STATIC_ALS,2021-07-27,18.9473561793259
v3.2.0,P4  (LAI=5.7),STATIC_ALS,2021-07-28,22.7544435668746
v3.2.0,P4  (LAI=5.7),STATIC_ALS,2021-07-29,24.4012557756736
v3.2.0,P4  (LAI=5.7),STATIC_ALS,2021-07-30,23.7189266493016
v3.2.0,P4  (LAI=5.7),STATIC_ALS,2021-07-31,22.3475813675239
v3.2.0,P4  (LAI=5.7),STATIC_ALS,2021-08-01,22.1323428805492
v3.2.0,P4  (LAI=5.7),STATIC_ALS,2021-08-02,22.1478178522113
v3.2.0,P4  (LAI=5.7),STATIC_ALS,2021-08-03,18.4974596668766
v3.2.0,P4  (LAI=5.7),STATIC_ALS,2021-08-04,19.2686545620649
v3.2.0,P4  (LAI=5.7),STATIC_ALS,2021-08-05,21.0565483705155
v3.2.0,P4  (LAI=5.7),STATIC_ALS,2021-08-06,21.9707387948492
v3.2.0,P4  (LAI=5.7),STATIC_ALS,2021-08-07,21.1299608355704
v3.2.0,P4  (LAI=5.7),STATIC_ALS,2021-08-08,21.8860601872113
v3.2.0,P4  (LAI=5.7),STATIC_ALS,2021-08-09,22.2674197254068
v3.2.0,P4  (LAI=5.7),STATIC_ALS,2021-08-10,26.6171765853442
v3.2.0,P4  (LAI=5.7),STATIC_ALS,2021-08-11,28.9284007220815
v3.2.0,P4  (LAI=5.7),STATIC_ALS,2021-08-12,29.6283777559916
v3.2.0,P4  (LAI=5.7),STATIC_ALS,2021-08-13,30.0386821332398
v3.2.0,P4  (LAI=5.7),STATIC_ALS,2021-08-14,32.1139556999987
v3.2.0,P4  (LAI=5.7),STATIC_ALS,2021-08-15,28.6034787508588
v3.2.0,P4  (LAI=5.7),STATIC_ALS,2021-08-16,22.4545338241113
v3.2.0,P4  (LAI=5.7),STATIC_ALS,2021-08-17,19.4075157998165
v3.2.0,P4  (LAI=5.7),STATIC_ALS,2021-08-18,20.4974000714016
v3.2.0,P4  (LAI=5.7),STATIC_ALS,2021-08-19,19.7359083403741
v3.2.0,P4  (LAI=5.7),STATIC_ALS,2021-08-20,23.8901092504535
v3.2.0,P4  (LAI=5.7),STATIC_ALS,2021-08-21,24.6294619010034
v3.2.0,P4  (LAI=5.7),STATIC_ALS,2021-08-22,22.6990449467882
v3.2.0,P4  (LAI=5.7),STATIC_ALS,2021-08-23,22.8186166803622
v3.2.0,P4  (LAI=5.7),STATIC_ALS,2021-08-24,25.3014859300713
v3.2.0,P4  (LAI=5.7),STATIC_ALS,2021-08-25,26.0426179386974
v3.2.0,P4  (LAI=5.7),STATIC_ALS,2021-08-26,23.8402626016873
v3.2.0,P4  (LAI=5.7),STATIC_ALS,2021-08-27,21.7128364391511
v3.2.0,P4  (LAI=5.7),STATIC_ALS,2021-08-28,21.5178798284258
v3.2.0,P4  (LAI=5.7),STATIC_ALS,2021-08-29,20.835711673368
v3.2.0,P4  (LAI=5.7),STATIC_ALS,2021-08-30,21.9312944622412
v3.2.0,P4  (LAI=5.7),STATIC_ALS,2021-08-31,23.3080753412968
v3.2.0,P4  (LAI=5.7),STATIC_ALS,2021-09-01,25.2052345713871
v3.2.0,P4  (LAI=5.7),STATIC_ALS,2021-09-02,27.494884456429
v3.2.0,P4  (LAI=5.7),STATIC_ALS,2021-09-03,27.0036126092195
v3.2.0,P4  (LAI=5.7),STATIC_ALS,2021-09-04,26.2123700045503
v3.2.0,P4  (LAI=5.7),STATIC_ALS,2021-09-05,27.741822066297
v3.2.0,P4  (LAI=5.7),STATIC_ALS,2021-09-06,30.7110471346772
v3.2.0,P4  (LAI=5.7),STATIC_ALS,2021-09-07,31.940848958601
v3.2.0,P4  (LAI=5.7),STATIC_ALS,2021-09-08,27.164818507879
v3.2.0,P4  (LAI=5.7),STATIC_ALS,2021-09-09,23.7368086471552
v3.2.0,P4  (LAI=5.7),STATIC_ALS,2021-09-10,23.8170316813877
v3.2.0,P4  (LAI=5.7),STATIC_ALS,2021-09-11,22.9447644965358
v3.2.0,P4  (LAI=5.7),STATIC_ALS,2021-09-12,25.0990418943842
v3.2.0,P4  (LAI=5.7),STATIC_ALS,2021-09-13,27.8348260864376
v3.2.0,P4  (LAI=5.7),STATIC_ALS,2021-09-14,26.2033220977266
v3.2.0,P4  (LAI=5.7),STATIC_ALS,2021-09-15,23.2707251874401
v3.2.0,P4  (LAI=5.7),STATIC_ALS,2021-09-16,22.5111130128471
v3.2.0,P4  (LAI=5.7),STATIC_ALS,2021-09-17,22.8474850063409
v3.2.0,P4  (LAI=5.7),STATIC_ALS,2021-09-18,20.9352747190641
v3.2.0,P4  (LAI=5.7),STATIC_ALS,2021-09-19,17.450429663186
v3.2.0,P4  (LAI=5.7),STATIC_ALS,2021-09-20,18.3962054933736
v3.2.0,P4  (LAI=5.7),STATIC_ALS,2021-09-21,19.1145015388804
v3.2.0,P4  (LAI=5.7),STATIC_ALS,2021-09-22,21.6859968957291
v3.2.0,P4  (LAI=5.7),STATIC_ALS,2021-09-23,23.6325253507063
v3.2.0,P4  (LAI=5.7),STATIC_ALS,2021-09-24,24.1178257269975
v3.2.0,P4  (LAI=5.7),STATIC_ALS,2021-09-25,22.4094538501603
v3.2.0,P4  (LAI=5.7),STATIC_ALS,2021-09-26,21.3548662841645
v3.2.0,P4  (LAI=5.7),STATIC_ALS,2021-09-27,19.9155825047492
v3.2.0,P4  (LAI=5.7),STATIC_ALS,2021-09-28,18.9518254916179
v3.2.0,P4  (LAI=5.7),STATIC_ALS,2021-09-29,18.0554432322181
v3.2.0,P4  (LAI=5.7),STATIC_ALS,2021-09-30,18.902521936433
v3.2.0,P4  (LAI=5.7),STATIC_ALS_DOPT,2021-06-01,29.8839781924471
v3.2.0,P4  (LAI=5.7),STATIC_ALS_DOPT,2021-06-02,25.7428178286716
v3.2.0,P4  (LAI=5.7),STATIC_ALS_DOPT,2021-06-03,27.7794094897192
v3.2.0,P4  (LAI=5.7),STATIC_ALS_DOPT,2021-06-04,18.3403999006371
v3.2.0,P4  (LAI=5.7),STATIC_ALS_DOPT,2021-06-05,23.2347731442911
v3.2.0,P4  (LAI=5.7),STATIC_ALS_DOPT,2021-06-06,23.89900808729
v3.2.0,P4  (LAI=5.7),STATIC_ALS_DOPT,2021-06-07,24.4126429596865
v3.2.0,P4  (LAI=5.7),STATIC_ALS_DOPT,2021-06-08,27.3462474071521
v3.2.0,P4  (LAI=5.7),STATIC_ALS_DOPT,2021-06-09,29.0611755529378
v3.2.0,P4  (LAI=5.7),STATIC_ALS_DOPT,2021-06-10,33.2318544417543
v3.2.0,P4  (LAI=5.7),STATIC_ALS_DOPT,2021-06-11,29.1834190875011
v3.2.0,P4  (LAI=5.7),STATIC_ALS_DOPT,2021-06-12,29.0012854422561
v3.2.0,P4  (LAI=5.7),STATIC_ALS_DOPT,2021-06-13,30.4289850172435
v3.2.0,P4  (LAI=5.7),STATIC_ALS_DOPT,2021-06-14,32.1136774280552
v3.2.0,P4  (LAI=5.7),STATIC_ALS_DOPT,2021-06-15,31.7185834867207
v3.2.0,P4  (LAI=5.7),STATIC_ALS_DOPT,2021-06-16,33.456158967252
v3.2.0,P4  (LAI=5.7),STATIC_ALS_DOPT,2021-06-17,28.1134475458724
v3.2.0,P4  (LAI=5.7),STATIC_ALS_DOPT,2021-06-18,25.8140091737593
v3.2.0,P4  (LAI=5.7),STATIC_ALS_DOPT,2021-06-19,27.8877537297346
v3.2.0,P4  (LAI=5.7),STATIC_ALS_DOPT,2021-06-20,24.2334071076745
v3.2.0,P4  (LAI=5.7),STATIC_ALS_DOPT,2021-06-21,25.2417526907876
v3.2.0,P4  (LAI=5.7),STATIC_ALS_DOPT,2021-06-22,23.0869674370874
v3.2.0,P4  (LAI=5.7),STATIC_ALS_DOPT,2021-06-23,19.4056897721672
v3.2.0,P4  (LAI=5.7),STATIC_ALS_DOPT,2021-06-24,24.1986734972193
v3.2.0,P4  (LAI=5.7),STATIC_ALS_DOPT,2021-06-25,23.0182874471539
v3.2.0,P4  (LAI=5.7),STATIC_ALS_DOPT,2021-06-26,24.7580356390479
v3.2.0,P4  (LAI=5.7),STATIC_ALS_DOPT,2021-06-27,20.330664746375
v3.2.0,P4  (LAI=5.7),STATIC_ALS_DOPT,2021-06-28,23.1578269437591
v3.2.0,P4  (LAI=5.7),STATIC_ALS_DOPT,2021-06-29,21.2082932137167
v3.2.0,P4  (LAI=5.7),STATIC_ALS_DOPT,2021-06-30,20.7589632593898
v3.2.0,P4  (LAI=5.7),STATIC_ALS_DOPT,2021-07-01,26.1042792474666
v3.2.0,P4  (LAI=5.7),STATIC_ALS_DOPT,2021-07-02,26.9991343944863
v3.2.0,P4  (LAI=5.7),STATIC_ALS_DOPT,2021-07-03,24.3806682633099
v3.2.0,P4  (LAI=5.7),STATIC_ALS_DOPT,2021-07-04,21.848525351989
v3.2.0,P4  (LAI=5.7),STATIC_ALS_DOPT,2021-07-05,23.469293892351
v3.2.0,P4  (LAI=5.7),STATIC_ALS_DOPT,2021-07-06,22.7904749066231
v3.2.0,P4  (LAI=5.7),STATIC_ALS_DOPT,2021-07-07,23.3697128560247
v3.2.0,P4  (LAI=5.7),STATIC_ALS_DOPT,2021-07-08,22.7005106121353
v3.2.0,P4  (LAI=5.7),STATIC_ALS_DOPT,2021-07-09,23.160266434921
v3.2.0,P4  (LAI=5.7),STATIC_ALS_DOPT,2021-07-10,20.4093365656831
v3.2.0,P4  (LAI=5.7),STATIC_ALS_DOPT,2021-07-11,26.0094534325767
v3.2.0,P4  (LAI=5.7),STATIC_ALS_DOPT,2021-07-12,22.1721678779751
v3.2.0,P4  (LAI=5.7),STATIC_ALS_DOPT,2021-07-13,18.2766756844541
v3.2.0,P4  (LAI=5.7),STATIC_ALS_DOPT,2021-07-14,23.5387707678463
v3.2.0,P4  (LAI=5.7),STATIC_ALS_DOPT,2021-07-15,25.8396902196941
v3.2.0,P4  (LAI=5.7),STATIC_ALS_DOPT,2021-07-16,22.1913662558312
v3.2.0,P4  (LAI=5.7),STATIC_ALS_DOPT,2021-07-17,24.7334700530735
v3.2.0,P4  (LAI=5.7),STATIC_ALS_DOPT,2021-07-18,30.9188820459991
v3.2.0,P4  (LAI=5.7),STATIC_ALS_DOPT,2021-07-19,32.1782100962434
v3.2.0,P4  (LAI=5.7),STATIC_ALS_DOPT,2021-07-20,31.6956878678257
v3.2.0,P4  (LAI=5.7),STATIC_ALS_DOPT,2021-07-21,32.2767518023412
v3.2.0,P4  (LAI=5.7),STATIC_ALS_DOPT,2021-07-22,31.9997015351566
v3.2.0,P4  (LAI=5.7),STATIC_ALS_DOPT,2021-07-23,32.6142648615533
v3.2.0,P4  (LAI=5.7),STATIC_ALS_DOPT,2021-07-24,26.5934747127299
v3.2.0,P4  (LAI=5.7),STATIC_ALS_DOPT,2021-07-25,25.4468702772641
v3.2.0,P4  (LAI=5.7),STATIC_ALS_DOPT,2021-07-26,25.9303695575871
v3.2.0,P4  (LAI=5.7),STATIC_ALS_DOPT,2021-07-27,20.9470887922117
v3.2.0,P4  (LAI=5.7),STATIC_ALS_DOPT,2021-07-28,23.6831848415883
v3.2.0,P4  (LAI=5.7),STATIC_ALS_DOPT,2021-07-29,25.9381128662121
v3.2.0,P4  (LAI=5.7),STATIC_ALS_DOPT,2021-07-30,25.3290620717347
v3.2.0,P4  (LAI=5.7),STATIC_ALS_DOPT,2021-07-31,23.927239466909
v3.2.0,P4  (LAI=5.7),STATIC_ALS_DOPT,2021-08-01,23.9061552656451
v3.2.0,P4  (LAI=5.7),STATIC_ALS_DOPT,2021-08-02,23.6280920514384
v3.2.0,P4  (LAI=5.7),STATIC_ALS_DOPT,2021-08-03,19.7174328999417
v3.2.0,P4  (LAI=5.7),STATIC_ALS_DOPT,2021-08-04,20.9661401282331
v3.2.0,P4  (LAI=5.7),STATIC_ALS_DOPT,2021-08-05,22.4262782961832
v3.2.0,P4  (LAI=5.7),STATIC_ALS_DOPT,2021-08-06,22.9586439833482
v3.2.0,P4  (LAI=5.7),STATIC_ALS_DOPT,2021-08-07,22.5194106670705
v3.2.0,P4  (LAI=5.7),STATIC_ALS_DOPT,2021-08-08,23.2063849848008
v3.2.0,P4  (LAI=5.7),STATIC_ALS_DOPT,2021-08-09,23.6323575357916
v3.2.0,P4  (LAI=5.7),STATIC_ALS_DOPT,2021-08-10,28.3731818510786
v3.2.0,P4  (LAI=5.7),STATIC_ALS_DOPT,2021-08-11,30.7822047845501
v3.2.0,P4  (LAI=5.7),STATIC_ALS_DOPT,2021-08-12,31.5443071567993
v3.2.0,P4  (LAI=5.7),STATIC_ALS_DOPT,2021-08-13,31.654765295542
v3.2.0,P4  (LAI=5.7),STATIC_ALS_DOPT,2021-08-14,33.7388696238667
v3.2.0,P4  (LAI=5.7),STATIC_ALS_DOPT,2021-08-15,30.5421412944201
v3.2.0,P4  (LAI=5.7),STATIC_ALS_DOPT,2021-08-16,23.7315937911075
v3.2.0,P4  (LAI=5.7),STATIC_ALS_DOPT,2021-08-17,20.5229981251579
v3.2.0,P4  (LAI=5.7),STATIC_ALS_DOPT,2021-08-18,21.4212189973018
v3.2.0,P4  (LAI=5.7),STATIC_ALS_DOPT,2021-08-19,20.6962856601361
v3.2.0,P4  (LAI=5.7),STATIC_ALS_DOPT,2021-08-20,25.1630375550623
v3.2.0,P4  (LAI=5.7),STATIC_ALS_DOPT,2021-08-21,26.5861277175144
v3.2.0,P4  (LAI=5.7),STATIC_ALS_DOPT,2021-08-22,25.3831934849462
v3.2.0,P4  (LAI=5.7),STATIC_ALS_DOPT,2021-08-23,24.0968641295999
v3.2.0,P4  (LAI=5.7),STATIC_ALS_DOPT,2021-08-24,26.8049602073649
v3.2.0,P4  (LAI=5.7),STATIC_ALS_DOPT,2021-08-25,27.5363476725739
v3.2.0,P4  (LAI=5.7),STATIC_ALS_DOPT,2021-08-26,25.4621978081376
v3.2.0,P4  (LAI=5.7),STATIC_ALS_DOPT,2021-08-27,22.3967104397128
v3.2.0,P4  (LAI=5.7),STATIC_ALS_DOPT,2021-08-28,22.0492015680469
v3.2.0,P4  (LAI=5.7),STATIC_ALS_DOPT,2021-08-29,22.1331487810764
v3.2.0,P4  (LAI=5.7),STATIC_ALS_DOPT,2021-08-30,22.7879853044374
v3.2.0,P4  (LAI=5.7),STATIC_ALS_DOPT,2021-08-31,24.1897343175463
v3.2.0,P4  (LAI=5.7),STATIC_ALS_DOPT,2021-09-01,26.417908316559
v3.2.0,P4  (LAI=5.7),STATIC_ALS_DOPT,2021-09-02,28.8886101477845
v3.2.0,P4  (LAI=5.7),STATIC_ALS_DOPT,2021-09-03,28.5274014199418
v3.2.0,P4  (LAI=5.7),STATIC_ALS_DOPT,2021-09-04,27.8720284683892
v3.2.0,P4  (LAI=5.7),STATIC_ALS_DOPT,2021-09-05,29.2974749984571
v3.2.0,P4  (LAI=5.7),STATIC_ALS_DOPT,2021-09-06,32.3452607475025
v3.2.0,P4  (LAI=5.7),STATIC_ALS_DOPT,2021-09-07,33.3337009401262
v3.2.0,P4  (LAI=5.7),STATIC_ALS_DOPT,2021-09-08,28.9934335098544
v3.2.0,P4  (LAI=5.7),STATIC_ALS_DOPT,2021-09-09,25.4328696526471
v3.2.0,P4  (LAI=5.7),STATIC_ALS_DOPT,2021-09-10,25.2833846042855
v3.2.0,P4  (LAI=5.7),STATIC_ALS_DOPT,2021-09-11,24.4634571872133
v3.2.0,P4  (LAI=5.7),STATIC_ALS_DOPT,2021-09-12,26.5220282118956
v3.2.0,P4  (LAI=5.7),STATIC_ALS_DOPT,2021-09-13,29.2486169518874
v3.2.0,P4  (LAI=5.7),STATIC_ALS_DOPT,2021-09-14,28.0579835478971
v3.2.0,P4  (LAI=5.7),STATIC_ALS_DOPT,2021-09-15,24.8537766636258
v3.2.0,P4  (LAI=5.7),STATIC_ALS_DOPT,2021-09-16,24.001842991334
v3.2.0,P4  (LAI=5.7),STATIC_ALS_DOPT,2021-09-17,24.3311249349998
v3.2.0,P4  (LAI=5.7),STATIC_ALS_DOPT,2021-09-18,22.258852503011
v3.2.0,P4  (LAI=5.7),STATIC_ALS_DOPT,2021-09-19,18.525874330713
v3.2.0,P4  (LAI=5.7),STATIC_ALS_DOPT,2021-09-20,19.5226079112802
v3.2.0,P4  (LAI=5.7),STATIC_ALS_DOPT,2021-09-21,20.6067505871309
v3.2.0,P4  (LAI=5.7),STATIC_ALS_DOPT,2021-09-22,23.1272370466945
v3.2.0,P4  (LAI=5.7),STATIC_ALS_DOPT,2021-09-23,25.0624462017985
v3.2.0,P4  (LAI=5.7),STATIC_ALS_DOPT,2021-09-24,25.2472390354791
v3.2.0,P4  (LAI=5.7),STATIC_ALS_DOPT,2021-09-25,23.8669679220357
v3.2.0,P4  (LAI=5.7),STATIC_ALS_DOPT,2021-09-26,22.3776657879248
v3.2.0,P4  (LAI=5.7),STATIC_ALS_DOPT,2021-09-27,20.7888495551213
v3.2.0,P4  (LAI=5.7),STATIC_ALS_DOPT,2021-09-28,20.2112033470745
v3.2.0,P4  (LAI=5.7),STATIC_ALS_DOPT,2021-09-29,19.2823518522275
v3.2.0,P4  (LAI=5.7),STATIC_ALS_DOPT,2021-09-30,20.5783857026641
v3.2.0,P4  (LAI=5.7),DYN_S2_ATBD_NM,2021-06-01,28.6014813946991
v3.2.0,P4  (LAI=5.7),DYN_S2_ATBD_NM,2021-06-02,23.6535928152736
v3.2.0,P4  (LAI=5.7),DYN_S2_ATBD_NM,2021-06-03,26.608900451499
v3.2.0,P4  (LAI=5.7),DYN_S2_ATBD_NM,2021-06-04,17.1215209506528
v3.2.0,P4  (LAI=5.7),DYN_S2_ATBD_NM,2021-06-05,21.8677999898715
v3.2.0,P4  (LAI=5.7),DYN_S2_ATBD_NM,2021-06-06,22.5516416896752
v3.2.0,P4  (LAI=5.7),DYN_S2_ATBD_NM,2021-06-07,23.4484199125245
v3.2.0,P4  (LAI=5.7),DYN_S2_ATBD_NM,2021-06-08,26.1090046883946
v3.2.0,P4  (LAI=5.7),DYN_S2_ATBD_NM,2021-06-09,27.8260260066624
v3.2.0,P4  (LAI=5.7),DYN_S2_ATBD_NM,2021-06-10,28.3862022865352
v3.2.0,P4  (LAI=5.7),DYN_S2_ATBD_NM,2021-06-11,27.8062298682623
v3.2.0,P4  (LAI=5.7),DYN_S2_ATBD_NM,2021-06-12,27.5920513634543
v3.2.0,P4  (LAI=5.7),DYN_S2_ATBD_NM,2021-06-13,28.4080759547495
v3.2.0,P4  (LAI=5.7),DYN_S2_ATBD_NM,2021-06-14,30.6706674777643
v3.2.0,P4  (LAI=5.7),DYN_S2_ATBD_NM,2021-06-15,30.2230423352132
v3.2.0,P4  (LAI=5.7),DYN_S2_ATBD_NM,2021-06-16,31.4279095194743
v3.2.0,P4  (LAI=5.7),DYN_S2_ATBD_NM,2021-06-17,26.75304859396
v3.2.0,P4  (LAI=5.7),DYN_S2_ATBD_NM,2021-06-18,24.4658294015505
v3.2.0,P4  (LAI=5.7),DYN_S2_ATBD_NM,2021-06-19,22.2692434470887
v3.2.0,P4  (LAI=5.7),DYN_S2_ATBD_NM,2021-06-20,22.6006930546195
v3.2.0,P4  (LAI=5.7),DYN_S2_ATBD_NM,2021-06-21,23.6231989953445
v3.2.0,P4  (LAI=5.7),DYN_S2_ATBD_NM,2021-06-22,21.2259168232723
v3.2.0,P4  (LAI=5.7),DYN_S2_ATBD_NM,2021-06-23,18.3105656180974
v3.2.0,P4  (LAI=5.7),DYN_S2_ATBD_NM,2021-06-24,22.7447323810947
v3.2.0,P4  (LAI=5.7),DYN_S2_ATBD_NM,2021-06-25,22.1368365295893
v3.2.0,P4  (LAI=5.7),DYN_S2_ATBD_NM,2021-06-26,24.0408881187878
v3.2.0,P4  (LAI=5.7),DYN_S2_ATBD_NM,2021-06-27,18.7539010946066
v3.2.0,P4  (LAI=5.7),DYN_S2_ATBD_NM,2021-06-28,21.7344265025724
v3.2.0,P4  (LAI=5.7),DYN_S2_ATBD_NM,2021-06-29,19.6050938016951
v3.2.0,P4  (LAI=5.7),DYN_S2_ATBD_NM,2021-06-30,19.9686313849223
v3.2.0,P4  (LAI=5.7),DYN_S2_ATBD_NM,2021-07-01,25.3779528077879
v3.2.0,P4  (LAI=5.7),DYN_S2_ATBD_NM,2021-07-02,25.775941898813
v3.2.0,P4  (LAI=5.7),DYN_S2_ATBD_NM,2021-07-03,22.943221305922
v3.2.0,P4  (LAI=5.7),DYN_S2_ATBD_NM,2021-07-04,20.6875669131902
v3.2.0,P4  (LAI=5.7),DYN_S2_ATBD_NM,2021-07-05,22.8717956643114
v3.2.0,P4  (LAI=5.7),DYN_S2_ATBD_NM,2021-07-06,21.9261532485203
v3.2.0,P4  (LAI=5.7),DYN_S2_ATBD_NM,2021-07-07,22.038842578537
v3.2.0,P4  (LAI=5.7),DYN_S2_ATBD_NM,2021-07-08,21.2477709238838
v3.2.0,P4  (LAI=5.7),DYN_S2_ATBD_NM,2021-07-09,22.136196432514
v3.2.0,P4  (LAI=5.7),DYN_S2_ATBD_NM,2021-07-10,19.0792594975623
v3.2.0,P4  (LAI=5.7),DYN_S2_ATBD_NM,2021-07-11,24.9008285435781
v3.2.0,P4  (LAI=5.7),DYN_S2_ATBD_NM,2021-07-12,21.0110128031821
v3.2.0,P4  (LAI=5.7),DYN_S2_ATBD_NM,2021-07-13,17.4524223314986
v3.2.0,P4  (LAI=5.7),DYN_S2_ATBD_NM,2021-07-14,22.367733184146
v3.2.0,P4  (LAI=5.7),DYN_S2_ATBD_NM,2021-07-15,25.0194298863292
v3.2.0,P4  (LAI=5.7),DYN_S2_ATBD_NM,2021-07-16,21.5260719261361
v3.2.0,P4  (LAI=5.7),DYN_S2_ATBD_NM,2021-07-17,23.6420089403488
v3.2.0,P4  (LAI=5.7),DYN_S2_ATBD_NM,2021-07-18,29.8344970213185
v3.2.0,P4  (LAI=5.7),DYN_S2_ATBD_NM,2021-07-19,31.1117911405471
v3.2.0,P4  (LAI=5.7),DYN_S2_ATBD_NM,2021-07-20,30.5131128542605
v3.2.0,P4  (LAI=5.7),DYN_S2_ATBD_NM,2021-07-21,30.825162625494
v3.2.0,P4  (LAI=5.7),DYN_S2_ATBD_NM,2021-07-22,30.7844779758558
v3.2.0,P4  (LAI=5.7),DYN_S2_ATBD_NM,2021-07-23,31.8917430758299
v3.2.0,P4  (LAI=5.7),DYN_S2_ATBD_NM,2021-07-24,25.3470088853888
v3.2.0,P4  (LAI=5.7),DYN_S2_ATBD_NM,2021-07-25,24.3626424427155
v3.2.0,P4  (LAI=5.7),DYN_S2_ATBD_NM,2021-07-26,24.718217421152
v3.2.0,P4  (LAI=5.7),DYN_S2_ATBD_NM,2021-07-27,19.5157464498606
v3.2.0,P4  (LAI=5.7),DYN_S2_ATBD_NM,2021-07-28,23.014459942434
v3.2.0,P4  (LAI=5.7),DYN_S2_ATBD_NM,2021-07-29,24.8613835966559
v3.2.0,P4  (LAI=5.7),DYN_S2_ATBD_NM,2021-07-30,24.1426645756426
v3.2.0,P4  (LAI=5.7),DYN_S2_ATBD_NM,2021-07-31,22.7649158351665
v3.2.0,P4  (LAI=5.7),DYN_S2_ATBD_NM,2021-08-01,22.5713053526479
v3.2.0,P4  (LAI=5.7),DYN_S2_ATBD_NM,2021-08-02,22.5271730953501
v3.2.0,P4  (LAI=5.7),DYN_S2_ATBD_NM,2021-08-03,18.784969078859
v3.2.0,P4  (LAI=5.7),DYN_S2_ATBD_NM,2021-08-04,19.4952724031048
v3.2.0,P4  (LAI=5.7),DYN_S2_ATBD_NM,2021-08-05,21.4648075321679
v3.2.0,P4  (LAI=5.7),DYN_S2_ATBD_NM,2021-08-06,22.2401421275147
v3.2.0,P4  (LAI=5.7),DYN_S2_ATBD_NM,2021-08-07,21.5457737713468
v3.2.0,P4  (LAI=5.7),DYN_S2_ATBD_NM,2021-08-08,22.2721898179837
v3.2.0,P4  (LAI=5.7),DYN_S2_ATBD_NM,2021-08-09,22.7986901323748
v3.2.0,P4  (LAI=5.7),DYN_S2_ATBD_NM,2021-08-10,27.2767432385558
v3.2.0,P4  (LAI=5.7),DYN_S2_ATBD_NM,2021-08-11,29.7065639095956
v3.2.0,P4  (LAI=5.7),DYN_S2_ATBD_NM,2021-08-12,30.4198699078967
v3.2.0,P4  (LAI=5.7),DYN_S2_ATBD_NM,2021-08-13,30.6636876141497
v3.2.0,P4  (LAI=5.7),DYN_S2_ATBD_NM,2021-08-14,32.9355453710343
v3.2.0,P4  (LAI=5.7),DYN_S2_ATBD_NM,2021-08-15,29.2218823032861
v3.2.0,P4  (LAI=5.7),DYN_S2_ATBD_NM,2021-08-16,22.7882239571533
v3.2.0,P4  (LAI=5.7),DYN_S2_ATBD_NM,2021-08-17,19.7055757063531
v3.2.0,P4  (LAI=5.7),DYN_S2_ATBD_NM,2021-08-18,20.7871720246021
v3.2.0,P4  (LAI=5.7),DYN_S2_ATBD_NM,2021-08-19,20.1668571695336
v3.2.0,P4  (LAI=5.7),DYN_S2_ATBD_NM,2021-08-20,24.4633734423537
v3.2.0,P4  (LAI=5.7),DYN_S2_ATBD_NM,2021-08-21,25.227886283861
v3.2.0,P4  (LAI=5.7),DYN_S2_ATBD_NM,2021-08-22,23.1465080563006
v3.2.0,P4  (LAI=5.7),DYN_S2_ATBD_NM,2021-08-23,23.2087304605881
v3.2.0,P4  (LAI=5.7),DYN_S2_ATBD_NM,2021-08-24,25.7679392499978
v3.2.0,P4  (LAI=5.7),DYN_S2_ATBD_NM,2021-08-25,26.5410075783997
v3.2.0,P4  (LAI=5.7),DYN_S2_ATBD_NM,2021-08-26,24.3340057772542
v3.2.0,P4  (LAI=5.7),DYN_S2_ATBD_NM,2021-08-27,21.9516469070923
v3.2.0,P4  (LAI=5.7),DYN_S2_ATBD_NM,2021-08-28,21.7131886398487
v3.2.0,P4  (LAI=5.7),DYN_S2_ATBD_NM,2021-08-29,21.213149905751
v3.2.0,P4  (LAI=5.7),DYN_S2_ATBD_NM,2021-08-30,22.1983943842972
v3.2.0,P4  (LAI=5.7),DYN_S2_ATBD_NM,2021-08-31,23.6118406415641
v3.2.0,P4  (LAI=5.7),DYN_S2_ATBD_NM,2021-09-01,25.6059319534485
v3.2.0,P4  (LAI=5.7),DYN_S2_ATBD_NM,2021-09-02,28.0227516306497
v3.2.0,P4  (LAI=5.7),DYN_S2_ATBD_NM,2021-09-03,27.6976905326081
v3.2.0,P4  (LAI=5.7),DYN_S2_ATBD_NM,2021-09-04,26.8448210024574
v3.2.0,P4  (LAI=5.7),DYN_S2_ATBD_NM,2021-09-05,28.5451174102901
v3.2.0,P4  (LAI=5.7),DYN_S2_ATBD_NM,2021-09-06,31.3934086845625
v3.2.0,P4  (LAI=5.7),DYN_S2_ATBD_NM,2021-09-07,32.6143771916753
v3.2.0,P4  (LAI=5.7),DYN_S2_ATBD_NM,2021-09-08,27.8005870236681
v3.2.0,P4  (LAI=5.7),DYN_S2_ATBD_NM,2021-09-09,24.3363306937056
v3.2.0,P4  (LAI=5.7),DYN_S2_ATBD_NM,2021-09-10,24.2611724414183
v3.2.0,P4  (LAI=5.7),DYN_S2_ATBD_NM,2021-09-11,23.5190812423006
v3.2.0,P4  (LAI=5.7),DYN_S2_ATBD_NM,2021-09-12,25.7640232603451
v3.2.0,P4  (LAI=5.7),DYN_S2_ATBD_NM,2021-09-13,28.6124246465316
v3.2.0,P4  (LAI=5.7),DYN_S2_ATBD_NM,2021-09-14,26.8618045133215
v3.2.0,P4  (LAI=5.7),DYN_S2_ATBD_NM,2021-09-15,23.9185789215218
v3.2.0,P4  (LAI=5.7),DYN_S2_ATBD_NM,2021-09-16,23.0312057697018
v3.2.0,P4  (LAI=5.7),DYN_S2_ATBD_NM,2021-09-17,23.5069296425417
v3.2.0,P4  (LAI=5.7),DYN_S2_ATBD_NM,2021-09-18,21.4162421764264
v3.2.0,P4  (LAI=5.7),DYN_S2_ATBD_NM,2021-09-19,17.7989960710684
v3.2.0,P4  (LAI=5.7),DYN_S2_ATBD_NM,2021-09-20,18.8866216779139
v3.2.0,P4  (LAI=5.7),DYN_S2_ATBD_NM,2021-09-21,19.6444911233851
v3.2.0,P4  (LAI=5.7),DYN_S2_ATBD_NM,2021-09-22,22.3051421229706
v3.2.0,P4  (LAI=5.7),DYN_S2_ATBD_NM,2021-09-23,24.4649745082551
v3.2.0,P4  (LAI=5.7),DYN_S2_ATBD_NM,2021-09-24,24.7340821985848
v3.2.0,P4  (LAI=5.7),DYN_S2_ATBD_NM,2021-09-25,23.1019820774501
v3.2.0,P4  (LAI=5.7),DYN_S2_ATBD_NM,2021-09-26,21.8016041659001
v3.2.0,P4  (LAI=5.7),DYN_S2_ATBD_NM,2021-09-27,20.2506506538036
v3.2.0,P4  (LAI=5.7),DYN_S2_ATBD_NM,2021-09-28,19.5241420180128
v3.2.0,P4  (LAI=5.7),DYN_S2_ATBD_NM,2021-09-29,18.4613662076339
v3.2.0,P4  (LAI=5.7),DYN_S2_ATBD_NM,2021-09-30,19.6114794872774
v3.2.0,P4  (LAI=5.7),DYN_S2_OPT_NM,2021-06-01,28.7976146049903
v3.2.0,P4  (LAI=5.7),DYN_S2_OPT_NM,2021-06-02,23.8784887142701
v3.2.0,P4  (LAI=5.7),DYN_S2_OPT_NM,2021-06-03,26.7599446367999
v3.2.0,P4  (LAI=5.7),DYN_S2_OPT_NM,2021-06-04,17.1810108041466
v3.2.0,P4  (LAI=5.7),DYN_S2_OPT_NM,2021-06-05,22.0138260100366
v3.2.0,P4  (LAI=5.7),DYN_S2_OPT_NM,2021-06-06,22.6636065941308
v3.2.0,P4  (LAI=5.7),DYN_S2_OPT_NM,2021-06-07,23.5653746832834
v3.2.0,P4  (LAI=5.7),DYN_S2_OPT_NM,2021-06-08,26.2678991155223
v3.2.0,P4  (LAI=5.7),DYN_S2_OPT_NM,2021-06-09,27.9915394467756
v3.2.0,P4  (LAI=5.7),DYN_S2_OPT_NM,2021-06-10,28.5562879034547
v3.2.0,P4  (LAI=5.7),DYN_S2_OPT_NM,2021-06-11,27.942593591504
v3.2.0,P4  (LAI=5.7),DYN_S2_OPT_NM,2021-06-12,27.7576169104398
v3.2.0,P4  (LAI=5.7),DYN_S2_OPT_NM,2021-06-13,28.5887290742733
v3.2.0,P4  (LAI=5.7),DYN_S2_OPT_NM,2021-06-14,30.8763579297155
v3.2.0,P4  (LAI=5.7),DYN_S2_OPT_NM,2021-06-15,30.4070182586282
v3.2.0,P4  (LAI=5.7),DYN_S2_OPT_NM,2021-06-16,31.7173454315092
v3.2.0,P4  (LAI=5.7),DYN_S2_OPT_NM,2021-06-17,26.9272950367697
v3.2.0,P4  (LAI=5.7),DYN_S2_OPT_NM,2021-06-18,24.5746097551104
v3.2.0,P4  (LAI=5.7),DYN_S2_OPT_NM,2021-06-19,22.4451267475428
v3.2.0,P4  (LAI=5.7),DYN_S2_OPT_NM,2021-06-20,22.7542465647682
v3.2.0,P4  (LAI=5.7),DYN_S2_OPT_NM,2021-06-21,23.769034344985
v3.2.0,P4  (LAI=5.7),DYN_S2_OPT_NM,2021-06-22,21.3888807507605
v3.2.0,P4  (LAI=5.7),DYN_S2_OPT_NM,2021-06-23,18.3937216714479
v3.2.0,P4  (LAI=5.7),DYN_S2_OPT_NM,2021-06-24,22.8766954014095
v3.2.0,P4  (LAI=5.7),DYN_S2_OPT_NM,2021-06-25,22.2367073709203
v3.2.0,P4  (LAI=5.7),DYN_S2_OPT_NM,2021-06-26,24.1854955943563
v3.2.0,P4  (LAI=5.7),DYN_S2_OPT_NM,2021-06-27,18.8959487358874
v3.2.0,P4  (LAI=5.7),DYN_S2_OPT_NM,2021-06-28,21.9541491422913
v3.2.0,P4  (LAI=5.7),DYN_S2_OPT_NM,2021-06-29,19.7529055395148
v3.2.0,P4  (LAI=5.7),DYN_S2_OPT_NM,2021-06-30,20.0426545191955
v3.2.0,P4  (LAI=5.7),DYN_S2_OPT_NM,2021-07-01,25.4882821295301
v3.2.0,P4  (LAI=5.7),DYN_S2_OPT_NM,2021-07-02,25.9194806076833
v3.2.0,P4  (LAI=5.7),DYN_S2_OPT_NM,2021-07-03,23.0432982353944
v3.2.0,P4  (LAI=5.7),DYN_S2_OPT_NM,2021-07-04,20.7808539771113
v3.2.0,P4  (LAI=5.7),DYN_S2_OPT_NM,2021-07-05,22.9270827398016
v3.2.0,P4  (LAI=5.7),DYN_S2_OPT_NM,2021-07-06,22.008372927148
v3.2.0,P4  (LAI=5.7),DYN_S2_OPT_NM,2021-07-07,22.1648777070916
v3.2.0,P4  (LAI=5.7),DYN_S2_OPT_NM,2021-07-08,21.373814102054
v3.2.0,P4  (LAI=5.7),DYN_S2_OPT_NM,2021-07-09,22.2530230447354
v3.2.0,P4  (LAI=5.7),DYN_S2_OPT_NM,2021-07-10,19.1920063943636
v3.2.0,P4  (LAI=5.7),DYN_S2_OPT_NM,2021-07-11,25.0493838804529
v3.2.0,P4  (LAI=5.7),DYN_S2_OPT_NM,2021-07-12,21.1087518515355
v3.2.0,P4  (LAI=5.7),DYN_S2_OPT_NM,2021-07-13,17.5321751752531
v3.2.0,P4  (LAI=5.7),DYN_S2_OPT_NM,2021-07-14,22.4873800142641
v3.2.0,P4  (LAI=5.7),DYN_S2_OPT_NM,2021-07-15,25.1165611426728
v3.2.0,P4  (LAI=5.7),DYN_S2_OPT_NM,2021-07-16,21.5957517805142
v3.2.0,P4  (LAI=5.7),DYN_S2_OPT_NM,2021-07-17,23.7432379425838
v3.2.0,P4  (LAI=5.7),DYN_S2_OPT_NM,2021-07-18,29.9775580882575
v3.2.0,P4  (LAI=5.7),DYN_S2_OPT_NM,2021-07-19,31.2556542821448
v3.2.0,P4  (LAI=5.7),DYN_S2_OPT_NM,2021-07-20,30.6734516487167
v3.2.0,P4  (LAI=5.7),DYN_S2_OPT_NM,2021-07-21,30.9952792747019
v3.2.0,P4  (LAI=5.7),DYN_S2_OPT_NM,2021-07-22,30.9625684441841
v3.2.0,P4  (LAI=5.7),DYN_S2_OPT_NM,2021-07-23,32.0080660494851
v3.2.0,P4  (LAI=5.7),DYN_S2_OPT_NM,2021-07-24,25.4669908408545
v3.2.0,P4  (LAI=5.7),DYN_S2_OPT_NM,2021-07-25,24.4629462474077
v3.2.0,P4  (LAI=5.7),DYN_S2_OPT_NM,2021-07-26,24.8445485398487
v3.2.0,P4  (LAI=5.7),DYN_S2_OPT_NM,2021-07-27,19.9981589453965
v3.2.0,P4  (LAI=5.7),DYN_S2_OPT_NM,2021-07-28,23.0895517901038
v3.2.0,P4  (LAI=5.7),DYN_S2_OPT_NM,2021-07-29,24.9821867399734
v3.2.0,P4  (LAI=5.7),DYN_S2_OPT_NM,2021-07-30,24.2671296011305
v3.2.0,P4  (LAI=5.7),DYN_S2_OPT_NM,2021-07-31,22.8863514572021
v3.2.0,P4  (LAI=5.7),DYN_S2_OPT_NM,2021-08-01,22.6223494925079
v3.2.0,P4  (LAI=5.7),DYN_S2_OPT_NM,2021-08-02,22.6299148379208
v3.2.0,P4  (LAI=5.7),DYN_S2_OPT_NM,2021-08-03,18.8631061115564
v3.2.0,P4  (LAI=5.7),DYN_S2_OPT_NM,2021-08-04,19.6644851194088
v3.2.0,P4  (LAI=5.7),DYN_S2_OPT_NM,2021-08-05,21.5845695491569
v3.2.0,P4  (LAI=5.7),DYN_S2_OPT_NM,2021-08-06,22.3165719703237
v3.2.0,P4  (LAI=5.7),DYN_S2_OPT_NM,2021-08-07,21.6621923642701
v3.2.0,P4  (LAI=5.7),DYN_S2_OPT_NM,2021-08-08,22.37513491524
v3.2.0,P4  (LAI=5.7),DYN_S2_OPT_NM,2021-08-09,22.9120521891873
v3.2.0,P4  (LAI=5.7),DYN_S2_OPT_NM,2021-08-10,27.4294966655868
v3.2.0,P4  (LAI=5.7),DYN_S2_OPT_NM,2021-08-11,29.8730068711404
v3.2.0,P4  (LAI=5.7),DYN_S2_OPT_NM,2021-08-12,30.5888308420672
v3.2.0,P4  (LAI=5.7),DYN_S2_OPT_NM,2021-08-13,30.7969531065224
v3.2.0,P4  (LAI=5.7),DYN_S2_OPT_NM,2021-08-14,33.1086785354797
v3.2.0,P4  (LAI=5.7),DYN_S2_OPT_NM,2021-08-15,29.4018847698679
v3.2.0,P4  (LAI=5.7),DYN_S2_OPT_NM,2021-08-16,22.8878628876109
v3.2.0,P4  (LAI=5.7),DYN_S2_OPT_NM,2021-08-17,19.790865544222
v3.2.0,P4  (LAI=5.7),DYN_S2_OPT_NM,2021-08-18,20.861373258841
v3.2.0,P4  (LAI=5.7),DYN_S2_OPT_NM,2021-08-19,20.2373954690306
v3.2.0,P4  (LAI=5.7),DYN_S2_OPT_NM,2021-08-20,24.5887882083397
v3.2.0,P4  (LAI=5.7),DYN_S2_OPT_NM,2021-08-21,25.3907187583433
v3.2.0,P4  (LAI=5.7),DYN_S2_OPT_NM,2021-08-22,23.2702316713286
v3.2.0,P4  (LAI=5.7),DYN_S2_OPT_NM,2021-08-23,23.3139514346876
v3.2.0,P4  (LAI=5.7),DYN_S2_OPT_NM,2021-08-24,25.8959265947336
v3.2.0,P4  (LAI=5.7),DYN_S2_OPT_NM,2021-08-25,26.6697062704267
v3.2.0,P4  (LAI=5.7),DYN_S2_OPT_NM,2021-08-26,24.4620499770101
v3.2.0,P4  (LAI=5.7),DYN_S2_OPT_NM,2021-08-27,22.0139126105695
v3.2.0,P4  (LAI=5.7),DYN_S2_OPT_NM,2021-08-28,21.7616325535902
v3.2.0,P4  (LAI=5.7),DYN_S2_OPT_NM,2021-08-29,21.3237448739602
v3.2.0,P4  (LAI=5.7),DYN_S2_OPT_NM,2021-08-30,22.2744379640062
v3.2.0,P4  (LAI=5.7),DYN_S2_OPT_NM,2021-08-31,23.6921271036015
v3.2.0,P4  (LAI=5.7),DYN_S2_OPT_NM,2021-09-01,25.7093124600165
v3.2.0,P4  (LAI=5.7),DYN_S2_OPT_NM,2021-09-02,28.1440400111048
v3.2.0,P4  (LAI=5.7),DYN_S2_OPT_NM,2021-09-03,27.8356469103312
v3.2.0,P4  (LAI=5.7),DYN_S2_OPT_NM,2021-09-04,26.9818841538953
v3.2.0,P4  (LAI=5.7),DYN_S2_OPT_NM,2021-09-05,28.7069279852394
v3.2.0,P4  (LAI=5.7),DYN_S2_OPT_NM,2021-09-06,31.5483276331657
v3.2.0,P4  (LAI=5.7),DYN_S2_OPT_NM,2021-09-07,32.7359533689041
v3.2.0,P4  (LAI=5.7),DYN_S2_OPT_NM,2021-09-08,27.9766399782098
v3.2.0,P4  (LAI=5.7),DYN_S2_OPT_NM,2021-09-09,24.460288635407
v3.2.0,P4  (LAI=5.7),DYN_S2_OPT_NM,2021-09-10,24.3676067807917
v3.2.0,P4  (LAI=5.7),DYN_S2_OPT_NM,2021-09-11,23.6448960915716
v3.2.0,P4  (LAI=5.7),DYN_S2_OPT_NM,2021-09-12,25.8813574640642
v3.2.0,P4  (LAI=5.7),DYN_S2_OPT_NM,2021-09-13,28.750359465111
v3.2.0,P4  (LAI=5.7),DYN_S2_OPT_NM,2021-09-14,27.0020703898791
v3.2.0,P4  (LAI=5.7),DYN_S2_OPT_NM,2021-09-15,24.0643017272961
v3.2.0,P4  (LAI=5.7),DYN_S2_OPT_NM,2021-09-16,23.1455895822945
v3.2.0,P4  (LAI=5.7),DYN_S2_OPT_NM,2021-09-17,23.6311039940472
v3.2.0,P4  (LAI=5.7),DYN_S2_OPT_NM,2021-09-18,21.5232178961928
v3.2.0,P4  (LAI=5.7),DYN_S2_OPT_NM,2021-09-19,17.8968560768619
v3.2.0,P4  (LAI=5.7),DYN_S2_OPT_NM,2021-09-20,18.9852139085281
v3.2.0,P4  (LAI=5.7),DYN_S2_OPT_NM,2021-09-21,19.7707125452739
v3.2.0,P4  (LAI=5.7),DYN_S2_OPT_NM,2021-09-22,22.4137799297964
v3.2.0,P4  (LAI=5.7),DYN_S2_OPT_NM,2021-09-23,24.5852090782204
v3.2.0,P4  (LAI=5.7),DYN_S2_OPT_NM,2021-09-24,24.8033552461412
v3.2.0,P4  (LAI=5.7),DYN_S2_OPT_NM,2021-09-25,23.1976994005915
v3.2.0,P4  (LAI=5.7),DYN_S2_OPT_NM,2021-09-26,21.8846175287638
v3.2.0,P4  (LAI=5.7),DYN_S2_OPT_NM,2021-09-27,20.3159418078016
v3.2.0,P4  (LAI=5.7),DYN_S2_OPT_NM,2021-09-28,19.6191114182101
v3.2.0,P4  (LAI=5.7),DYN_S2_OPT_NM,2021-09-29,18.5602127637823
v3.2.0,P4  (LAI=5.7),DYN_S2_OPT_NM,2021-09-30,19.6993780251394
v3.2.0,P4  (LAI=5.7),DYN_ATBD_rfull_NM,2021-06-01,29.011170936591
v3.2.0,P4  (LAI=5.7),DYN_ATBD_rfull_NM,2021-06-02,24.1535320213204
v3.2.0,P4  (LAI=5.7),DYN_ATBD_rfull_NM,2021-06-03,26.9258400764251
v3.2.0,P4  (LAI=5.7),DYN_ATBD_rfull_NM,2021-06-04,17.2564488940432
v3.2.0,P4  (LAI=5.7),DYN_ATBD_rfull_NM,2021-06-05,22.1760859049334
v3.2.0,P4  (LAI=5.7),DYN_ATBD_rfull_NM,2021-06-06,22.7880777912957
v3.2.0,P4  (LAI=5.7),DYN_ATBD_rfull_NM,2021-06-07,23.7039755191202
v3.2.0,P4  (LAI=5.7),DYN_ATBD_rfull_NM,2021-06-08,26.4411710778239
v3.2.0,P4  (LAI=5.7),DYN_ATBD_rfull_NM,2021-06-09,28.1682937376024
v3.2.0,P4  (LAI=5.7),DYN_ATBD_rfull_NM,2021-06-10,28.7377520560716
v3.2.0,P4  (LAI=5.7),DYN_ATBD_rfull_NM,2021-06-11,28.0914778287477
v3.2.0,P4  (LAI=5.7),DYN_ATBD_rfull_NM,2021-06-12,27.9440270460066
v3.2.0,P4  (LAI=5.7),DYN_ATBD_rfull_NM,2021-06-13,28.7980875197711
v3.2.0,P4  (LAI=5.7),DYN_ATBD_rfull_NM,2021-06-14,31.119918614128
v3.2.0,P4  (LAI=5.7),DYN_ATBD_rfull_NM,2021-06-15,30.6342293435765
v3.2.0,P4  (LAI=5.7),DYN_ATBD_rfull_NM,2021-06-16,32.0556583040991
v3.2.0,P4  (LAI=5.7),DYN_ATBD_rfull_NM,2021-06-17,27.1146393514649
v3.2.0,P4  (LAI=5.7),DYN_ATBD_rfull_NM,2021-06-18,24.7244294281077
v3.2.0,P4  (LAI=5.7),DYN_ATBD_rfull_NM,2021-06-19,22.7239820787035
v3.2.0,P4  (LAI=5.7),DYN_ATBD_rfull_NM,2021-06-20,22.92057474055
v3.2.0,P4  (LAI=5.7),DYN_ATBD_rfull_NM,2021-06-21,23.9227078504534
v3.2.0,P4  (LAI=5.7),DYN_ATBD_rfull_NM,2021-06-22,21.5716096034582
v3.2.0,P4  (LAI=5.7),DYN_ATBD_rfull_NM,2021-06-23,18.5107346906057
v3.2.0,P4  (LAI=5.7),DYN_ATBD_rfull_NM,2021-06-24,23.0242013421344
v3.2.0,P4  (LAI=5.7),DYN_ATBD_rfull_NM,2021-06-25,22.3492907901563
v3.2.0,P4  (LAI=5.7),DYN_ATBD_rfull_NM,2021-06-26,24.329617802637
v3.2.0,P4  (LAI=5.7),DYN_ATBD_rfull_NM,2021-06-27,19.0936086504518
v3.2.0,P4  (LAI=5.7),DYN_ATBD_rfull_NM,2021-06-28,22.1581135345177
v3.2.0,P4  (LAI=5.7),DYN_ATBD_rfull_NM,2021-06-29,19.9323168511794
v3.2.0,P4  (LAI=5.7),DYN_ATBD_rfull_NM,2021-06-30,20.1289812731065
v3.2.0,P4  (LAI=5.7),DYN_ATBD_rfull_NM,2021-07-01,25.5990005011298
v3.2.0,P4  (LAI=5.7),DYN_ATBD_rfull_NM,2021-07-02,26.0926695212756
v3.2.0,P4  (LAI=5.7),DYN_ATBD_rfull_NM,2021-07-03,23.1727051772983
v3.2.0,P4  (LAI=5.7),DYN_ATBD_rfull_NM,2021-07-04,20.8881460498391
v3.2.0,P4  (LAI=5.7),DYN_ATBD_rfull_NM,2021-07-05,23.0027285685736
v3.2.0,P4  (LAI=5.7),DYN_ATBD_rfull_NM,2021-07-06,22.126340268048
v3.2.0,P4  (LAI=5.7),DYN_ATBD_rfull_NM,2021-07-07,22.3176736542478
v3.2.0,P4  (LAI=5.7),DYN_ATBD_rfull_NM,2021-07-08,21.5121090804954
v3.2.0,P4  (LAI=5.7),DYN_ATBD_rfull_NM,2021-07-09,22.3949737035196
v3.2.0,P4  (LAI=5.7),DYN_ATBD_rfull_NM,2021-07-10,19.3588194293263
v3.2.0,P4  (LAI=5.7),DYN_ATBD_rfull_NM,2021-07-11,25.2124482658084
v3.2.0,P4  (LAI=5.7),DYN_ATBD_rfull_NM,2021-07-12,21.244685117667
v3.2.0,P4  (LAI=5.7),DYN_ATBD_rfull_NM,2021-07-13,17.6203620779006
v3.2.0,P4  (LAI=5.7),DYN_ATBD_rfull_NM,2021-07-14,22.629605702209
v3.2.0,P4  (LAI=5.7),DYN_ATBD_rfull_NM,2021-07-15,25.2277117728685
v3.2.0,P4  (LAI=5.7),DYN_ATBD_rfull_NM,2021-07-16,21.6787274317014
v3.2.0,P4  (LAI=5.7),DYN_ATBD_rfull_NM,2021-07-17,23.8612022695216
v3.2.0,P4  (LAI=5.7),DYN_ATBD_rfull_NM,2021-07-18,30.1423355013706
v3.2.0,P4  (LAI=5.7),DYN_ATBD_rfull_NM,2021-07-19,31.4219369539896
v3.2.0,P4  (LAI=5.7),DYN_ATBD_rfull_NM,2021-07-20,30.8589638933023
v3.2.0,P4  (LAI=5.7),DYN_ATBD_rfull_NM,2021-07-21,31.1886735584688
v3.2.0,P4  (LAI=5.7),DYN_ATBD_rfull_NM,2021-07-22,31.163266440129
v3.2.0,P4  (LAI=5.7),DYN_ATBD_rfull_NM,2021-07-23,32.136367558587
v3.2.0,P4  (LAI=5.7),DYN_ATBD_rfull_NM,2021-07-24,25.6398355872129
v3.2.0,P4  (LAI=5.7),DYN_ATBD_rfull_NM,2021-07-25,24.5729568908398
v3.2.0,P4  (LAI=5.7),DYN_ATBD_rfull_NM,2021-07-26,25.0018382797977
v3.2.0,P4  (LAI=5.7),DYN_ATBD_rfull_NM,2021-07-27,19.8351428916546
v3.2.0,P4  (LAI=5.7),DYN_ATBD_rfull_NM,2021-07-28,23.1968062949078
v3.2.0,P4  (LAI=5.7),DYN_ATBD_rfull_NM,2021-07-29,25.118002486886
v3.2.0,P4  (LAI=5.7),DYN_ATBD_rfull_NM,2021-07-30,24.4231999478812
v3.2.0,P4  (LAI=5.7),DYN_ATBD_rfull_NM,2021-07-31,23.0327324578229
v3.2.0,P4  (LAI=5.7),DYN_ATBD_rfull_NM,2021-08-01,22.8481784416085
v3.2.0,P4  (LAI=5.7),DYN_ATBD_rfull_NM,2021-08-02,22.7588811378052
v3.2.0,P4  (LAI=5.7),DYN_ATBD_rfull_NM,2021-08-03,18.9973909439094
v3.2.0,P4  (LAI=5.7),DYN_ATBD_rfull_NM,2021-08-04,20.0111344632339
v3.2.0,P4  (LAI=5.7),DYN_ATBD_rfull_NM,2021-08-05,21.719013936294
v3.2.0,P4  (LAI=5.7),DYN_ATBD_rfull_NM,2021-08-06,22.4160117563821
v3.2.0,P4  (LAI=5.7),DYN_ATBD_rfull_NM,2021-08-07,21.7476064308964
v3.2.0,P4  (LAI=5.7),DYN_ATBD_rfull_NM,2021-08-08,22.489967934178
v3.2.0,P4  (LAI=5.7),DYN_ATBD_rfull_NM,2021-08-09,23.0501339989912
v3.2.0,P4  (LAI=5.7),DYN_ATBD_rfull_NM,2021-08-10,27.6041776158884
v3.2.0,P4  (LAI=5.7),DYN_ATBD_rfull_NM,2021-08-11,30.0484482546441
v3.2.0,P4  (LAI=5.7),DYN_ATBD_rfull_NM,2021-08-12,30.768896736454
v3.2.0,P4  (LAI=5.7),DYN_ATBD_rfull_NM,2021-08-13,30.9400237602084
v3.2.0,P4  (LAI=5.7),DYN_ATBD_rfull_NM,2021-08-14,33.3013292433428
v3.2.0,P4  (LAI=5.7),DYN_ATBD_rfull_NM,2021-08-15,29.6123013195941
v3.2.0,P4  (LAI=5.7),DYN_ATBD_rfull_NM,2021-08-16,23.2145384060225
v3.2.0,P4  (LAI=5.7),DYN_ATBD_rfull_NM,2021-08-17,19.9126296353683
v3.2.0,P4  (LAI=5.7),DYN_ATBD_rfull_NM,2021-08-18,20.9529937750602
v3.2.0,P4  (LAI=5.7),DYN_ATBD_rfull_NM,2021-08-19,20.3194341473328
v3.2.0,P4  (LAI=5.7),DYN_ATBD_rfull_NM,2021-08-20,24.7287814483855
v3.2.0,P4  (LAI=5.7),DYN_ATBD_rfull_NM,2021-08-21,25.5750806040513
v3.2.0,P4  (LAI=5.7),DYN_ATBD_rfull_NM,2021-08-22,23.4224778175187
v3.2.0,P4  (LAI=5.7),DYN_ATBD_rfull_NM,2021-08-23,23.438061085611
v3.2.0,P4  (LAI=5.7),DYN_ATBD_rfull_NM,2021-08-24,26.0490193573987
v3.2.0,P4  (LAI=5.7),DYN_ATBD_rfull_NM,2021-08-25,26.8202487252503
v3.2.0,P4  (LAI=5.7),DYN_ATBD_rfull_NM,2021-08-26,24.6080340219106
v3.2.0,P4  (LAI=5.7),DYN_ATBD_rfull_NM,2021-08-27,22.0887053405327
v3.2.0,P4  (LAI=5.7),DYN_ATBD_rfull_NM,2021-08-28,21.8201342431448
v3.2.0,P4  (LAI=5.7),DYN_ATBD_rfull_NM,2021-08-29,21.4602428972662
v3.2.0,P4  (LAI=5.7),DYN_ATBD_rfull_NM,2021-08-30,22.3682904435647
v3.2.0,P4  (LAI=5.7),DYN_ATBD_rfull_NM,2021-08-31,23.7888905284242
v3.2.0,P4  (LAI=5.7),DYN_ATBD_rfull_NM,2021-09-01,25.8310662294999
v3.2.0,P4  (LAI=5.7),DYN_ATBD_rfull_NM,2021-09-02,28.2916247068006
v3.2.0,P4  (LAI=5.7),DYN_ATBD_rfull_NM,2021-09-03,27.9833667244591
v3.2.0,P4  (LAI=5.7),DYN_ATBD_rfull_NM,2021-09-04,27.1399317976441
v3.2.0,P4  (LAI=5.7),DYN_ATBD_rfull_NM,2021-09-05,28.8771439794421
v3.2.0,P4  (LAI=5.7),DYN_ATBD_rfull_NM,2021-09-06,31.7311708242162
v3.2.0,P4  (LAI=5.7),DYN_ATBD_rfull_NM,2021-09-07,32.8668955724079
v3.2.0,P4  (LAI=5.7),DYN_ATBD_rfull_NM,2021-09-08,28.1826933627822
v3.2.0,P4  (LAI=5.7),DYN_ATBD_rfull_NM,2021-09-09,24.6630824769891
v3.2.0,P4  (LAI=5.7),DYN_ATBD_rfull_NM,2021-09-10,24.4508568629773
v3.2.0,P4  (LAI=5.7),DYN_ATBD_rfull_NM,2021-09-11,24.0271372890684
v3.2.0,P4  (LAI=5.7),DYN_ATBD_rfull_NM,2021-09-12,26.0087295351864
v3.2.0,P4  (LAI=5.7),DYN_ATBD_rfull_NM,2021-09-13,28.8938197296673
v3.2.0,P4  (LAI=5.7),DYN_ATBD_rfull_NM,2021-09-14,27.2535961923326
v3.2.0,P4  (LAI=5.7),DYN_ATBD_rfull_NM,2021-09-15,24.2005764573563
v3.2.0,P4  (LAI=5.7),DYN_ATBD_rfull_NM,2021-09-16,23.293001380582
v3.2.0,P4  (LAI=5.7),DYN_ATBD_rfull_NM,2021-09-17,23.7679860315573
v3.2.0,P4  (LAI=5.7),DYN_ATBD_rfull_NM,2021-09-18,21.645212701888
v3.2.0,P4  (LAI=5.7),DYN_ATBD_rfull_NM,2021-09-19,18.032937092285
v3.2.0,P4  (LAI=5.7),DYN_ATBD_rfull_NM,2021-09-20,19.0812981242211
v3.2.0,P4  (LAI=5.7),DYN_ATBD_rfull_NM,2021-09-21,19.914541049458
v3.2.0,P4  (LAI=5.7),DYN_ATBD_rfull_NM,2021-09-22,22.552915209283
v3.2.0,P4  (LAI=5.7),DYN_ATBD_rfull_NM,2021-09-23,24.7106878098729
v3.2.0,P4  (LAI=5.7),DYN_ATBD_rfull_NM,2021-09-24,24.9170779102259
v3.2.0,P4  (LAI=5.7),DYN_ATBD_rfull_NM,2021-09-25,23.3405657304722
v3.2.0,P4  (LAI=5.7),DYN_ATBD_rfull_NM,2021-09-26,21.9301949254552
v3.2.0,P4  (LAI=5.7),DYN_ATBD_rfull_NM,2021-09-27,20.4133228385858
v3.2.0,P4  (LAI=5.7),DYN_ATBD_rfull_NM,2021-09-28,19.7113310555102
v3.2.0,P4  (LAI=5.7),DYN_ATBD_rfull_NM,2021-09-29,18.6949593730393
v3.2.0,P4  (LAI=5.7),DYN_ATBD_rfull_NM,2021-09-30,19.8853706984138
v3.2.0,P4  (LAI=5.7),DYN_OPT_rdopt_NM,2021-06-01,29.9233313664293
v3.2.0,P4  (LAI=5.7),DYN_OPT_rdopt_NM,2021-06-02,25.758939984904
v3.2.0,P4  (LAI=5.7),DYN_OPT_rdopt_NM,2021-06-03,27.7939109429939
v3.2.0,P4  (LAI=5.7),DYN_OPT_rdopt_NM,2021-06-04,18.3274999235247
v3.2.0,P4  (LAI=5.7),DYN_OPT_rdopt_NM,2021-06-05,23.2432314053324
v3.2.0,P4  (LAI=5.7),DYN_OPT_rdopt_NM,2021-06-06,23.9084819324344
v3.2.0,P4  (LAI=5.7),DYN_OPT_rdopt_NM,2021-06-07,24.4186692553183
v3.2.0,P4  (LAI=5.7),DYN_OPT_rdopt_NM,2021-06-08,27.3512664811069
v3.2.0,P4  (LAI=5.7),DYN_OPT_rdopt_NM,2021-06-09,29.0626466518168
v3.2.0,P4  (LAI=5.7),DYN_OPT_rdopt_NM,2021-06-10,29.7442043487089
v3.2.0,P4  (LAI=5.7),DYN_OPT_rdopt_NM,2021-06-11,29.1386623941017
v3.2.0,P4  (LAI=5.7),DYN_OPT_rdopt_NM,2021-06-12,28.9874579051025
v3.2.0,P4  (LAI=5.7),DYN_OPT_rdopt_NM,2021-06-13,29.9570199444648
v3.2.0,P4  (LAI=5.7),DYN_OPT_rdopt_NM,2021-06-14,32.1087306197384
v3.2.0,P4  (LAI=5.7),DYN_OPT_rdopt_NM,2021-06-15,31.7086416929952
v3.2.0,P4  (LAI=5.7),DYN_OPT_rdopt_NM,2021-06-16,33.4072165340496
v3.2.0,P4  (LAI=5.7),DYN_OPT_rdopt_NM,2021-06-17,28.1083206761994
v3.2.0,P4  (LAI=5.7),DYN_OPT_rdopt_NM,2021-06-18,25.799550096857
v3.2.0,P4  (LAI=5.7),DYN_OPT_rdopt_NM,2021-06-19,30.1676161059752
v3.2.0,P4  (LAI=5.7),DYN_OPT_rdopt_NM,2021-06-20,24.2262373246033
v3.2.0,P4  (LAI=5.7),DYN_OPT_rdopt_NM,2021-06-21,25.2323132860024
v3.2.0,P4  (LAI=5.7),DYN_OPT_rdopt_NM,2021-06-22,23.0844754610966
v3.2.0,P4  (LAI=5.7),DYN_OPT_rdopt_NM,2021-06-23,19.3998150097007
v3.2.0,P4  (LAI=5.7),DYN_OPT_rdopt_NM,2021-06-24,24.2141674684723
v3.2.0,P4  (LAI=5.7),DYN_OPT_rdopt_NM,2021-06-25,22.9931411598332
v3.2.0,P4  (LAI=5.7),DYN_OPT_rdopt_NM,2021-06-26,24.7698977912994
v3.2.0,P4  (LAI=5.7),DYN_OPT_rdopt_NM,2021-06-27,20.3425389011735
v3.2.0,P4  (LAI=5.7),DYN_OPT_rdopt_NM,2021-06-28,23.1847134447974
v3.2.0,P4  (LAI=5.7),DYN_OPT_rdopt_NM,2021-06-29,21.241522024695
v3.2.0,P4  (LAI=5.7),DYN_OPT_rdopt_NM,2021-06-30,20.7780756838692
v3.2.0,P4  (LAI=5.7),DYN_OPT_rdopt_NM,2021-07-01,26.1222047577163
v3.2.0,P4  (LAI=5.7),DYN_OPT_rdopt_NM,2021-07-02,27.053673834538
v3.2.0,P4  (LAI=5.7),DYN_OPT_rdopt_NM,2021-07-03,24.4445590237841
v3.2.0,P4  (LAI=5.7),DYN_OPT_rdopt_NM,2021-07-04,21.9008448010981
v3.2.0,P4  (LAI=5.7),DYN_OPT_rdopt_NM,2021-07-05,23.4966454949123
v3.2.0,P4  (LAI=5.7),DYN_OPT_rdopt_NM,2021-07-06,22.8390931111516
v3.2.0,P4  (LAI=5.7),DYN_OPT_rdopt_NM,2021-07-07,23.4593482829854
v3.2.0,P4  (LAI=5.7),DYN_OPT_rdopt_NM,2021-07-08,22.8086510123726
v3.2.0,P4  (LAI=5.7),DYN_OPT_rdopt_NM,2021-07-09,23.2397221293586
v3.2.0,P4  (LAI=5.7),DYN_OPT_rdopt_NM,2021-07-10,20.4802690642934
v3.2.0,P4  (LAI=5.7),DYN_OPT_rdopt_NM,2021-07-11,26.1373738348335
v3.2.0,P4  (LAI=5.7),DYN_OPT_rdopt_NM,2021-07-12,22.2742171059416
v3.2.0,P4  (LAI=5.7),DYN_OPT_rdopt_NM,2021-07-13,18.3415527610794
v3.2.0,P4  (LAI=5.7),DYN_OPT_rdopt_NM,2021-07-14,23.6755201630251
v3.2.0,P4  (LAI=5.7),DYN_OPT_rdopt_NM,2021-07-15,25.9454154375211
v3.2.0,P4  (LAI=5.7),DYN_OPT_rdopt_NM,2021-07-16,22.2743297375674
v3.2.0,P4  (LAI=5.7),DYN_OPT_rdopt_NM,2021-07-17,24.8876450456624
v3.2.0,P4  (LAI=5.7),DYN_OPT_rdopt_NM,2021-07-18,31.0661957327657
v3.2.0,P4  (LAI=5.7),DYN_OPT_rdopt_NM,2021-07-19,32.3369987633425
v3.2.0,P4  (LAI=5.7),DYN_OPT_rdopt_NM,2021-07-20,31.8639107070022
v3.2.0,P4  (LAI=5.7),DYN_OPT_rdopt_NM,2021-07-21,32.2054511814751
v3.2.0,P4  (LAI=5.7),DYN_OPT_rdopt_NM,2021-07-22,32.9143777156402
v3.2.0,P4  (LAI=5.7),DYN_OPT_rdopt_NM,2021-07-23,32.7558442575946
v3.2.0,P4  (LAI=5.7),DYN_OPT_rdopt_NM,2021-07-24,26.8023125256098
v3.2.0,P4  (LAI=5.7),DYN_OPT_rdopt_NM,2021-07-25,25.632903660025
v3.2.0,P4  (LAI=5.7),DYN_OPT_rdopt_NM,2021-07-26,26.1417887638984
v3.2.0,P4  (LAI=5.7),DYN_OPT_rdopt_NM,2021-07-27,21.1280259897817
v3.2.0,P4  (LAI=5.7),DYN_OPT_rdopt_NM,2021-07-28,23.8073209204048
v3.2.0,P4  (LAI=5.7),DYN_OPT_rdopt_NM,2021-07-29,26.1717634083469
v3.2.0,P4  (LAI=5.7),DYN_OPT_rdopt_NM,2021-07-30,25.5587042854188
v3.2.0,P4  (LAI=5.7),DYN_OPT_rdopt_NM,2021-07-31,24.1676341666048
v3.2.0,P4  (LAI=5.7),DYN_OPT_rdopt_NM,2021-08-01,24.1574787568315
v3.2.0,P4  (LAI=5.7),DYN_OPT_rdopt_NM,2021-08-02,23.8601687879309
v3.2.0,P4  (LAI=5.7),DYN_OPT_rdopt_NM,2021-08-03,19.88776195972
v3.2.0,P4  (LAI=5.7),DYN_OPT_rdopt_NM,2021-08-04,21.2125039460394
v3.2.0,P4  (LAI=5.7),DYN_OPT_rdopt_NM,2021-08-05,22.6125305648492
v3.2.0,P4  (LAI=5.7),DYN_OPT_rdopt_NM,2021-08-06,23.1157467854986
v3.2.0,P4  (LAI=5.7),DYN_OPT_rdopt_NM,2021-08-07,22.6987732707808
v3.2.0,P4  (LAI=5.7),DYN_OPT_rdopt_NM,2021-08-08,23.4031093640076
v3.2.0,P4  (LAI=5.7),DYN_OPT_rdopt_NM,2021-08-09,23.8093947756402
v3.2.0,P4  (LAI=5.7),DYN_OPT_rdopt_NM,2021-08-10,28.6231290674376
v3.2.0,P4  (LAI=5.7),DYN_OPT_rdopt_NM,2021-08-11,31.0771670632252
v3.2.0,P4  (LAI=5.7),DYN_OPT_rdopt_NM,2021-08-12,31.8133529774528
v3.2.0,P4  (LAI=5.7),DYN_OPT_rdopt_NM,2021-08-13,31.9164109593825
v3.2.0,P4  (LAI=5.7),DYN_OPT_rdopt_NM,2021-08-14,33.9407090511018
v3.2.0,P4  (LAI=5.7),DYN_OPT_rdopt_NM,2021-08-15,30.8064665838145
v3.2.0,P4  (LAI=5.7),DYN_OPT_rdopt_NM,2021-08-16,23.9345782267613
v3.2.0,P4  (LAI=5.7),DYN_OPT_rdopt_NM,2021-08-17,20.7013365572881
v3.2.0,P4  (LAI=5.7),DYN_OPT_rdopt_NM,2021-08-18,21.5843965295311
v3.2.0,P4  (LAI=5.7),DYN_OPT_rdopt_NM,2021-08-19,20.8234876044554
v3.2.0,P4  (LAI=5.7),DYN_OPT_rdopt_NM,2021-08-20,25.6663380352816
v3.2.0,P4  (LAI=5.7),DYN_OPT_rdopt_NM,2021-08-21,26.8886158515915
v3.2.0,P4  (LAI=5.7),DYN_OPT_rdopt_NM,2021-08-22,24.543695120045
v3.2.0,P4  (LAI=5.7),DYN_OPT_rdopt_NM,2021-08-23,24.3042922728656
v3.2.0,P4  (LAI=5.7),DYN_OPT_rdopt_NM,2021-08-24,27.0128972822055
v3.2.0,P4  (LAI=5.7),DYN_OPT_rdopt_NM,2021-08-25,27.7481542247073
v3.2.0,P4  (LAI=5.7),DYN_OPT_rdopt_NM,2021-08-26,25.7037229218482
v3.2.0,P4  (LAI=5.7),DYN_OPT_rdopt_NM,2021-08-27,22.465234866559
v3.2.0,P4  (LAI=5.7),DYN_OPT_rdopt_NM,2021-08-28,22.1156126867963
v3.2.0,P4  (LAI=5.7),DYN_OPT_rdopt_NM,2021-08-29,22.3282651414864
v3.2.0,P4  (LAI=5.7),DYN_OPT_rdopt_NM,2021-08-30,22.9155644931215
v3.2.0,P4  (LAI=5.7),DYN_OPT_rdopt_NM,2021-08-31,24.3213052810405
v3.2.0,P4  (LAI=5.7),DYN_OPT_rdopt_NM,2021-09-01,26.5905268230092
v3.2.0,P4  (LAI=5.7),DYN_OPT_rdopt_NM,2021-09-02,29.0969836845083
v3.2.0,P4  (LAI=5.7),DYN_OPT_rdopt_NM,2021-09-03,28.79206942989
v3.2.0,P4  (LAI=5.7),DYN_OPT_rdopt_NM,2021-09-04,28.1296034586961
v3.2.0,P4  (LAI=5.7),DYN_OPT_rdopt_NM,2021-09-05,29.5261322059169
v3.2.0,P4  (LAI=5.7),DYN_OPT_rdopt_NM,2021-09-06,32.5517381278489
v3.2.0,P4  (LAI=5.7),DYN_OPT_rdopt_NM,2021-09-07,33.512604219882
v3.2.0,P4  (LAI=5.7),DYN_OPT_rdopt_NM,2021-09-08,29.2312113996406
v3.2.0,P4  (LAI=5.7),DYN_OPT_rdopt_NM,2021-09-09,25.6706557358017
v3.2.0,P4  (LAI=5.7),DYN_OPT_rdopt_NM,2021-09-10,25.5570609798986
v3.2.0,P4  (LAI=5.7),DYN_OPT_rdopt_NM,2021-09-11,24.7190996425442
v3.2.0,P4  (LAI=5.7),DYN_OPT_rdopt_NM,2021-09-12,26.8194579166069
v3.2.0,P4  (LAI=5.7),DYN_OPT_rdopt_NM,2021-09-13,29.5972029693673
v3.2.0,P4  (LAI=5.7),DYN_OPT_rdopt_NM,2021-09-14,28.4048225979724
v3.2.0,P4  (LAI=5.7),DYN_OPT_rdopt_NM,2021-09-15,25.1365408554872
v3.2.0,P4  (LAI=5.7),DYN_OPT_rdopt_NM,2021-09-16,24.3203864457677
v3.2.0,P4  (LAI=5.7),DYN_OPT_rdopt_NM,2021-09-17,24.6544190673133
v3.2.0,P4  (LAI=5.7),DYN_OPT_rdopt_NM,2021-09-18,22.5682373523893
v3.2.0,P4  (LAI=5.7),DYN_OPT_rdopt_NM,2021-09-19,18.7329668570722
v3.2.0,P4  (LAI=5.7),DYN_OPT_rdopt_NM,2021-09-20,19.745533183514
v3.2.0,P4  (LAI=5.7),DYN_OPT_rdopt_NM,2021-09-21,20.962045603049
v3.2.0,P4  (LAI=5.7),DYN_OPT_rdopt_NM,2021-09-22,23.5293765520336
v3.2.0,P4  (LAI=5.7),DYN_OPT_rdopt_NM,2021-09-23,25.4601592304728
v3.2.0,P4  (LAI=5.7),DYN_OPT_rdopt_NM,2021-09-24,25.7663697343243
v3.2.0,P4  (LAI=5.7),DYN_OPT_rdopt_NM,2021-09-25,24.2391372505679
v3.2.0,P4  (LAI=5.7),DYN_OPT_rdopt_NM,2021-09-26,22.6170434196875
v3.2.0,P4  (LAI=5.7),DYN_OPT_rdopt_NM,2021-09-27,21.023989938371
v3.2.0,P4  (LAI=5.7),DYN_OPT_rdopt_NM,2021-09-28,20.5697635166472
v3.2.0,P4  (LAI=5.7),DYN_OPT_rdopt_NM,2021-09-29,19.5943425313894
v3.2.0,P4  (LAI=5.7),DYN_OPT_rdopt_NM,2021-09-30,21.0017676078222
v3.2.0,P4  (LAI=5.7),DYN_ALS_S2TIMING_NM,2021-06-01,28.2465822033231
v3.2.0,P4  (LAI=5.7),DYN_ALS_S2TIMING_NM,2021-06-02,23.3153292326481
v3.2.0,P4  (LAI=5.7),DYN_ALS_S2TIMING_NM,2021-06-03,26.3436920814253
v3.2.0,P4  (LAI=5.7),DYN_ALS_S2TIMING_NM,2021-06-04,17.0421075561347
v3.2.0,P4  (LAI=5.7),DYN_ALS_S2TIMING_NM,2021-06-05,21.6009009232492
v3.2.0,P4  (LAI=5.7),DYN_ALS_S2TIMING_NM,2021-06-06,22.3580747427038
v3.2.0,P4  (LAI=5.7),DYN_ALS_S2TIMING_NM,2021-06-07,23.2565659028595
v3.2.0,P4  (LAI=5.7),DYN_ALS_S2TIMING_NM,2021-06-08,25.8232153545152
v3.2.0,P4  (LAI=5.7),DYN_ALS_S2TIMING_NM,2021-06-09,27.5227075270907
v3.2.0,P4  (LAI=5.7),DYN_ALS_S2TIMING_NM,2021-06-10,28.0850844273578
v3.2.0,P4  (LAI=5.7),DYN_ALS_S2TIMING_NM,2021-06-11,27.5647134906268
v3.2.0,P4  (LAI=5.7),DYN_ALS_S2TIMING_NM,2021-06-12,27.3038011693247
v3.2.0,P4  (LAI=5.7),DYN_ALS_S2TIMING_NM,2021-06-13,28.1332798022864
v3.2.0,P4  (LAI=5.7),DYN_ALS_S2TIMING_NM,2021-06-14,30.3084818094651
v3.2.0,P4  (LAI=5.7),DYN_ALS_S2TIMING_NM,2021-06-15,29.8974360659058
v3.2.0,P4  (LAI=5.7),DYN_ALS_S2TIMING_NM,2021-06-16,30.9980318265104
v3.2.0,P4  (LAI=5.7),DYN_ALS_S2TIMING_NM,2021-06-17,26.4407964301614
v3.2.0,P4  (LAI=5.7),DYN_ALS_S2TIMING_NM,2021-06-18,24.2783805323039
v3.2.0,P4  (LAI=5.7),DYN_ALS_S2TIMING_NM,2021-06-19,22.0340813587888
v3.2.0,P4  (LAI=5.7),DYN_ALS_S2TIMING_NM,2021-06-20,22.3307409202579
v3.2.0,P4  (LAI=5.7),DYN_ALS_S2TIMING_NM,2021-06-21,23.3572973386013
v3.2.0,P4  (LAI=5.7),DYN_ALS_S2TIMING_NM,2021-06-22,20.926495294459
v3.2.0,P4  (LAI=5.7),DYN_ALS_S2TIMING_NM,2021-06-23,19.2146977282136
v3.2.0,P4  (LAI=5.7),DYN_ALS_S2TIMING_NM,2021-06-24,22.5399256359814
v3.2.0,P4  (LAI=5.7),DYN_ALS_S2TIMING_NM,2021-06-25,21.9813095316213
v3.2.0,P4  (LAI=5.7),DYN_ALS_S2TIMING_NM,2021-06-26,23.760547186949
v3.2.0,P4  (LAI=5.7),DYN_ALS_S2TIMING_NM,2021-06-27,18.530768021043
v3.2.0,P4  (LAI=5.7),DYN_ALS_S2TIMING_NM,2021-06-28,21.3444984848181
v3.2.0,P4  (LAI=5.7),DYN_ALS_S2TIMING_NM,2021-06-29,19.3469034220186
v3.2.0,P4  (LAI=5.7),DYN_ALS_S2TIMING_NM,2021-06-30,19.8429374096395
v3.2.0,P4  (LAI=5.7),DYN_ALS_S2TIMING_NM,2021-07-01,25.1469768905493
v3.2.0,P4  (LAI=5.7),DYN_ALS_S2TIMING_NM,2021-07-02,25.5261869412577
v3.2.0,P4  (LAI=5.7),DYN_ALS_S2TIMING_NM,2021-07-03,22.7707273830346
v3.2.0,P4  (LAI=5.7),DYN_ALS_S2TIMING_NM,2021-07-04,20.5531076532967
v3.2.0,P4  (LAI=5.7),DYN_ALS_S2TIMING_NM,2021-07-05,22.7802437784545
v3.2.0,P4  (LAI=5.7),DYN_ALS_S2TIMING_NM,2021-07-06,21.7893156925259
v3.2.0,P4  (LAI=5.7),DYN_ALS_S2TIMING_NM,2021-07-07,21.8311139381842
v3.2.0,P4  (LAI=5.7),DYN_ALS_S2TIMING_NM,2021-07-08,21.0453523421248
v3.2.0,P4  (LAI=5.7),DYN_ALS_S2TIMING_NM,2021-07-09,21.9354799818387
v3.2.0,P4  (LAI=5.7),DYN_ALS_S2TIMING_NM,2021-07-10,18.8899734321015
v3.2.0,P4  (LAI=5.7),DYN_ALS_S2TIMING_NM,2021-07-11,24.625937029202
v3.2.0,P4  (LAI=5.7),DYN_ALS_S2TIMING_NM,2021-07-12,20.8527807741883
v3.2.0,P4  (LAI=5.7),DYN_ALS_S2TIMING_NM,2021-07-13,17.3265261978544
v3.2.0,P4  (LAI=5.7),DYN_ALS_S2TIMING_NM,2021-07-14,22.1720699974288
v3.2.0,P4  (LAI=5.7),DYN_ALS_S2TIMING_NM,2021-07-15,24.847170948578
v3.2.0,P4  (LAI=5.7),DYN_ALS_S2TIMING_NM,2021-07-16,21.4068354476641
v3.2.0,P4  (LAI=5.7),DYN_ALS_S2TIMING_NM,2021-07-17,23.4701674648899
v3.2.0,P4  (LAI=5.7),DYN_ALS_S2TIMING_NM,2021-07-18,29.5817395356144
v3.2.0,P4  (LAI=5.7),DYN_ALS_S2TIMING_NM,2021-07-19,30.8562125281273
v3.2.0,P4  (LAI=5.7),DYN_ALS_S2TIMING_NM,2021-07-20,30.2268631368559
v3.2.0,P4  (LAI=5.7),DYN_ALS_S2TIMING_NM,2021-07-21,30.519697783846
v3.2.0,P4  (LAI=5.7),DYN_ALS_S2TIMING_NM,2021-07-22,30.4711351615604
v3.2.0,P4  (LAI=5.7),DYN_ALS_S2TIMING_NM,2021-07-23,31.6733227875674
v3.2.0,P4  (LAI=5.7),DYN_ALS_S2TIMING_NM,2021-07-24,25.1145608630021
v3.2.0,P4  (LAI=5.7),DYN_ALS_S2TIMING_NM,2021-07-25,24.2020716237838
v3.2.0,P4  (LAI=5.7),DYN_ALS_S2TIMING_NM,2021-07-26,24.4937729402471
v3.2.0,P4  (LAI=5.7),DYN_ALS_S2TIMING_NM,2021-07-27,19.2268832611638
v3.2.0,P4  (LAI=5.7),DYN_ALS_S2TIMING_NM,2021-07-28,22.88349538457
v3.2.0,P4  (LAI=5.7),DYN_ALS_S2TIMING_NM,2021-07-29,24.6419583033081
v3.2.0,P4  (LAI=5.7),DYN_ALS_S2TIMING_NM,2021-07-30,23.933363666779
v3.2.0,P4  (LAI=5.7),DYN_ALS_S2TIMING_NM,2021-07-31,22.5491243523612
v3.2.0,P4  (LAI=5.7),DYN_ALS_S2TIMING_NM,2021-08-01,22.3604980188784
v3.2.0,P4  (LAI=5.7),DYN_ALS_S2TIMING_NM,2021-08-02,22.3485740362542
v3.2.0,P4  (LAI=5.7),DYN_ALS_S2TIMING_NM,2021-08-03,18.636303530466
v3.2.0,P4  (LAI=5.7),DYN_ALS_S2TIMING_NM,2021-08-04,19.1822502495074
v3.2.0,P4  (LAI=5.7),DYN_ALS_S2TIMING_NM,2021-08-05,21.2455743630242
v3.2.0,P4  (LAI=5.7),DYN_ALS_S2TIMING_NM,2021-08-06,22.1102310091831
v3.2.0,P4  (LAI=5.7),DYN_ALS_S2TIMING_NM,2021-08-07,21.3569382151588
v3.2.0,P4  (LAI=5.7),DYN_ALS_S2TIMING_NM,2021-08-08,22.0876937858138
v3.2.0,P4  (LAI=5.7),DYN_ALS_S2TIMING_NM,2021-08-09,22.5571430099564
v3.2.0,P4  (LAI=5.7),DYN_ALS_S2TIMING_NM,2021-08-10,26.9894658208987
v3.2.0,P4  (LAI=5.7),DYN_ALS_S2TIMING_NM,2021-08-11,29.3806743644577
v3.2.0,P4  (LAI=5.7),DYN_ALS_S2TIMING_NM,2021-08-12,30.0802704584266
v3.2.0,P4  (LAI=5.7),DYN_ALS_S2TIMING_NM,2021-08-13,30.4037876217856
v3.2.0,P4  (LAI=5.7),DYN_ALS_S2TIMING_NM,2021-08-14,32.5871098782965
v3.2.0,P4  (LAI=5.7),DYN_ALS_S2TIMING_NM,2021-08-15,28.929817926601
v3.2.0,P4  (LAI=5.7),DYN_ALS_S2TIMING_NM,2021-08-16,22.6246704651809
v3.2.0,P4  (LAI=5.7),DYN_ALS_S2TIMING_NM,2021-08-17,19.5606949056594
v3.2.0,P4  (LAI=5.7),DYN_ALS_S2TIMING_NM,2021-08-18,20.6532654358841
v3.2.0,P4  (LAI=5.7),DYN_ALS_S2TIMING_NM,2021-08-19,20.0397139651722
v3.2.0,P4  (LAI=5.7),DYN_ALS_S2TIMING_NM,2021-08-20,24.2185009263409
v3.2.0,P4  (LAI=5.7),DYN_ALS_S2TIMING_NM,2021-08-21,24.9440903462108
v3.2.0,P4  (LAI=5.7),DYN_ALS_S2TIMING_NM,2021-08-22,22.9348797920342
v3.2.0,P4  (LAI=5.7),DYN_ALS_S2TIMING_NM,2021-08-23,23.0278567209735
v3.2.0,P4  (LAI=5.7),DYN_ALS_S2TIMING_NM,2021-08-24,25.550898424428
v3.2.0,P4  (LAI=5.7),DYN_ALS_S2TIMING_NM,2021-08-25,26.314843617554
v3.2.0,P4  (LAI=5.7),DYN_ALS_S2TIMING_NM,2021-08-26,24.1127127399637
v3.2.0,P4  (LAI=5.7),DYN_ALS_S2TIMING_NM,2021-08-27,21.8425647626707
v3.2.0,P4  (LAI=5.7),DYN_ALS_S2TIMING_NM,2021-08-28,21.6262839298918
v3.2.0,P4  (LAI=5.7),DYN_ALS_S2TIMING_NM,2021-08-29,21.0306518812046
v3.2.0,P4  (LAI=5.7),DYN_ALS_S2TIMING_NM,2021-08-30,22.07647284351
v3.2.0,P4  (LAI=5.7),DYN_ALS_S2TIMING_NM,2021-08-31,23.4810715626733
v3.2.0,P4  (LAI=5.7),DYN_ALS_S2TIMING_NM,2021-09-01,25.4421189333845
v3.2.0,P4  (LAI=5.7),DYN_ALS_S2TIMING_NM,2021-09-02,27.8113939580528
v3.2.0,P4  (LAI=5.7),DYN_ALS_S2TIMING_NM,2021-09-03,27.427818523445
v3.2.0,P4  (LAI=5.7),DYN_ALS_S2TIMING_NM,2021-09-04,26.5867879889698
v3.2.0,P4  (LAI=5.7),DYN_ALS_S2TIMING_NM,2021-09-05,28.2222472274481
v3.2.0,P4  (LAI=5.7),DYN_ALS_S2TIMING_NM,2021-09-06,31.1423369200543
v3.2.0,P4  (LAI=5.7),DYN_ALS_S2TIMING_NM,2021-09-07,32.3746670684168
v3.2.0,P4  (LAI=5.7),DYN_ALS_S2TIMING_NM,2021-09-08,27.539759561714
v3.2.0,P4  (LAI=5.7),DYN_ALS_S2TIMING_NM,2021-09-09,24.0856498569935
v3.2.0,P4  (LAI=5.7),DYN_ALS_S2TIMING_NM,2021-09-10,24.0797919055225
v3.2.0,P4  (LAI=5.7),DYN_ALS_S2TIMING_NM,2021-09-11,23.3004355023474
v3.2.0,P4  (LAI=5.7),DYN_ALS_S2TIMING_NM,2021-09-12,25.5289261299825
v3.2.0,P4  (LAI=5.7),DYN_ALS_S2TIMING_NM,2021-09-13,28.3379590753217
v3.2.0,P4  (LAI=5.7),DYN_ALS_S2TIMING_NM,2021-09-14,26.6112734475922
v3.2.0,P4  (LAI=5.7),DYN_ALS_S2TIMING_NM,2021-09-15,23.68275351927
v3.2.0,P4  (LAI=5.7),DYN_ALS_S2TIMING_NM,2021-09-16,22.850289994522
v3.2.0,P4  (LAI=5.7),DYN_ALS_S2TIMING_NM,2021-09-17,23.2805727391242
v3.2.0,P4  (LAI=5.7),DYN_ALS_S2TIMING_NM,2021-09-18,21.2415283530475
v3.2.0,P4  (LAI=5.7),DYN_ALS_S2TIMING_NM,2021-09-19,17.6689779893845
v3.2.0,P4  (LAI=5.7),DYN_ALS_S2TIMING_NM,2021-09-20,18.7234503825078
v3.2.0,P4  (LAI=5.7),DYN_ALS_S2TIMING_NM,2021-09-21,19.4608534227318
v3.2.0,P4  (LAI=5.7),DYN_ALS_S2TIMING_NM,2021-09-22,22.1067174744665
v3.2.0,P4  (LAI=5.7),DYN_ALS_S2TIMING_NM,2021-09-23,24.2259131901504
v3.2.0,P4  (LAI=5.7),DYN_ALS_S2TIMING_NM,2021-09-24,24.5897327742772
v3.2.0,P4  (LAI=5.7),DYN_ALS_S2TIMING_NM,2021-09-25,22.8839766919273
v3.2.0,P4  (LAI=5.7),DYN_ALS_S2TIMING_NM,2021-09-26,21.6541667720855
v3.2.0,P4  (LAI=5.7),DYN_ALS_S2TIMING_NM,2021-09-27,20.1448832636576
v3.2.0,P4  (LAI=5.7),DYN_ALS_S2TIMING_NM,2021-09-28,19.3587673687566
v3.2.0,P4  (LAI=5.7),DYN_ALS_S2TIMING_NM,2021-09-29,18.2967404735927
v3.2.0,P4  (LAI=5.7),DYN_ALS_S2TIMING_NM,2021-09-30,19.4161267623508
v3.2.0,P4  (LAI=5.7),DYN_ALSoOPT_S2TIMING_NM,2021-06-01,28.0076713146642
v3.2.0,P4  (LAI=5.7),DYN_ALSoOPT_S2TIMING_NM,2021-06-02,23.1150734228533
v3.2.0,P4  (LAI=5.7),DYN_ALSoOPT_S2TIMING_NM,2021-06-03,26.1540074396607
v3.2.0,P4  (LAI=5.7),DYN_ALSoOPT_S2TIMING_NM,2021-06-04,17.0002376661519
v3.2.0,P4  (LAI=5.7),DYN_ALSoOPT_S2TIMING_NM,2021-06-05,21.4171509129335
v3.2.0,P4  (LAI=5.7),DYN_ALSoOPT_S2TIMING_NM,2021-06-06,22.2301095854243
v3.2.0,P4  (LAI=5.7),DYN_ALSoOPT_S2TIMING_NM,2021-06-07,23.1290304376241
v3.2.0,P4  (LAI=5.7),DYN_ALSoOPT_S2TIMING_NM,2021-06-08,25.631926449831
v3.2.0,P4  (LAI=5.7),DYN_ALSoOPT_S2TIMING_NM,2021-06-09,27.3162330147999
v3.2.0,P4  (LAI=5.7),DYN_ALSoOPT_S2TIMING_NM,2021-06-10,27.8791023764532
v3.2.0,P4  (LAI=5.7),DYN_ALSoOPT_S2TIMING_NM,2021-06-11,27.4005183644476
v3.2.0,P4  (LAI=5.7),DYN_ALSoOPT_S2TIMING_NM,2021-06-12,27.1192516439031
v3.2.0,P4  (LAI=5.7),DYN_ALSoOPT_S2TIMING_NM,2021-06-13,27.9674962550637
v3.2.0,P4  (LAI=5.7),DYN_ALSoOPT_S2TIMING_NM,2021-06-14,30.060909873091
v3.2.0,P4  (LAI=5.7),DYN_ALSoOPT_S2TIMING_NM,2021-06-15,29.6793073071429
v3.2.0,P4  (LAI=5.7),DYN_ALSoOPT_S2TIMING_NM,2021-06-16,30.778991977895
v3.2.0,P4  (LAI=5.7),DYN_ALSoOPT_S2TIMING_NM,2021-06-17,26.234390548233
v3.2.0,P4  (LAI=5.7),DYN_ALSoOPT_S2TIMING_NM,2021-06-18,24.1657312463116
v3.2.0,P4  (LAI=5.7),DYN_ALSoOPT_S2TIMING_NM,2021-06-19,21.9528530088144
v3.2.0,P4  (LAI=5.7),DYN_ALSoOPT_S2TIMING_NM,2021-06-20,22.1506754872797
v3.2.0,P4  (LAI=5.7),DYN_ALSoOPT_S2TIMING_NM,2021-06-21,23.1709056949144
v3.2.0,P4  (LAI=5.7),DYN_ALSoOPT_S2TIMING_NM,2021-06-22,20.7267962826742
v3.2.0,P4  (LAI=5.7),DYN_ALSoOPT_S2TIMING_NM,2021-06-23,18.0928634469653
v3.2.0,P4  (LAI=5.7),DYN_ALSoOPT_S2TIMING_NM,2021-06-24,22.3630380976621
v3.2.0,P4  (LAI=5.7),DYN_ALSoOPT_S2TIMING_NM,2021-06-25,21.8401205928145
v3.2.0,P4  (LAI=5.7),DYN_ALSoOPT_S2TIMING_NM,2021-06-26,23.5548626331675
v3.2.0,P4  (LAI=5.7),DYN_ALSoOPT_S2TIMING_NM,2021-06-27,18.412475004789
v3.2.0,P4  (LAI=5.7),DYN_ALSoOPT_S2TIMING_NM,2021-06-28,21.0608696207055
v3.2.0,P4  (LAI=5.7),DYN_ALSoOPT_S2TIMING_NM,2021-06-29,19.2042981040593
v3.2.0,P4  (LAI=5.7),DYN_ALSoOPT_S2TIMING_NM,2021-06-30,19.7759017783357
v3.2.0,P4  (LAI=5.7),DYN_ALSoOPT_S2TIMING_NM,2021-07-01,24.9802909314022
v3.2.0,P4  (LAI=5.7),DYN_ALSoOPT_S2TIMING_NM,2021-07-02,25.3781681230257
v3.2.0,P4  (LAI=5.7),DYN_ALSoOPT_S2TIMING_NM,2021-07-03,22.6800583484984
v3.2.0,P4  (LAI=5.7),DYN_ALSoOPT_S2TIMING_NM,2021-07-04,20.4803187618269
v3.2.0,P4  (LAI=5.7),DYN_ALSoOPT_S2TIMING_NM,2021-07-05,22.7175634295928
v3.2.0,P4  (LAI=5.7),DYN_ALSoOPT_S2TIMING_NM,2021-07-06,21.7080278978283
v3.2.0,P4  (LAI=5.7),DYN_ALSoOPT_S2TIMING_NM,2021-07-07,21.7166607301629
v3.2.0,P4  (LAI=5.7),DYN_ALSoOPT_S2TIMING_NM,2021-07-08,20.926125223195
v3.2.0,P4  (LAI=5.7),DYN_ALSoOPT_S2TIMING_NM,2021-07-09,21.8202879530608
v3.2.0,P4  (LAI=5.7),DYN_ALSoOPT_S2TIMING_NM,2021-07-10,18.7798577032559
v3.2.0,P4  (LAI=5.7),DYN_ALSoOPT_S2TIMING_NM,2021-07-11,24.4445621572722
v3.2.0,P4  (LAI=5.7),DYN_ALSoOPT_S2TIMING_NM,2021-07-12,20.7632774355453
v3.2.0,P4  (LAI=5.7),DYN_ALSoOPT_S2TIMING_NM,2021-07-13,17.2548827832112
v3.2.0,P4  (LAI=5.7),DYN_ALSoOPT_S2TIMING_NM,2021-07-14,22.0574925003494
v3.2.0,P4  (LAI=5.7),DYN_ALSoOPT_S2TIMING_NM,2021-07-15,24.7387443791494
v3.2.0,P4  (LAI=5.7),DYN_ALSoOPT_S2TIMING_NM,2021-07-16,21.3343799172058
v3.2.0,P4  (LAI=5.7),DYN_ALSoOPT_S2TIMING_NM,2021-07-17,23.363609805578
v3.2.0,P4  (LAI=5.7),DYN_ALSoOPT_S2TIMING_NM,2021-07-18,29.4124912892299
v3.2.0,P4  (LAI=5.7),DYN_ALSoOPT_S2TIMING_NM,2021-07-19,30.6892883959788
v3.2.0,P4  (LAI=5.7),DYN_ALSoOPT_S2TIMING_NM,2021-07-20,30.0426307596122
v3.2.0,P4  (LAI=5.7),DYN_ALSoOPT_S2TIMING_NM,2021-07-21,30.3222024898696
v3.2.0,P4  (LAI=5.7),DYN_ALSoOPT_S2TIMING_NM,2021-07-22,30.2870575909528
v3.2.0,P4  (LAI=5.7),DYN_ALSoOPT_S2TIMING_NM,2021-07-23,31.5219340942254
v3.2.0,P4  (LAI=5.7),DYN_ALSoOPT_S2TIMING_NM,2021-07-24,24.9735201881971
v3.2.0,P4  (LAI=5.7),DYN_ALSoOPT_S2TIMING_NM,2021-07-25,24.1106128277928
v3.2.0,P4  (LAI=5.7),DYN_ALSoOPT_S2TIMING_NM,2021-07-26,24.3614648438795
v3.2.0,P4  (LAI=5.7),DYN_ALSoOPT_S2TIMING_NM,2021-07-27,19.0421667295045
v3.2.0,P4  (LAI=5.7),DYN_ALSoOPT_S2TIMING_NM,2021-07-28,22.8066249298921
v3.2.0,P4  (LAI=5.7),DYN_ALSoOPT_S2TIMING_NM,2021-07-29,24.4998485742996
v3.2.0,P4  (LAI=5.7),DYN_ALSoOPT_S2TIMING_NM,2021-07-30,23.8045363085034
v3.2.0,P4  (LAI=5.7),DYN_ALSoOPT_S2TIMING_NM,2021-07-31,22.4295582687549
v3.2.0,P4  (LAI=5.7),DYN_ALSoOPT_S2TIMING_NM,2021-08-01,22.2278156619578
v3.2.0,P4  (LAI=5.7),DYN_ALSoOPT_S2TIMING_NM,2021-08-02,22.2329535650582
v3.2.0,P4  (LAI=5.7),DYN_ALSoOPT_S2TIMING_NM,2021-08-03,18.5479874770101
v3.2.0,P4  (LAI=5.7),DYN_ALSoOPT_S2TIMING_NM,2021-08-04,19.0374124604978
v3.2.0,P4  (LAI=5.7),DYN_ALSoOPT_S2TIMING_NM,2021-08-05,21.1336515312834
v3.2.0,P4  (LAI=5.7),DYN_ALSoOPT_S2TIMING_NM,2021-08-06,22.0336755140877
v3.2.0,P4  (LAI=5.7),DYN_ALSoOPT_S2TIMING_NM,2021-08-07,21.2340607621964
v3.2.0,P4  (LAI=5.7),DYN_ALSoOPT_S2TIMING_NM,2021-08-08,21.9771080333941
v3.2.0,P4  (LAI=5.7),DYN_ALSoOPT_S2TIMING_NM,2021-08-09,22.4012470444438
v3.2.0,P4  (LAI=5.7),DYN_ALSoOPT_S2TIMING_NM,2021-08-10,26.7976103344031
v3.2.0,P4  (LAI=5.7),DYN_ALSoOPT_S2TIMING_NM,2021-08-11,29.1512516558382
v3.2.0,P4  (LAI=5.7),DYN_ALSoOPT_S2TIMING_NM,2021-08-12,29.8346575613744
v3.2.0,P4  (LAI=5.7),DYN_ALSoOPT_S2TIMING_NM,2021-08-13,30.2222176116897
v3.2.0,P4  (LAI=5.7),DYN_ALSoOPT_S2TIMING_NM,2021-08-14,32.3465477992519
v3.2.0,P4  (LAI=5.7),DYN_ALSoOPT_S2TIMING_NM,2021-08-15,28.759556314859
v3.2.0,P4  (LAI=5.7),DYN_ALSoOPT_S2TIMING_NM,2021-08-16,22.5367978405018
v3.2.0,P4  (LAI=5.7),DYN_ALSoOPT_S2TIMING_NM,2021-08-17,19.4739049583145
v3.2.0,P4  (LAI=5.7),DYN_ALSoOPT_S2TIMING_NM,2021-08-18,20.5697556587028
v3.2.0,P4  (LAI=5.7),DYN_ALSoOPT_S2TIMING_NM,2021-08-19,19.9610574218821
v3.2.0,P4  (LAI=5.7),DYN_ALSoOPT_S2TIMING_NM,2021-08-20,24.0531404149255
v3.2.0,P4  (LAI=5.7),DYN_ALSoOPT_S2TIMING_NM,2021-08-21,24.7759804660067
v3.2.0,P4  (LAI=5.7),DYN_ALSoOPT_S2TIMING_NM,2021-08-22,22.8074020906378
v3.2.0,P4  (LAI=5.7),DYN_ALSoOPT_S2TIMING_NM,2021-08-23,22.9162282517922
v3.2.0,P4  (LAI=5.7),DYN_ALSoOPT_S2TIMING_NM,2021-08-24,25.4186881660742
v3.2.0,P4  (LAI=5.7),DYN_ALSoOPT_S2TIMING_NM,2021-08-25,26.1732537399452
v3.2.0,P4  (LAI=5.7),DYN_ALSoOPT_S2TIMING_NM,2021-08-26,23.9707468676161
v3.2.0,P4  (LAI=5.7),DYN_ALSoOPT_S2TIMING_NM,2021-08-27,21.7821521575846
v3.2.0,P4  (LAI=5.7),DYN_ALSoOPT_S2TIMING_NM,2021-08-28,21.579704178119
v3.2.0,P4  (LAI=5.7),DYN_ALSoOPT_S2TIMING_NM,2021-08-29,20.9300810436657
v3.2.0,P4  (LAI=5.7),DYN_ALSoOPT_S2TIMING_NM,2021-08-30,22.0073593437386
v3.2.0,P4  (LAI=5.7),DYN_ALSoOPT_S2TIMING_NM,2021-08-31,23.4050085591144
v3.2.0,P4  (LAI=5.7),DYN_ALSoOPT_S2TIMING_NM,2021-09-01,25.3366172731576
v3.2.0,P4  (LAI=5.7),DYN_ALSoOPT_S2TIMING_NM,2021-09-02,27.6709731914069
v3.2.0,P4  (LAI=5.7),DYN_ALSoOPT_S2TIMING_NM,2021-09-03,27.2307379653042
v3.2.0,P4  (LAI=5.7),DYN_ALSoOPT_S2TIMING_NM,2021-09-04,26.4151986504499
v3.2.0,P4  (LAI=5.7),DYN_ALSoOPT_S2TIMING_NM,2021-09-05,28.0200357029502
v3.2.0,P4  (LAI=5.7),DYN_ALSoOPT_S2TIMING_NM,2021-09-06,30.9665818034428
v3.2.0,P4  (LAI=5.7),DYN_ALSoOPT_S2TIMING_NM,2021-09-07,32.2137138025628
v3.2.0,P4  (LAI=5.7),DYN_ALSoOPT_S2TIMING_NM,2021-09-08,27.380993065919
v3.2.0,P4  (LAI=5.7),DYN_ALSoOPT_S2TIMING_NM,2021-09-09,23.9284523583921
v3.2.0,P4  (LAI=5.7),DYN_ALSoOPT_S2TIMING_NM,2021-09-10,23.9678911104861
v3.2.0,P4  (LAI=5.7),DYN_ALSoOPT_S2TIMING_NM,2021-09-11,23.1516310193446
v3.2.0,P4  (LAI=5.7),DYN_ALSoOPT_S2TIMING_NM,2021-09-12,25.3559339218381
v3.2.0,P4  (LAI=5.7),DYN_ALSoOPT_S2TIMING_NM,2021-09-13,28.1392161194649
v3.2.0,P4  (LAI=5.7),DYN_ALSoOPT_S2TIMING_NM,2021-09-14,26.4522482189222
v3.2.0,P4  (LAI=5.7),DYN_ALSoOPT_S2TIMING_NM,2021-09-15,23.4661651412123
v3.2.0,P4  (LAI=5.7),DYN_ALSoOPT_S2TIMING_NM,2021-09-16,22.7236133152125
v3.2.0,P4  (LAI=5.7),DYN_ALSoOPT_S2TIMING_NM,2021-09-17,23.1242708293063
v3.2.0,P4  (LAI=5.7),DYN_ALSoOPT_S2TIMING_NM,2021-09-18,21.1306546601013
v3.2.0,P4  (LAI=5.7),DYN_ALSoOPT_S2TIMING_NM,2021-09-19,17.5822239360782
v3.2.0,P4  (LAI=5.7),DYN_ALSoOPT_S2TIMING_NM,2021-09-20,18.6104532870069
v3.2.0,P4  (LAI=5.7),DYN_ALSoOPT_S2TIMING_NM,2021-09-21,19.3382872870773
v3.2.0,P4  (LAI=5.7),DYN_ALSoOPT_S2TIMING_NM,2021-09-22,21.9699597260146
v3.2.0,P4  (LAI=5.7),DYN_ALSoOPT_S2TIMING_NM,2021-09-23,24.0510028955274
v3.2.0,P4  (LAI=5.7),DYN_ALSoOPT_S2TIMING_NM,2021-09-24,24.4741038895072
v3.2.0,P4  (LAI=5.7),DYN_ALSoOPT_S2TIMING_NM,2021-09-25,22.7369178825546
v3.2.0,P4  (LAI=5.7),DYN_ALSoOPT_S2TIMING_NM,2021-09-26,21.5615490198903
v3.2.0,P4  (LAI=5.7),DYN_ALSoOPT_S2TIMING_NM,2021-09-27,20.0819640068787
v3.2.0,P4  (LAI=5.7),DYN_ALSoOPT_S2TIMING_NM,2021-09-28,19.2451151828223
v3.2.0,P4  (LAI=5.7),DYN_ALSoOPT_S2TIMING_NM,2021-09-29,18.234115897029
v3.2.0,P4  (LAI=5.7),DYN_ALSoOPT_S2TIMING_NM,2021-09-30,19.2716964176283
v3.2.3 iter,P1  (LAI=0.5),STATIC_ALS,2021-06-01,28.6674426694386
v3.2.3 iter,P1  (LAI=0.5),STATIC_ALS,2021-06-02,24.4007500275397
v3.2.3 iter,P1  (LAI=0.5),STATIC_ALS,2021-06-03,26.6051831108044
v3.2.3 iter,P1  (LAI=0.5),STATIC_ALS,2021-06-04,17.6717515518448
v3.2.3 iter,P1  (LAI=0.5),STATIC_ALS,2021-06-05,21.6467403115542
v3.2.3 iter,P1  (LAI=0.5),STATIC_ALS,2021-06-06,22.4202574767648
v3.2.3 iter,P1  (LAI=0.5),STATIC_ALS,2021-06-07,23.6441047252246
v3.2.3 iter,P1  (LAI=0.5),STATIC_ALS,2021-06-08,25.9144690564814
v3.2.3 iter,P1  (LAI=0.5),STATIC_ALS,2021-06-09,27.5157398940494
v3.2.3 iter,P1  (LAI=0.5),STATIC_ALS,2021-06-10,28.1002462963619
v3.2.3 iter,P1  (LAI=0.5),STATIC_ALS,2021-06-11,27.6702976515081
v3.2.3 iter,P1  (LAI=0.5),STATIC_ALS,2021-06-12,27.5798705251894
v3.2.3 iter,P1  (LAI=0.5),STATIC_ALS,2021-06-13,28.1133727908826
v3.2.3 iter,P1  (LAI=0.5),STATIC_ALS,2021-06-14,30.3177444453984
v3.2.3 iter,P1  (LAI=0.5),STATIC_ALS,2021-06-15,29.8423250824737
v3.2.3 iter,P1  (LAI=0.5),STATIC_ALS,2021-06-16,32.1875553277938
v3.2.3 iter,P1  (LAI=0.5),STATIC_ALS,2021-06-17,26.4642309967417
v3.2.3 iter,P1  (LAI=0.5),STATIC_ALS,2021-06-18,24.4937133927819
v3.2.3 iter,P1  (LAI=0.5),STATIC_ALS,2021-06-19,24.2855090386461
v3.2.3 iter,P1  (LAI=0.5),STATIC_ALS,2021-06-20,23.1970911667189
v3.2.3 iter,P1  (LAI=0.5),STATIC_ALS,2021-06-21,23.0697396616502
v3.2.3 iter,P1  (LAI=0.5),STATIC_ALS,2021-06-22,20.9209201787169
v3.2.3 iter,P1  (LAI=0.5),STATIC_ALS,2021-06-23,18.3279437709002
v3.2.3 iter,P1  (LAI=0.5),STATIC_ALS,2021-06-24,22.2360462648064
v3.2.3 iter,P1  (LAI=0.5),STATIC_ALS,2021-06-25,22.3580412133275
v3.2.3 iter,P1  (LAI=0.5),STATIC_ALS,2021-06-26,24.2952798575334
v3.2.3 iter,P1  (LAI=0.5),STATIC_ALS,2021-06-27,20.1318510648232
v3.2.3 iter,P1  (LAI=0.5),STATIC_ALS,2021-06-28,21.8159976992912
v3.2.3 iter,P1  (LAI=0.5),STATIC_ALS,2021-06-29,19.3364206526932
v3.2.3 iter,P1  (LAI=0.5),STATIC_ALS,2021-06-30,20.1705327112131
v3.2.3 iter,P1  (LAI=0.5),STATIC_ALS,2021-07-01,25.07229533842
v3.2.3 iter,P1  (LAI=0.5),STATIC_ALS,2021-07-02,26.181266450614
v3.2.3 iter,P1  (LAI=0.5),STATIC_ALS,2021-07-03,23.1663621701782
v3.2.3 iter,P1  (LAI=0.5),STATIC_ALS,2021-07-04,21.0892617767149
v3.2.3 iter,P1  (LAI=0.5),STATIC_ALS,2021-07-05,23.1022738361094
v3.2.3 iter,P1  (LAI=0.5),STATIC_ALS,2021-07-06,21.9458338569124
v3.2.3 iter,P1  (LAI=0.5),STATIC_ALS,2021-07-07,21.9004354312611
v3.2.3 iter,P1  (LAI=0.5),STATIC_ALS,2021-07-08,21.3499852827057
v3.2.3 iter,P1  (LAI=0.5),STATIC_ALS,2021-07-09,22.3102868193298
v3.2.3 iter,P1  (LAI=0.5),STATIC_ALS,2021-07-10,19.9979408761211
v3.2.3 iter,P1  (LAI=0.5),STATIC_ALS,2021-07-11,24.8285979964653
v3.2.3 iter,P1  (LAI=0.5),STATIC_ALS,2021-07-12,20.9124342185644
v3.2.3 iter,P1  (LAI=0.5),STATIC_ALS,2021-07-13,18.2123209842862
v3.2.3 iter,P1  (LAI=0.5),STATIC_ALS,2021-07-14,22.8300167358541
v3.2.3 iter,P1  (LAI=0.5),STATIC_ALS,2021-07-15,25.0779147222228
v3.2.3 iter,P1  (LAI=0.5),STATIC_ALS,2021-07-16,21.5179139094173
v3.2.3 iter,P1  (LAI=0.5),STATIC_ALS,2021-07-17,23.4940395601737
v3.2.3 iter,P1  (LAI=0.5),STATIC_ALS,2021-07-18,29.6155851699551
v3.2.3 iter,P1  (LAI=0.5),STATIC_ALS,2021-07-19,30.8659397300366
v3.2.3 iter,P1  (LAI=0.5),STATIC_ALS,2021-07-20,30.1022218561457
v3.2.3 iter,P1  (LAI=0.5),STATIC_ALS,2021-07-21,30.4176983039947
v3.2.3 iter,P1  (LAI=0.5),STATIC_ALS,2021-07-22,30.2452383533052
v3.2.3 iter,P1  (LAI=0.5),STATIC_ALS,2021-07-23,31.9566911869813
v3.2.3 iter,P1  (LAI=0.5),STATIC_ALS,2021-07-24,25.0741684611925
v3.2.3 iter,P1  (LAI=0.5),STATIC_ALS,2021-07-25,24.6265493771463
v3.2.3 iter,P1  (LAI=0.5),STATIC_ALS,2021-07-26,24.7104423048821
v3.2.3 iter,P1  (LAI=0.5),STATIC_ALS,2021-07-27,20.5232022149424
v3.2.3 iter,P1  (LAI=0.5),STATIC_ALS,2021-07-28,23.0973829948305
v3.2.3 iter,P1  (LAI=0.5),STATIC_ALS,2021-07-29,24.4674422187335
v3.2.3 iter,P1  (LAI=0.5),STATIC_ALS,2021-07-30,23.7962958358791
v3.2.3 iter,P1  (LAI=0.5),STATIC_ALS,2021-07-31,22.3295415229059
v3.2.3 iter,P1  (LAI=0.5),STATIC_ALS,2021-08-01,22.2366542548127
v3.2.3 iter,P1  (LAI=0.5),STATIC_ALS,2021-08-02,22.3688679486361
v3.2.3 iter,P1  (LAI=0.5),STATIC_ALS,2021-08-03,18.7107424154131
v3.2.3 iter,P1  (LAI=0.5),STATIC_ALS,2021-08-04,20.5722332305163
v3.2.3 iter,P1  (LAI=0.5),STATIC_ALS,2021-08-05,21.6047265793654
v3.2.3 iter,P1  (LAI=0.5),STATIC_ALS,2021-08-06,22.3581850367086
v3.2.3 iter,P1  (LAI=0.5),STATIC_ALS,2021-08-07,21.7756559280363
v3.2.3 iter,P1  (LAI=0.5),STATIC_ALS,2021-08-08,22.2766447973801
v3.2.3 iter,P1  (LAI=0.5),STATIC_ALS,2021-08-09,23.0706503835784
v3.2.3 iter,P1  (LAI=0.5),STATIC_ALS,2021-08-10,26.9883191285175
v3.2.3 iter,P1  (LAI=0.5),STATIC_ALS,2021-08-11,29.0203574431163
v3.2.3 iter,P1  (LAI=0.5),STATIC_ALS,2021-08-12,30.1785490741852
v3.2.3 iter,P1  (LAI=0.5),STATIC_ALS,2021-08-13,30.2737303828131
v3.2.3 iter,P1  (LAI=0.5),STATIC_ALS,2021-08-14,32.4602462623091
v3.2.3 iter,P1  (LAI=0.5),STATIC_ALS,2021-08-15,29.3572635540195
v3.2.3 iter,P1  (LAI=0.5),STATIC_ALS,2021-08-16,22.8929810851317
v3.2.3 iter,P1  (LAI=0.5),STATIC_ALS,2021-08-17,19.5924104406346
v3.2.3 iter,P1  (LAI=0.5),STATIC_ALS,2021-08-18,20.6957118123273
v3.2.3 iter,P1  (LAI=0.5),STATIC_ALS,2021-08-19,20.206251397376
v3.2.3 iter,P1  (LAI=0.5),STATIC_ALS,2021-08-20,24.7542924682981
v3.2.3 iter,P1  (LAI=0.5),STATIC_ALS,2021-08-21,25.4221004447035
v3.2.3 iter,P1  (LAI=0.5),STATIC_ALS,2021-08-22,22.9666418339587
v3.2.3 iter,P1  (LAI=0.5),STATIC_ALS,2021-08-23,23.3251618684358
v3.2.3 iter,P1  (LAI=0.5),STATIC_ALS,2021-08-24,25.7294280689326
v3.2.3 iter,P1  (LAI=0.5),STATIC_ALS,2021-08-25,26.3096623241576
v3.2.3 iter,P1  (LAI=0.5),STATIC_ALS,2021-08-26,23.9551926254567
v3.2.3 iter,P1  (LAI=0.5),STATIC_ALS,2021-08-27,22.33536095727
v3.2.3 iter,P1  (LAI=0.5),STATIC_ALS,2021-08-28,22.0678352341142
v3.2.3 iter,P1  (LAI=0.5),STATIC_ALS,2021-08-29,21.427357653845
v3.2.3 iter,P1  (LAI=0.5),STATIC_ALS,2021-08-30,22.5928608032274
v3.2.3 iter,P1  (LAI=0.5),STATIC_ALS,2021-08-31,23.9160077644612
v3.2.3 iter,P1  (LAI=0.5),STATIC_ALS,2021-09-01,25.4900000083254
v3.2.3 iter,P1  (LAI=0.5),STATIC_ALS,2021-09-02,27.9641243820146
v3.2.3 iter,P1  (LAI=0.5),STATIC_ALS,2021-09-03,27.5903934198593
v3.2.3 iter,P1  (LAI=0.5),STATIC_ALS,2021-09-04,26.6905960650107
v3.2.3 iter,P1  (LAI=0.5),STATIC_ALS,2021-09-05,28.8649483936665
v3.2.3 iter,P1  (LAI=0.5),STATIC_ALS,2021-09-06,31.5638763996176
v3.2.3 iter,P1  (LAI=0.5),STATIC_ALS,2021-09-07,32.654838462065
v3.2.3 iter,P1  (LAI=0.5),STATIC_ALS,2021-09-08,28.7055523794256
v3.2.3 iter,P1  (LAI=0.5),STATIC_ALS,2021-09-09,24.4353435249664
v3.2.3 iter,P1  (LAI=0.5),STATIC_ALS,2021-09-10,24.4270090773966
v3.2.3 iter,P1  (LAI=0.5),STATIC_ALS,2021-09-11,23.4766824052844
v3.2.3 iter,P1  (LAI=0.5),STATIC_ALS,2021-09-12,25.3652780519378
v3.2.3 iter,P1  (LAI=0.5),STATIC_ALS,2021-09-13,28.2894492688158
v3.2.3 iter,P1  (LAI=0.5),STATIC_ALS,2021-09-14,27.8790412430045
v3.2.3 iter,P1  (LAI=0.5),STATIC_ALS,2021-09-15,24.0508342419651
v3.2.3 iter,P1  (LAI=0.5),STATIC_ALS,2021-09-16,23.0118364249257
v3.2.3 iter,P1  (LAI=0.5),STATIC_ALS,2021-09-17,23.475288174113
v3.2.3 iter,P1  (LAI=0.5),STATIC_ALS,2021-09-18,21.7850427985873
v3.2.3 iter,P1  (LAI=0.5),STATIC_ALS,2021-09-19,18.610710437689
v3.2.3 iter,P1  (LAI=0.5),STATIC_ALS,2021-09-20,18.903501435593
v3.2.3 iter,P1  (LAI=0.5),STATIC_ALS,2021-09-21,19.1792430011579
v3.2.3 iter,P1  (LAI=0.5),STATIC_ALS,2021-09-22,21.991991234635
v3.2.3 iter,P1  (LAI=0.5),STATIC_ALS,2021-09-23,24.189692502373
v3.2.3 iter,P1  (LAI=0.5),STATIC_ALS,2021-09-24,24.4689121226128
v3.2.3 iter,P1  (LAI=0.5),STATIC_ALS,2021-09-25,23.2826832364517
v3.2.3 iter,P1  (LAI=0.5),STATIC_ALS,2021-09-26,22.0553299290992
v3.2.3 iter,P1  (LAI=0.5),STATIC_ALS,2021-09-27,20.1963720729804
v3.2.3 iter,P1  (LAI=0.5),STATIC_ALS,2021-09-28,19.3170895098302
v3.2.3 iter,P1  (LAI=0.5),STATIC_ALS,2021-09-29,18.0929095855552
v3.2.3 iter,P1  (LAI=0.5),STATIC_ALS,2021-09-30,19.1100112113587
v3.2.3 iter,P1  (LAI=0.5),STATIC_ALS_DOPT,2021-06-01,28.6674426694386
v3.2.3 iter,P1  (LAI=0.5),STATIC_ALS_DOPT,2021-06-02,24.4007500275397
v3.2.3 iter,P1  (LAI=0.5),STATIC_ALS_DOPT,2021-06-03,26.6051831108044
v3.2.3 iter,P1  (LAI=0.5),STATIC_ALS_DOPT,2021-06-04,17.6717515518448
v3.2.3 iter,P1  (LAI=0.5),STATIC_ALS_DOPT,2021-06-05,21.6467403115542
v3.2.3 iter,P1  (LAI=0.5),STATIC_ALS_DOPT,2021-06-06,22.4202574767648
v3.2.3 iter,P1  (LAI=0.5),STATIC_ALS_DOPT,2021-06-07,23.6441047252246
v3.2.3 iter,P1  (LAI=0.5),STATIC_ALS_DOPT,2021-06-08,25.9144690564814
v3.2.3 iter,P1  (LAI=0.5),STATIC_ALS_DOPT,2021-06-09,27.5157398940494
v3.2.3 iter,P1  (LAI=0.5),STATIC_ALS_DOPT,2021-06-10,28.1002462963619
v3.2.3 iter,P1  (LAI=0.5),STATIC_ALS_DOPT,2021-06-11,27.6702976515081
v3.2.3 iter,P1  (LAI=0.5),STATIC_ALS_DOPT,2021-06-12,27.5798705251894
v3.2.3 iter,P1  (LAI=0.5),STATIC_ALS_DOPT,2021-06-13,28.1133727908826
v3.2.3 iter,P1  (LAI=0.5),STATIC_ALS_DOPT,2021-06-14,30.3177444453984
v3.2.3 iter,P1  (LAI=0.5),STATIC_ALS_DOPT,2021-06-15,29.8423250824737
v3.2.3 iter,P1  (LAI=0.5),STATIC_ALS_DOPT,2021-06-16,32.1875553277938
v3.2.3 iter,P1  (LAI=0.5),STATIC_ALS_DOPT,2021-06-17,26.4642309967417
v3.2.3 iter,P1  (LAI=0.5),STATIC_ALS_DOPT,2021-06-18,24.4937133927819
v3.2.3 iter,P1  (LAI=0.5),STATIC_ALS_DOPT,2021-06-19,24.2855090386461
v3.2.3 iter,P1  (LAI=0.5),STATIC_ALS_DOPT,2021-06-20,23.1970911667189
v3.2.3 iter,P1  (LAI=0.5),STATIC_ALS_DOPT,2021-06-21,23.0697396616502
v3.2.3 iter,P1  (LAI=0.5),STATIC_ALS_DOPT,2021-06-22,20.9209201787169
v3.2.3 iter,P1  (LAI=0.5),STATIC_ALS_DOPT,2021-06-23,18.3279437709002
v3.2.3 iter,P1  (LAI=0.5),STATIC_ALS_DOPT,2021-06-24,22.2360462648064
v3.2.3 iter,P1  (LAI=0.5),STATIC_ALS_DOPT,2021-06-25,22.3580412133275
v3.2.3 iter,P1  (LAI=0.5),STATIC_ALS_DOPT,2021-06-26,24.2952798575334
v3.2.3 iter,P1  (LAI=0.5),STATIC_ALS_DOPT,2021-06-27,20.1318510648232
v3.2.3 iter,P1  (LAI=0.5),STATIC_ALS_DOPT,2021-06-28,21.8159976992912
v3.2.3 iter,P1  (LAI=0.5),STATIC_ALS_DOPT,2021-06-29,19.3364206526932
v3.2.3 iter,P1  (LAI=0.5),STATIC_ALS_DOPT,2021-06-30,20.1705327112131
v3.2.3 iter,P1  (LAI=0.5),STATIC_ALS_DOPT,2021-07-01,25.07229533842
v3.2.3 iter,P1  (LAI=0.5),STATIC_ALS_DOPT,2021-07-02,26.181266450614
v3.2.3 iter,P1  (LAI=0.5),STATIC_ALS_DOPT,2021-07-03,23.1663621701782
v3.2.3 iter,P1  (LAI=0.5),STATIC_ALS_DOPT,2021-07-04,21.0892617767149
v3.2.3 iter,P1  (LAI=0.5),STATIC_ALS_DOPT,2021-07-05,23.1022738361094
v3.2.3 iter,P1  (LAI=0.5),STATIC_ALS_DOPT,2021-07-06,21.9458338569124
v3.2.3 iter,P1  (LAI=0.5),STATIC_ALS_DOPT,2021-07-07,21.9004354312611
v3.2.3 iter,P1  (LAI=0.5),STATIC_ALS_DOPT,2021-07-08,21.3499852827057
v3.2.3 iter,P1  (LAI=0.5),STATIC_ALS_DOPT,2021-07-09,22.3102868193298
v3.2.3 iter,P1  (LAI=0.5),STATIC_ALS_DOPT,2021-07-10,19.9979408761211
v3.2.3 iter,P1  (LAI=0.5),STATIC_ALS_DOPT,2021-07-11,24.8285979964653
v3.2.3 iter,P1  (LAI=0.5),STATIC_ALS_DOPT,2021-07-12,20.9124342185644
v3.2.3 iter,P1  (LAI=0.5),STATIC_ALS_DOPT,2021-07-13,18.2123209842862
v3.2.3 iter,P1  (LAI=0.5),STATIC_ALS_DOPT,2021-07-14,22.8300167358541
v3.2.3 iter,P1  (LAI=0.5),STATIC_ALS_DOPT,2021-07-15,25.0779147222228
v3.2.3 iter,P1  (LAI=0.5),STATIC_ALS_DOPT,2021-07-16,21.5179139094173
v3.2.3 iter,P1  (LAI=0.5),STATIC_ALS_DOPT,2021-07-17,23.4940395601737
v3.2.3 iter,P1  (LAI=0.5),STATIC_ALS_DOPT,2021-07-18,29.6155851699551
v3.2.3 iter,P1  (LAI=0.5),STATIC_ALS_DOPT,2021-07-19,30.8659397300366
v3.2.3 iter,P1  (LAI=0.5),STATIC_ALS_DOPT,2021-07-20,30.1022218561457
v3.2.3 iter,P1  (LAI=0.5),STATIC_ALS_DOPT,2021-07-21,30.4176983039947
v3.2.3 iter,P1  (LAI=0.5),STATIC_ALS_DOPT,2021-07-22,30.2452383533052
v3.2.3 iter,P1  (LAI=0.5),STATIC_ALS_DOPT,2021-07-23,31.9566911869813
v3.2.3 iter,P1  (LAI=0.5),STATIC_ALS_DOPT,2021-07-24,25.0741684611925
v3.2.3 iter,P1  (LAI=0.5),STATIC_ALS_DOPT,2021-07-25,24.6265493771463
v3.2.3 iter,P1  (LAI=0.5),STATIC_ALS_DOPT,2021-07-26,24.7104423048821
v3.2.3 iter,P1  (LAI=0.5),STATIC_ALS_DOPT,2021-07-27,20.5232022149424
v3.2.3 iter,P1  (LAI=0.5),STATIC_ALS_DOPT,2021-07-28,23.0973829948305
v3.2.3 iter,P1  (LAI=0.5),STATIC_ALS_DOPT,2021-07-29,24.4674422187335
v3.2.3 iter,P1  (LAI=0.5),STATIC_ALS_DOPT,2021-07-30,23.7962958358791
v3.2.3 iter,P1  (LAI=0.5),STATIC_ALS_DOPT,2021-07-31,22.3295415229059
v3.2.3 iter,P1  (LAI=0.5),STATIC_ALS_DOPT,2021-08-01,22.2366542548127
v3.2.3 iter,P1  (LAI=0.5),STATIC_ALS_DOPT,2021-08-02,22.3688679486361
v3.2.3 iter,P1  (LAI=0.5),STATIC_ALS_DOPT,2021-08-03,18.7107424154131
v3.2.3 iter,P1  (LAI=0.5),STATIC_ALS_DOPT,2021-08-04,20.5722332305163
v3.2.3 iter,P1  (LAI=0.5),STATIC_ALS_DOPT,2021-08-05,21.6047265793654
v3.2.3 iter,P1  (LAI=0.5),STATIC_ALS_DOPT,2021-08-06,22.3581850367086
v3.2.3 iter,P1  (LAI=0.5),STATIC_ALS_DOPT,2021-08-07,21.7756559280363
v3.2.3 iter,P1  (LAI=0.5),STATIC_ALS_DOPT,2021-08-08,22.2766447973801
v3.2.3 iter,P1  (LAI=0.5),STATIC_ALS_DOPT,2021-08-09,23.0706503835784
v3.2.3 iter,P1  (LAI=0.5),STATIC_ALS_DOPT,2021-08-10,26.9883191285175
v3.2.3 iter,P1  (LAI=0.5),STATIC_ALS_DOPT,2021-08-11,29.0203574431163
v3.2.3 iter,P1  (LAI=0.5),STATIC_ALS_DOPT,2021-08-12,30.1785490741852
v3.2.3 iter,P1  (LAI=0.5),STATIC_ALS_DOPT,2021-08-13,30.2737303828131
v3.2.3 iter,P1  (LAI=0.5),STATIC_ALS_DOPT,2021-08-14,32.4602462623091
v3.2.3 iter,P1  (LAI=0.5),STATIC_ALS_DOPT,2021-08-15,29.3572635540195
v3.2.3 iter,P1  (LAI=0.5),STATIC_ALS_DOPT,2021-08-16,22.8929810851317
v3.2.3 iter,P1  (LAI=0.5),STATIC_ALS_DOPT,2021-08-17,19.5924104406346
v3.2.3 iter,P1  (LAI=0.5),STATIC_ALS_DOPT,2021-08-18,20.6957118123273
v3.2.3 iter,P1  (LAI=0.5),STATIC_ALS_DOPT,2021-08-19,20.206251397376
v3.2.3 iter,P1  (LAI=0.5),STATIC_ALS_DOPT,2021-08-20,24.7542924682981
v3.2.3 iter,P1  (LAI=0.5),STATIC_ALS_DOPT,2021-08-21,25.4221004447035
v3.2.3 iter,P1  (LAI=0.5),STATIC_ALS_DOPT,2021-08-22,22.9666418339587
v3.2.3 iter,P1  (LAI=0.5),STATIC_ALS_DOPT,2021-08-23,23.3251618684358
v3.2.3 iter,P1  (LAI=0.5),STATIC_ALS_DOPT,2021-08-24,25.7294280689326
v3.2.3 iter,P1  (LAI=0.5),STATIC_ALS_DOPT,2021-08-25,26.3096623241576
v3.2.3 iter,P1  (LAI=0.5),STATIC_ALS_DOPT,2021-08-26,23.9551926254567
v3.2.3 iter,P1  (LAI=0.5),STATIC_ALS_DOPT,2021-08-27,22.33536095727
v3.2.3 iter,P1  (LAI=0.5),STATIC_ALS_DOPT,2021-08-28,22.0678352341142
v3.2.3 iter,P1  (LAI=0.5),STATIC_ALS_DOPT,2021-08-29,21.427357653845
v3.2.3 iter,P1  (LAI=0.5),STATIC_ALS_DOPT,2021-08-30,22.5928608032274
v3.2.3 iter,P1  (LAI=0.5),STATIC_ALS_DOPT,2021-08-31,23.9160077644612
v3.2.3 iter,P1  (LAI=0.5),STATIC_ALS_DOPT,2021-09-01,25.4900000083254
v3.2.3 iter,P1  (LAI=0.5),STATIC_ALS_DOPT,2021-09-02,27.9641243820146
v3.2.3 iter,P1  (LAI=0.5),STATIC_ALS_DOPT,2021-09-03,27.5903934198593
v3.2.3 iter,P1  (LAI=0.5),STATIC_ALS_DOPT,2021-09-04,26.6905960650107
v3.2.3 iter,P1  (LAI=0.5),STATIC_ALS_DOPT,2021-09-05,28.8649483936665
v3.2.3 iter,P1  (LAI=0.5),STATIC_ALS_DOPT,2021-09-06,31.5638763996176
v3.2.3 iter,P1  (LAI=0.5),STATIC_ALS_DOPT,2021-09-07,32.654838462065
v3.2.3 iter,P1  (LAI=0.5),STATIC_ALS_DOPT,2021-09-08,28.7055523794256
v3.2.3 iter,P1  (LAI=0.5),STATIC_ALS_DOPT,2021-09-09,24.4353435249664
v3.2.3 iter,P1  (LAI=0.5),STATIC_ALS_DOPT,2021-09-10,24.4270090773966
v3.2.3 iter,P1  (LAI=0.5),STATIC_ALS_DOPT,2021-09-11,23.4766824052844
v3.2.3 iter,P1  (LAI=0.5),STATIC_ALS_DOPT,2021-09-12,25.3652780519378
v3.2.3 iter,P1  (LAI=0.5),STATIC_ALS_DOPT,2021-09-13,28.2894492688158
v3.2.3 iter,P1  (LAI=0.5),STATIC_ALS_DOPT,2021-09-14,27.8790412430045
v3.2.3 iter,P1  (LAI=0.5),STATIC_ALS_DOPT,2021-09-15,24.0508342419651
v3.2.3 iter,P1  (LAI=0.5),STATIC_ALS_DOPT,2021-09-16,23.0118364249257
v3.2.3 iter,P1  (LAI=0.5),STATIC_ALS_DOPT,2021-09-17,23.475288174113
v3.2.3 iter,P1  (LAI=0.5),STATIC_ALS_DOPT,2021-09-18,21.7850427985873
v3.2.3 iter,P1  (LAI=0.5),STATIC_ALS_DOPT,2021-09-19,18.610710437689
v3.2.3 iter,P1  (LAI=0.5),STATIC_ALS_DOPT,2021-09-20,18.903501435593
v3.2.3 iter,P1  (LAI=0.5),STATIC_ALS_DOPT,2021-09-21,19.1792430011579
v3.2.3 iter,P1  (LAI=0.5),STATIC_ALS_DOPT,2021-09-22,21.991991234635
v3.2.3 iter,P1  (LAI=0.5),STATIC_ALS_DOPT,2021-09-23,24.189692502373
v3.2.3 iter,P1  (LAI=0.5),STATIC_ALS_DOPT,2021-09-24,24.4689121226128
v3.2.3 iter,P1  (LAI=0.5),STATIC_ALS_DOPT,2021-09-25,23.2826832364517
v3.2.3 iter,P1  (LAI=0.5),STATIC_ALS_DOPT,2021-09-26,22.0553299290992
v3.2.3 iter,P1  (LAI=0.5),STATIC_ALS_DOPT,2021-09-27,20.1963720729804
v3.2.3 iter,P1  (LAI=0.5),STATIC_ALS_DOPT,2021-09-28,19.3170895098302
v3.2.3 iter,P1  (LAI=0.5),STATIC_ALS_DOPT,2021-09-29,18.0929095855552
v3.2.3 iter,P1  (LAI=0.5),STATIC_ALS_DOPT,2021-09-30,19.1100112113587
v3.2.3 iter,P1  (LAI=0.5),DYN_S2_ATBD_NM,2021-06-01,29.0039613077173
v3.2.3 iter,P1  (LAI=0.5),DYN_S2_ATBD_NM,2021-06-02,24.5183721670311
v3.2.3 iter,P1  (LAI=0.5),DYN_S2_ATBD_NM,2021-06-03,26.8304481211337
v3.2.3 iter,P1  (LAI=0.5),DYN_S2_ATBD_NM,2021-06-04,17.3432190136739
v3.2.3 iter,P1  (LAI=0.5),DYN_S2_ATBD_NM,2021-06-05,21.7833628577687
v3.2.3 iter,P1  (LAI=0.5),DYN_S2_ATBD_NM,2021-06-06,22.5259534892377
v3.2.3 iter,P1  (LAI=0.5),DYN_S2_ATBD_NM,2021-06-07,23.6727474750088
v3.2.3 iter,P1  (LAI=0.5),DYN_S2_ATBD_NM,2021-06-08,26.1464551755918
v3.2.3 iter,P1  (LAI=0.5),DYN_S2_ATBD_NM,2021-06-09,28.2724490510495
v3.2.3 iter,P1  (LAI=0.5),DYN_S2_ATBD_NM,2021-06-10,28.8374078011058
v3.2.3 iter,P1  (LAI=0.5),DYN_S2_ATBD_NM,2021-06-11,28.0288600808451
v3.2.3 iter,P1  (LAI=0.5),DYN_S2_ATBD_NM,2021-06-12,27.8074942049988
v3.2.3 iter,P1  (LAI=0.5),DYN_S2_ATBD_NM,2021-06-13,28.4072649838538
v3.2.3 iter,P1  (LAI=0.5),DYN_S2_ATBD_NM,2021-06-14,30.8807187554491
v3.2.3 iter,P1  (LAI=0.5),DYN_S2_ATBD_NM,2021-06-15,30.3049722383221
v3.2.3 iter,P1  (LAI=0.5),DYN_S2_ATBD_NM,2021-06-16,32.715674576244
v3.2.3 iter,P1  (LAI=0.5),DYN_S2_ATBD_NM,2021-06-17,27.1880940841376
v3.2.3 iter,P1  (LAI=0.5),DYN_S2_ATBD_NM,2021-06-18,24.5626210552141
v3.2.3 iter,P1  (LAI=0.5),DYN_S2_ATBD_NM,2021-06-19,23.7921893166961
v3.2.3 iter,P1  (LAI=0.5),DYN_S2_ATBD_NM,2021-06-20,23.0607810276372
v3.2.3 iter,P1  (LAI=0.5),DYN_S2_ATBD_NM,2021-06-21,23.8888555577871
v3.2.3 iter,P1  (LAI=0.5),DYN_S2_ATBD_NM,2021-06-22,21.2816042755927
v3.2.3 iter,P1  (LAI=0.5),DYN_S2_ATBD_NM,2021-06-23,18.3097756531275
v3.2.3 iter,P1  (LAI=0.5),DYN_S2_ATBD_NM,2021-06-24,22.3940358645482
v3.2.3 iter,P1  (LAI=0.5),DYN_S2_ATBD_NM,2021-06-25,22.3752715439437
v3.2.3 iter,P1  (LAI=0.5),DYN_S2_ATBD_NM,2021-06-26,24.4396295224202
v3.2.3 iter,P1  (LAI=0.5),DYN_S2_ATBD_NM,2021-06-27,19.5381468810618
v3.2.3 iter,P1  (LAI=0.5),DYN_S2_ATBD_NM,2021-06-28,22.3153093006622
v3.2.3 iter,P1  (LAI=0.5),DYN_S2_ATBD_NM,2021-06-29,19.5418543796737
v3.2.3 iter,P1  (LAI=0.5),DYN_S2_ATBD_NM,2021-06-30,20.1080200596709
v3.2.3 iter,P1  (LAI=0.5),DYN_S2_ATBD_NM,2021-07-01,25.8670245460145
v3.2.3 iter,P1  (LAI=0.5),DYN_S2_ATBD_NM,2021-07-02,26.2469529457667
v3.2.3 iter,P1  (LAI=0.5),DYN_S2_ATBD_NM,2021-07-03,22.9793831685166
v3.2.3 iter,P1  (LAI=0.5),DYN_S2_ATBD_NM,2021-07-04,21.0086785206006
v3.2.3 iter,P1  (LAI=0.5),DYN_S2_ATBD_NM,2021-07-05,23.0520067904623
v3.2.3 iter,P1  (LAI=0.5),DYN_S2_ATBD_NM,2021-07-06,21.9856225816534
v3.2.3 iter,P1  (LAI=0.5),DYN_S2_ATBD_NM,2021-07-07,22.0597410658643
v3.2.3 iter,P1  (LAI=0.5),DYN_S2_ATBD_NM,2021-07-08,21.359280070611
v3.2.3 iter,P1  (LAI=0.5),DYN_S2_ATBD_NM,2021-07-09,22.3759551320361
v3.2.3 iter,P1  (LAI=0.5),DYN_S2_ATBD_NM,2021-07-10,19.8619093337301
v3.2.3 iter,P1  (LAI=0.5),DYN_S2_ATBD_NM,2021-07-11,25.141383536385
v3.2.3 iter,P1  (LAI=0.5),DYN_S2_ATBD_NM,2021-07-12,20.9296228000666
v3.2.3 iter,P1  (LAI=0.5),DYN_S2_ATBD_NM,2021-07-13,17.9329178881518
v3.2.3 iter,P1  (LAI=0.5),DYN_S2_ATBD_NM,2021-07-14,22.7085685003944
v3.2.3 iter,P1  (LAI=0.5),DYN_S2_ATBD_NM,2021-07-15,25.130213711759
v3.2.3 iter,P1  (LAI=0.5),DYN_S2_ATBD_NM,2021-07-16,21.5296708096212
v3.2.3 iter,P1  (LAI=0.5),DYN_S2_ATBD_NM,2021-07-17,23.5646986378102
v3.2.3 iter,P1  (LAI=0.5),DYN_S2_ATBD_NM,2021-07-18,29.7921561700457
v3.2.3 iter,P1  (LAI=0.5),DYN_S2_ATBD_NM,2021-07-19,31.0553865241446
v3.2.3 iter,P1  (LAI=0.5),DYN_S2_ATBD_NM,2021-07-20,30.3638870415693
v3.2.3 iter,P1  (LAI=0.5),DYN_S2_ATBD_NM,2021-07-21,30.7063786307275
v3.2.3 iter,P1  (LAI=0.5),DYN_S2_ATBD_NM,2021-07-22,30.6425288498036
v3.2.3 iter,P1  (LAI=0.5),DYN_S2_ATBD_NM,2021-07-23,32.1850513840781
v3.2.3 iter,P1  (LAI=0.5),DYN_S2_ATBD_NM,2021-07-24,25.215034105817
v3.2.3 iter,P1  (LAI=0.5),DYN_S2_ATBD_NM,2021-07-25,24.673828658545
v3.2.3 iter,P1  (LAI=0.5),DYN_S2_ATBD_NM,2021-07-26,24.8271372147189
v3.2.3 iter,P1  (LAI=0.5),DYN_S2_ATBD_NM,2021-07-27,20.2400779422403
v3.2.3 iter,P1  (LAI=0.5),DYN_S2_ATBD_NM,2021-07-28,23.118042500005
v3.2.3 iter,P1  (LAI=0.5),DYN_S2_ATBD_NM,2021-07-29,24.6171227203239
v3.2.3 iter,P1  (LAI=0.5),DYN_S2_ATBD_NM,2021-07-30,23.9797654627395
v3.2.3 iter,P1  (LAI=0.5),DYN_S2_ATBD_NM,2021-07-31,22.4802267430182
v3.2.3 iter,P1  (LAI=0.5),DYN_S2_ATBD_NM,2021-08-01,22.3776536206058
v3.2.3 iter,P1  (LAI=0.5),DYN_S2_ATBD_NM,2021-08-02,22.3629774746919
v3.2.3 iter,P1  (LAI=0.5),DYN_S2_ATBD_NM,2021-08-03,18.80615757468
v3.2.3 iter,P1  (LAI=0.5),DYN_S2_ATBD_NM,2021-08-04,20.3476452149922
v3.2.3 iter,P1  (LAI=0.5),DYN_S2_ATBD_NM,2021-08-05,21.6560227411609
v3.2.3 iter,P1  (LAI=0.5),DYN_S2_ATBD_NM,2021-08-06,22.3818924949663
v3.2.3 iter,P1  (LAI=0.5),DYN_S2_ATBD_NM,2021-08-07,21.8128904140597
v3.2.3 iter,P1  (LAI=0.5),DYN_S2_ATBD_NM,2021-08-08,22.3501698262267
v3.2.3 iter,P1  (LAI=0.5),DYN_S2_ATBD_NM,2021-08-09,23.1091247018441
v3.2.3 iter,P1  (LAI=0.5),DYN_S2_ATBD_NM,2021-08-10,27.1568220480673
v3.2.3 iter,P1  (LAI=0.5),DYN_S2_ATBD_NM,2021-08-11,29.5816113803311
v3.2.3 iter,P1  (LAI=0.5),DYN_S2_ATBD_NM,2021-08-12,30.5133468637321
v3.2.3 iter,P1  (LAI=0.5),DYN_S2_ATBD_NM,2021-08-13,30.5248012455149
v3.2.3 iter,P1  (LAI=0.5),DYN_S2_ATBD_NM,2021-08-14,33.0228832274474
v3.2.3 iter,P1  (LAI=0.5),DYN_S2_ATBD_NM,2021-08-15,29.5712907228077
v3.2.3 iter,P1  (LAI=0.5),DYN_S2_ATBD_NM,2021-08-16,22.9402185402342
v3.2.3 iter,P1  (LAI=0.5),DYN_S2_ATBD_NM,2021-08-17,19.646690765208
v3.2.3 iter,P1  (LAI=0.5),DYN_S2_ATBD_NM,2021-08-18,20.7092781196203
v3.2.3 iter,P1  (LAI=0.5),DYN_S2_ATBD_NM,2021-08-19,20.2126174984675
v3.2.3 iter,P1  (LAI=0.5),DYN_S2_ATBD_NM,2021-08-20,24.7905844517339
v3.2.3 iter,P1  (LAI=0.5),DYN_S2_ATBD_NM,2021-08-21,25.5930222302493
v3.2.3 iter,P1  (LAI=0.5),DYN_S2_ATBD_NM,2021-08-22,23.1068397139416
v3.2.3 iter,P1  (LAI=0.5),DYN_S2_ATBD_NM,2021-08-23,23.4071153903402
v3.2.3 iter,P1  (LAI=0.5),DYN_S2_ATBD_NM,2021-08-24,25.8829155014048
v3.2.3 iter,P1  (LAI=0.5),DYN_S2_ATBD_NM,2021-08-25,26.4572398422788
v3.2.3 iter,P1  (LAI=0.5),DYN_S2_ATBD_NM,2021-08-26,24.0800624415016
v3.2.3 iter,P1  (LAI=0.5),DYN_S2_ATBD_NM,2021-08-27,22.3214834082593
v3.2.3 iter,P1  (LAI=0.5),DYN_S2_ATBD_NM,2021-08-28,22.0301852532023
v3.2.3 iter,P1  (LAI=0.5),DYN_S2_ATBD_NM,2021-08-29,21.5370166759697
v3.2.3 iter,P1  (LAI=0.5),DYN_S2_ATBD_NM,2021-08-30,22.5830502263565
v3.2.3 iter,P1  (LAI=0.5),DYN_S2_ATBD_NM,2021-08-31,23.9341200101167
v3.2.3 iter,P1  (LAI=0.5),DYN_S2_ATBD_NM,2021-09-01,25.5710953645105
v3.2.3 iter,P1  (LAI=0.5),DYN_S2_ATBD_NM,2021-09-02,28.0970632767258
v3.2.3 iter,P1  (LAI=0.5),DYN_S2_ATBD_NM,2021-09-03,28.0685800348944
v3.2.3 iter,P1  (LAI=0.5),DYN_S2_ATBD_NM,2021-09-04,26.9702211217
v3.2.3 iter,P1  (LAI=0.5),DYN_S2_ATBD_NM,2021-09-05,29.0364593822393
v3.2.3 iter,P1  (LAI=0.5),DYN_S2_ATBD_NM,2021-09-06,31.7907904627615
v3.2.3 iter,P1  (LAI=0.5),DYN_S2_ATBD_NM,2021-09-07,32.8603586276354
v3.2.3 iter,P1  (LAI=0.5),DYN_S2_ATBD_NM,2021-09-08,28.9967088051417
v3.2.3 iter,P1  (LAI=0.5),DYN_S2_ATBD_NM,2021-09-09,24.5428760252422
v3.2.3 iter,P1  (LAI=0.5),DYN_S2_ATBD_NM,2021-09-10,24.4228686809537
v3.2.3 iter,P1  (LAI=0.5),DYN_S2_ATBD_NM,2021-09-11,23.6389097783514
v3.2.3 iter,P1  (LAI=0.5),DYN_S2_ATBD_NM,2021-09-12,25.7397559654892
v3.2.3 iter,P1  (LAI=0.5),DYN_S2_ATBD_NM,2021-09-13,28.9263418787581
v3.2.3 iter,P1  (LAI=0.5),DYN_S2_ATBD_NM,2021-09-14,27.8661748926514
v3.2.3 iter,P1  (LAI=0.5),DYN_S2_ATBD_NM,2021-09-15,24.1356463140006
v3.2.3 iter,P1  (LAI=0.5),DYN_S2_ATBD_NM,2021-09-16,23.1040301030631
v3.2.3 iter,P1  (LAI=0.5),DYN_S2_ATBD_NM,2021-09-17,23.6740642173128
v3.2.3 iter,P1  (LAI=0.5),DYN_S2_ATBD_NM,2021-09-18,21.8210281116138
v3.2.3 iter,P1  (LAI=0.5),DYN_S2_ATBD_NM,2021-09-19,18.4879061289432
v3.2.3 iter,P1  (LAI=0.5),DYN_S2_ATBD_NM,2021-09-20,18.9379616568988
v3.2.3 iter,P1  (LAI=0.5),DYN_S2_ATBD_NM,2021-09-21,19.3139762409655
v3.2.3 iter,P1  (LAI=0.5),DYN_S2_ATBD_NM,2021-09-22,22.078378307482
v3.2.3 iter,P1  (LAI=0.5),DYN_S2_ATBD_NM,2021-09-23,24.429432265231
v3.2.3 iter,P1  (LAI=0.5),DYN_S2_ATBD_NM,2021-09-24,24.8419980919272
v3.2.3 iter,P1  (LAI=0.5),DYN_S2_ATBD_NM,2021-09-25,23.2964750002999
v3.2.3 iter,P1  (LAI=0.5),DYN_S2_ATBD_NM,2021-09-26,22.0129849642683
v3.2.3 iter,P1  (LAI=0.5),DYN_S2_ATBD_NM,2021-09-27,20.2366293221542
v3.2.3 iter,P1  (LAI=0.5),DYN_S2_ATBD_NM,2021-09-28,19.4322559708247
v3.2.3 iter,P1  (LAI=0.5),DYN_S2_ATBD_NM,2021-09-29,18.1694296151229
v3.2.3 iter,P1  (LAI=0.5),DYN_S2_ATBD_NM,2021-09-30,19.3093076277576
v3.2.3 iter,P1  (LAI=0.5),DYN_S2_OPT_NM,2021-06-01,28.9928916665772
v3.2.3 iter,P1  (LAI=0.5),DYN_S2_OPT_NM,2021-06-02,24.5251872698455
v3.2.3 iter,P1  (LAI=0.5),DYN_S2_OPT_NM,2021-06-03,26.8194997631207
v3.2.3 iter,P1  (LAI=0.5),DYN_S2_OPT_NM,2021-06-04,17.3768048547773
v3.2.3 iter,P1  (LAI=0.5),DYN_S2_OPT_NM,2021-06-05,21.7766244823638
v3.2.3 iter,P1  (LAI=0.5),DYN_S2_OPT_NM,2021-06-06,22.5243143045285
v3.2.3 iter,P1  (LAI=0.5),DYN_S2_OPT_NM,2021-06-07,23.6714594392444
v3.2.3 iter,P1  (LAI=0.5),DYN_S2_OPT_NM,2021-06-08,26.1330498245458
v3.2.3 iter,P1  (LAI=0.5),DYN_S2_OPT_NM,2021-06-09,28.205651950697
v3.2.3 iter,P1  (LAI=0.5),DYN_S2_OPT_NM,2021-06-10,28.8328647490897
v3.2.3 iter,P1  (LAI=0.5),DYN_S2_OPT_NM,2021-06-11,28.0086222034358
v3.2.3 iter,P1  (LAI=0.5),DYN_S2_OPT_NM,2021-06-12,27.7981634098239
v3.2.3 iter,P1  (LAI=0.5),DYN_S2_OPT_NM,2021-06-13,28.393857140054
v3.2.3 iter,P1  (LAI=0.5),DYN_S2_OPT_NM,2021-06-14,30.855932315726
v3.2.3 iter,P1  (LAI=0.5),DYN_S2_OPT_NM,2021-06-15,30.2841208606087
v3.2.3 iter,P1  (LAI=0.5),DYN_S2_OPT_NM,2021-06-16,32.7004409256595
v3.2.3 iter,P1  (LAI=0.5),DYN_S2_OPT_NM,2021-06-17,27.1699391426972
v3.2.3 iter,P1  (LAI=0.5),DYN_S2_OPT_NM,2021-06-18,24.5636061198285
v3.2.3 iter,P1  (LAI=0.5),DYN_S2_OPT_NM,2021-06-19,23.8704755636261
v3.2.3 iter,P1  (LAI=0.5),DYN_S2_OPT_NM,2021-06-20,23.0784339378106
v3.2.3 iter,P1  (LAI=0.5),DYN_S2_OPT_NM,2021-06-21,23.8664019673508
v3.2.3 iter,P1  (LAI=0.5),DYN_S2_OPT_NM,2021-06-22,21.2645727118501
v3.2.3 iter,P1  (LAI=0.5),DYN_S2_OPT_NM,2021-06-23,18.3153564339974
v3.2.3 iter,P1  (LAI=0.5),DYN_S2_OPT_NM,2021-06-24,22.3823388418894
v3.2.3 iter,P1  (LAI=0.5),DYN_S2_OPT_NM,2021-06-25,22.3793718942806
v3.2.3 iter,P1  (LAI=0.5),DYN_S2_OPT_NM,2021-06-26,24.4538516579368
v3.2.3 iter,P1  (LAI=0.5),DYN_S2_OPT_NM,2021-06-27,19.6168295941122
v3.2.3 iter,P1  (LAI=0.5),DYN_S2_OPT_NM,2021-06-28,22.3246143013713
v3.2.3 iter,P1  (LAI=0.5),DYN_S2_OPT_NM,2021-06-29,19.5376690107534
v3.2.3 iter,P1  (LAI=0.5),DYN_S2_OPT_NM,2021-06-30,20.1125027325186
v3.2.3 iter,P1  (LAI=0.5),DYN_S2_OPT_NM,2021-07-01,25.8840353522537
v3.2.3 iter,P1  (LAI=0.5),DYN_S2_OPT_NM,2021-07-02,26.25145159899
v3.2.3 iter,P1  (LAI=0.5),DYN_S2_OPT_NM,2021-07-03,22.9954787638226
v3.2.3 iter,P1  (LAI=0.5),DYN_S2_OPT_NM,2021-07-04,21.0171740581753
v3.2.3 iter,P1  (LAI=0.5),DYN_S2_OPT_NM,2021-07-05,23.0562738722995
v3.2.3 iter,P1  (LAI=0.5),DYN_S2_OPT_NM,2021-07-06,21.9855548554212
v3.2.3 iter,P1  (LAI=0.5),DYN_S2_OPT_NM,2021-07-07,22.0542419979113
v3.2.3 iter,P1  (LAI=0.5),DYN_S2_OPT_NM,2021-07-08,21.3652415996208
v3.2.3 iter,P1  (LAI=0.5),DYN_S2_OPT_NM,2021-07-09,22.3796131742865
v3.2.3 iter,P1  (LAI=0.5),DYN_S2_OPT_NM,2021-07-10,19.88823251603
v3.2.3 iter,P1  (LAI=0.5),DYN_S2_OPT_NM,2021-07-11,25.1341183848277
v3.2.3 iter,P1  (LAI=0.5),DYN_S2_OPT_NM,2021-07-12,20.9323637406025
v3.2.3 iter,P1  (LAI=0.5),DYN_S2_OPT_NM,2021-07-13,17.9661381743055
v3.2.3 iter,P1  (LAI=0.5),DYN_S2_OPT_NM,2021-07-14,22.7176425599779
v3.2.3 iter,P1  (LAI=0.5),DYN_S2_OPT_NM,2021-07-15,25.1296271866987
v3.2.3 iter,P1  (LAI=0.5),DYN_S2_OPT_NM,2021-07-16,21.5307800437091
v3.2.3 iter,P1  (LAI=0.5),DYN_S2_OPT_NM,2021-07-17,23.5604942709701
v3.2.3 iter,P1  (LAI=0.5),DYN_S2_OPT_NM,2021-07-18,29.7821495274349
v3.2.3 iter,P1  (LAI=0.5),DYN_S2_OPT_NM,2021-07-19,31.0441590472112
v3.2.3 iter,P1  (LAI=0.5),DYN_S2_OPT_NM,2021-07-20,30.3476083150672
v3.2.3 iter,P1  (LAI=0.5),DYN_S2_OPT_NM,2021-07-21,30.6882687183403
v3.2.3 iter,P1  (LAI=0.5),DYN_S2_OPT_NM,2021-07-22,30.6213834223747
v3.2.3 iter,P1  (LAI=0.5),DYN_S2_OPT_NM,2021-07-23,32.1783454942147
v3.2.3 iter,P1  (LAI=0.5),DYN_S2_OPT_NM,2021-07-24,25.2045562119124
v3.2.3 iter,P1  (LAI=0.5),DYN_S2_OPT_NM,2021-07-25,24.6754555106829
v3.2.3 iter,P1  (LAI=0.5),DYN_S2_OPT_NM,2021-07-26,24.8224742970215
v3.2.3 iter,P1  (LAI=0.5),DYN_S2_OPT_NM,2021-07-27,20.2903772084735
v3.2.3 iter,P1  (LAI=0.5),DYN_S2_OPT_NM,2021-07-28,23.1175781764549
v3.2.3 iter,P1  (LAI=0.5),DYN_S2_OPT_NM,2021-07-29,24.6049047996759
v3.2.3 iter,P1  (LAI=0.5),DYN_S2_OPT_NM,2021-07-30,23.9664478596984
v3.2.3 iter,P1  (LAI=0.5),DYN_S2_OPT_NM,2021-07-31,22.4678411724868
v3.2.3 iter,P1  (LAI=0.5),DYN_S2_OPT_NM,2021-08-01,22.3674344045286
v3.2.3 iter,P1  (LAI=0.5),DYN_S2_OPT_NM,2021-08-02,22.3693835164194
v3.2.3 iter,P1  (LAI=0.5),DYN_S2_OPT_NM,2021-08-03,18.801528716895
v3.2.3 iter,P1  (LAI=0.5),DYN_S2_OPT_NM,2021-08-04,20.3901271526428
v3.2.3 iter,P1  (LAI=0.5),DYN_S2_OPT_NM,2021-08-05,21.6522177267878
v3.2.3 iter,P1  (LAI=0.5),DYN_S2_OPT_NM,2021-08-06,22.3801157843591
v3.2.3 iter,P1  (LAI=0.5),DYN_S2_OPT_NM,2021-08-07,21.8102903848311
v3.2.3 iter,P1  (LAI=0.5),DYN_S2_OPT_NM,2021-08-08,22.3443629585411
v3.2.3 iter,P1  (LAI=0.5),DYN_S2_OPT_NM,2021-08-09,23.1061726052877
v3.2.3 iter,P1  (LAI=0.5),DYN_S2_OPT_NM,2021-08-10,27.1430464189593
v3.2.3 iter,P1  (LAI=0.5),DYN_S2_OPT_NM,2021-08-11,29.555050329162
v3.2.3 iter,P1  (LAI=0.5),DYN_S2_OPT_NM,2021-08-12,30.4696355896444
v3.2.3 iter,P1  (LAI=0.5),DYN_S2_OPT_NM,2021-08-13,30.5005263887538
v3.2.3 iter,P1  (LAI=0.5),DYN_S2_OPT_NM,2021-08-14,32.9880673681918
v3.2.3 iter,P1  (LAI=0.5),DYN_S2_OPT_NM,2021-08-15,29.5538688335029
v3.2.3 iter,P1  (LAI=0.5),DYN_S2_OPT_NM,2021-08-16,22.934718029108
v3.2.3 iter,P1  (LAI=0.5),DYN_S2_OPT_NM,2021-08-17,19.6427632869297
v3.2.3 iter,P1  (LAI=0.5),DYN_S2_OPT_NM,2021-08-18,20.7083117648031
v3.2.3 iter,P1  (LAI=0.5),DYN_S2_OPT_NM,2021-08-19,20.2130563954173
v3.2.3 iter,P1  (LAI=0.5),DYN_S2_OPT_NM,2021-08-20,24.7870692887542
v3.2.3 iter,P1  (LAI=0.5),DYN_S2_OPT_NM,2021-08-21,25.5827118550305
v3.2.3 iter,P1  (LAI=0.5),DYN_S2_OPT_NM,2021-08-22,23.097918610114
v3.2.3 iter,P1  (LAI=0.5),DYN_S2_OPT_NM,2021-08-23,23.4014465733428
v3.2.3 iter,P1  (LAI=0.5),DYN_S2_OPT_NM,2021-08-24,25.8709731573429
v3.2.3 iter,P1  (LAI=0.5),DYN_S2_OPT_NM,2021-08-25,26.4471615375088
v3.2.3 iter,P1  (LAI=0.5),DYN_S2_OPT_NM,2021-08-26,24.0719628195296
v3.2.3 iter,P1  (LAI=0.5),DYN_S2_OPT_NM,2021-08-27,22.3234471345348
v3.2.3 iter,P1  (LAI=0.5),DYN_S2_OPT_NM,2021-08-28,22.0337517427183
v3.2.3 iter,P1  (LAI=0.5),DYN_S2_OPT_NM,2021-08-29,21.5333180139285
v3.2.3 iter,P1  (LAI=0.5),DYN_S2_OPT_NM,2021-08-30,22.5848455155633
v3.2.3 iter,P1  (LAI=0.5),DYN_S2_OPT_NM,2021-08-31,23.9335188166564
v3.2.3 iter,P1  (LAI=0.5),DYN_S2_OPT_NM,2021-09-01,25.5655465186645
v3.2.3 iter,P1  (LAI=0.5),DYN_S2_OPT_NM,2021-09-02,28.0862026409903
v3.2.3 iter,P1  (LAI=0.5),DYN_S2_OPT_NM,2021-09-03,28.0428167702761
v3.2.3 iter,P1  (LAI=0.5),DYN_S2_OPT_NM,2021-09-04,26.9531372873107
v3.2.3 iter,P1  (LAI=0.5),DYN_S2_OPT_NM,2021-09-05,29.025971543047
v3.2.3 iter,P1  (LAI=0.5),DYN_S2_OPT_NM,2021-09-06,31.7750317158656
v3.2.3 iter,P1  (LAI=0.5),DYN_S2_OPT_NM,2021-09-07,32.8480492854506
v3.2.3 iter,P1  (LAI=0.5),DYN_S2_OPT_NM,2021-09-08,28.9881286425762
v3.2.3 iter,P1  (LAI=0.5),DYN_S2_OPT_NM,2021-09-09,24.5358030060584
v3.2.3 iter,P1  (LAI=0.5),DYN_S2_OPT_NM,2021-09-10,24.4246197025652
v3.2.3 iter,P1  (LAI=0.5),DYN_S2_OPT_NM,2021-09-11,23.6267716283842
v3.2.3 iter,P1  (LAI=0.5),DYN_S2_OPT_NM,2021-09-12,25.7134406293158
v3.2.3 iter,P1  (LAI=0.5),DYN_S2_OPT_NM,2021-09-13,28.8911021845455
v3.2.3 iter,P1  (LAI=0.5),DYN_S2_OPT_NM,2021-09-14,27.8716185412161
v3.2.3 iter,P1  (LAI=0.5),DYN_S2_OPT_NM,2021-09-15,24.130329564331
v3.2.3 iter,P1  (LAI=0.5),DYN_S2_OPT_NM,2021-09-16,23.0966678884737
v3.2.3 iter,P1  (LAI=0.5),DYN_S2_OPT_NM,2021-09-17,23.6592710380488
v3.2.3 iter,P1  (LAI=0.5),DYN_S2_OPT_NM,2021-09-18,21.8153299835438
v3.2.3 iter,P1  (LAI=0.5),DYN_S2_OPT_NM,2021-09-19,18.5008266098758
v3.2.3 iter,P1  (LAI=0.5),DYN_S2_OPT_NM,2021-09-20,18.93531762247
v3.2.3 iter,P1  (LAI=0.5),DYN_S2_OPT_NM,2021-09-21,19.3010118860303
v3.2.3 iter,P1  (LAI=0.5),DYN_S2_OPT_NM,2021-09-22,22.069475020796
v3.2.3 iter,P1  (LAI=0.5),DYN_S2_OPT_NM,2021-09-23,24.4000332104937
v3.2.3 iter,P1  (LAI=0.5),DYN_S2_OPT_NM,2021-09-24,24.8152898319676
v3.2.3 iter,P1  (LAI=0.5),DYN_S2_OPT_NM,2021-09-25,23.3045994468998
v3.2.3 iter,P1  (LAI=0.5),DYN_S2_OPT_NM,2021-09-26,22.0152829407299
v3.2.3 iter,P1  (LAI=0.5),DYN_S2_OPT_NM,2021-09-27,20.2292532263501
v3.2.3 iter,P1  (LAI=0.5),DYN_S2_OPT_NM,2021-09-28,19.416378564753
v3.2.3 iter,P1  (LAI=0.5),DYN_S2_OPT_NM,2021-09-29,18.1592291345703
v3.2.3 iter,P1  (LAI=0.5),DYN_S2_OPT_NM,2021-09-30,19.2855074334269
v3.2.3 iter,P1  (LAI=0.5),DYN_ATBD_rfull_NM,2021-06-01,28.9684329171619
v3.2.3 iter,P1  (LAI=0.5),DYN_ATBD_rfull_NM,2021-06-02,24.5220451143492
v3.2.3 iter,P1  (LAI=0.5),DYN_ATBD_rfull_NM,2021-06-03,26.8004891229874
v3.2.3 iter,P1  (LAI=0.5),DYN_ATBD_rfull_NM,2021-06-04,17.4236826099262
v3.2.3 iter,P1  (LAI=0.5),DYN_ATBD_rfull_NM,2021-06-05,21.7638681089801
v3.2.3 iter,P1  (LAI=0.5),DYN_ATBD_rfull_NM,2021-06-06,22.5187028491555
v3.2.3 iter,P1  (LAI=0.5),DYN_ATBD_rfull_NM,2021-06-07,23.6688088449373
v3.2.3 iter,P1  (LAI=0.5),DYN_ATBD_rfull_NM,2021-06-08,26.1139463197024
v3.2.3 iter,P1  (LAI=0.5),DYN_ATBD_rfull_NM,2021-06-09,28.1078574159016
v3.2.3 iter,P1  (LAI=0.5),DYN_ATBD_rfull_NM,2021-06-10,28.8020562699908
v3.2.3 iter,P1  (LAI=0.5),DYN_ATBD_rfull_NM,2021-06-11,27.9717750228701
v3.2.3 iter,P1  (LAI=0.5),DYN_ATBD_rfull_NM,2021-06-12,27.7806016330649
v3.2.3 iter,P1  (LAI=0.5),DYN_ATBD_rfull_NM,2021-06-13,28.3704165967826
v3.2.3 iter,P1  (LAI=0.5),DYN_ATBD_rfull_NM,2021-06-14,30.812842388069
v3.2.3 iter,P1  (LAI=0.5),DYN_ATBD_rfull_NM,2021-06-15,30.2525964390733
v3.2.3 iter,P1  (LAI=0.5),DYN_ATBD_rfull_NM,2021-06-16,32.6744582653014
v3.2.3 iter,P1  (LAI=0.5),DYN_ATBD_rfull_NM,2021-06-17,27.1361844709323
v3.2.3 iter,P1  (LAI=0.5),DYN_ATBD_rfull_NM,2021-06-18,24.56382391547
v3.2.3 iter,P1  (LAI=0.5),DYN_ATBD_rfull_NM,2021-06-19,23.9565406442364
v3.2.3 iter,P1  (LAI=0.5),DYN_ATBD_rfull_NM,2021-06-20,23.0988623732224
v3.2.3 iter,P1  (LAI=0.5),DYN_ATBD_rfull_NM,2021-06-21,23.830915009499
v3.2.3 iter,P1  (LAI=0.5),DYN_ATBD_rfull_NM,2021-06-22,21.2474995044636
v3.2.3 iter,P1  (LAI=0.5),DYN_ATBD_rfull_NM,2021-06-23,18.321851823828
v3.2.3 iter,P1  (LAI=0.5),DYN_ATBD_rfull_NM,2021-06-24,22.3696913135915
v3.2.3 iter,P1  (LAI=0.5),DYN_ATBD_rfull_NM,2021-06-25,22.3834540338831
v3.2.3 iter,P1  (LAI=0.5),DYN_ATBD_rfull_NM,2021-06-26,24.4673729387371
v3.2.3 iter,P1  (LAI=0.5),DYN_ATBD_rfull_NM,2021-06-27,19.7178989842797
v3.2.3 iter,P1  (LAI=0.5),DYN_ATBD_rfull_NM,2021-06-28,22.3247008943256
v3.2.3 iter,P1  (LAI=0.5),DYN_ATBD_rfull_NM,2021-06-29,19.5280466586167
v3.2.3 iter,P1  (LAI=0.5),DYN_ATBD_rfull_NM,2021-06-30,20.1166624124434
v3.2.3 iter,P1  (LAI=0.5),DYN_ATBD_rfull_NM,2021-07-01,25.8704507776506
v3.2.3 iter,P1  (LAI=0.5),DYN_ATBD_rfull_NM,2021-07-02,26.25187149802
v3.2.3 iter,P1  (LAI=0.5),DYN_ATBD_rfull_NM,2021-07-03,23.0119184491322
v3.2.3 iter,P1  (LAI=0.5),DYN_ATBD_rfull_NM,2021-07-04,21.0304097399197
v3.2.3 iter,P1  (LAI=0.5),DYN_ATBD_rfull_NM,2021-07-05,23.0620795334796
v3.2.3 iter,P1  (LAI=0.5),DYN_ATBD_rfull_NM,2021-07-06,21.9845223487426
v3.2.3 iter,P1  (LAI=0.5),DYN_ATBD_rfull_NM,2021-07-07,22.0433520511033
v3.2.3 iter,P1  (LAI=0.5),DYN_ATBD_rfull_NM,2021-07-08,21.3700556363082
v3.2.3 iter,P1  (LAI=0.5),DYN_ATBD_rfull_NM,2021-07-09,22.3808115995527
v3.2.3 iter,P1  (LAI=0.5),DYN_ATBD_rfull_NM,2021-07-10,19.915606521213
v3.2.3 iter,P1  (LAI=0.5),DYN_ATBD_rfull_NM,2021-07-11,25.1154954463053
v3.2.3 iter,P1  (LAI=0.5),DYN_ATBD_rfull_NM,2021-07-12,20.9346882987152
v3.2.3 iter,P1  (LAI=0.5),DYN_ATBD_rfull_NM,2021-07-13,18.0080254526469
v3.2.3 iter,P1  (LAI=0.5),DYN_ATBD_rfull_NM,2021-07-14,22.7305125813024
v3.2.3 iter,P1  (LAI=0.5),DYN_ATBD_rfull_NM,2021-07-15,25.126029891482
v3.2.3 iter,P1  (LAI=0.5),DYN_ATBD_rfull_NM,2021-07-16,21.5306353019451
v3.2.3 iter,P1  (LAI=0.5),DYN_ATBD_rfull_NM,2021-07-17,23.5510512195729
v3.2.3 iter,P1  (LAI=0.5),DYN_ATBD_rfull_NM,2021-07-18,29.7641255262867
v3.2.3 iter,P1  (LAI=0.5),DYN_ATBD_rfull_NM,2021-07-19,31.0249599225089
v3.2.3 iter,P1  (LAI=0.5),DYN_ATBD_rfull_NM,2021-07-20,30.320320720186
v3.2.3 iter,P1  (LAI=0.5),DYN_ATBD_rfull_NM,2021-07-21,30.6587682710511
v3.2.3 iter,P1  (LAI=0.5),DYN_ATBD_rfull_NM,2021-07-22,30.5835820626381
v3.2.3 iter,P1  (LAI=0.5),DYN_ATBD_rfull_NM,2021-07-23,32.162722961241
v3.2.3 iter,P1  (LAI=0.5),DYN_ATBD_rfull_NM,2021-07-24,25.1878163106016
v3.2.3 iter,P1  (LAI=0.5),DYN_ATBD_rfull_NM,2021-07-25,24.6733378588138
v3.2.3 iter,P1  (LAI=0.5),DYN_ATBD_rfull_NM,2021-07-26,24.8096430072669
v3.2.3 iter,P1  (LAI=0.5),DYN_ATBD_rfull_NM,2021-07-27,20.3507460947099
v3.2.3 iter,P1  (LAI=0.5),DYN_ATBD_rfull_NM,2021-07-28,23.1155846940593
v3.2.3 iter,P1  (LAI=0.5),DYN_ATBD_rfull_NM,2021-07-29,24.5853111768165
v3.2.3 iter,P1  (LAI=0.5),DYN_ATBD_rfull_NM,2021-07-30,23.9443508770498
v3.2.3 iter,P1  (LAI=0.5),DYN_ATBD_rfull_NM,2021-07-31,22.4481109421126
v3.2.3 iter,P1  (LAI=0.5),DYN_ATBD_rfull_NM,2021-08-01,22.3492296594679
v3.2.3 iter,P1  (LAI=0.5),DYN_ATBD_rfull_NM,2021-08-02,22.3711057002937
v3.2.3 iter,P1  (LAI=0.5),DYN_ATBD_rfull_NM,2021-08-03,18.7924255571792
v3.2.3 iter,P1  (LAI=0.5),DYN_ATBD_rfull_NM,2021-08-04,20.4395756002204
v3.2.3 iter,P1  (LAI=0.5),DYN_ATBD_rfull_NM,2021-08-05,21.6455545301488
v3.2.3 iter,P1  (LAI=0.5),DYN_ATBD_rfull_NM,2021-08-06,22.3755748057768
v3.2.3 iter,P1  (LAI=0.5),DYN_ATBD_rfull_NM,2021-08-07,21.8046355802459
v3.2.3 iter,P1  (LAI=0.5),DYN_ATBD_rfull_NM,2021-08-08,22.3343405979497
v3.2.3 iter,P1  (LAI=0.5),DYN_ATBD_rfull_NM,2021-08-09,23.1001804017747
v3.2.3 iter,P1  (LAI=0.5),DYN_ATBD_rfull_NM,2021-08-10,27.1213152536556
v3.2.3 iter,P1  (LAI=0.5),DYN_ATBD_rfull_NM,2021-08-11,29.4776611107188
v3.2.3 iter,P1  (LAI=0.5),DYN_ATBD_rfull_NM,2021-08-12,30.4191319150424
v3.2.3 iter,P1  (LAI=0.5),DYN_ATBD_rfull_NM,2021-08-13,30.4619926071421
v3.2.3 iter,P1  (LAI=0.5),DYN_ATBD_rfull_NM,2021-08-14,32.9292097979318
v3.2.3 iter,P1  (LAI=0.5),DYN_ATBD_rfull_NM,2021-08-15,29.5271465354036
v3.2.3 iter,P1  (LAI=0.5),DYN_ATBD_rfull_NM,2021-08-16,22.9236295212457
v3.2.3 iter,P1  (LAI=0.5),DYN_ATBD_rfull_NM,2021-08-17,19.6360249115247
v3.2.3 iter,P1  (LAI=0.5),DYN_ATBD_rfull_NM,2021-08-18,20.7061677936779
v3.2.3 iter,P1  (LAI=0.5),DYN_ATBD_rfull_NM,2021-08-19,20.2123791048081
v3.2.3 iter,P1  (LAI=0.5),DYN_ATBD_rfull_NM,2021-08-20,24.7807428350552
v3.2.3 iter,P1  (LAI=0.5),DYN_ATBD_rfull_NM,2021-08-21,25.5641111686396
v3.2.3 iter,P1  (LAI=0.5),DYN_ATBD_rfull_NM,2021-08-22,23.0811344412081
v3.2.3 iter,P1  (LAI=0.5),DYN_ATBD_rfull_NM,2021-08-23,23.3903261047292
v3.2.3 iter,P1  (LAI=0.5),DYN_ATBD_rfull_NM,2021-08-24,25.8529961789387
v3.2.3 iter,P1  (LAI=0.5),DYN_ATBD_rfull_NM,2021-08-25,26.431993750663
v3.2.3 iter,P1  (LAI=0.5),DYN_ATBD_rfull_NM,2021-08-26,24.0578174371498
v3.2.3 iter,P1  (LAI=0.5),DYN_ATBD_rfull_NM,2021-08-27,22.3255003143836
v3.2.3 iter,P1  (LAI=0.5),DYN_ATBD_rfull_NM,2021-08-28,22.0385373609886
v3.2.3 iter,P1  (LAI=0.5),DYN_ATBD_rfull_NM,2021-08-29,21.5246096147648
v3.2.3 iter,P1  (LAI=0.5),DYN_ATBD_rfull_NM,2021-08-30,22.5858755037607
v3.2.3 iter,P1  (LAI=0.5),DYN_ATBD_rfull_NM,2021-08-31,23.9312361388552
v3.2.3 iter,P1  (LAI=0.5),DYN_ATBD_rfull_NM,2021-09-01,25.5555681632732
v3.2.3 iter,P1  (LAI=0.5),DYN_ATBD_rfull_NM,2021-09-02,28.0715076798091
v3.2.3 iter,P1  (LAI=0.5),DYN_ATBD_rfull_NM,2021-09-03,27.9973925758865
v3.2.3 iter,P1  (LAI=0.5),DYN_ATBD_rfull_NM,2021-09-04,26.9232896270037
v3.2.3 iter,P1  (LAI=0.5),DYN_ATBD_rfull_NM,2021-09-05,29.0069492520577
v3.2.3 iter,P1  (LAI=0.5),DYN_ATBD_rfull_NM,2021-09-06,31.7509358974486
v3.2.3 iter,P1  (LAI=0.5),DYN_ATBD_rfull_NM,2021-09-07,32.8283341170691
v3.2.3 iter,P1  (LAI=0.5),DYN_ATBD_rfull_NM,2021-09-08,28.9637793942345
v3.2.3 iter,P1  (LAI=0.5),DYN_ATBD_rfull_NM,2021-09-09,24.5226220105324
v3.2.3 iter,P1  (LAI=0.5),DYN_ATBD_rfull_NM,2021-09-10,24.4311320966247
v3.2.3 iter,P1  (LAI=0.5),DYN_ATBD_rfull_NM,2021-09-11,23.6068157305143
v3.2.3 iter,P1  (LAI=0.5),DYN_ATBD_rfull_NM,2021-09-12,25.6714165865345
v3.2.3 iter,P1  (LAI=0.5),DYN_ATBD_rfull_NM,2021-09-13,28.8307530576868
v3.2.3 iter,P1  (LAI=0.5),DYN_ATBD_rfull_NM,2021-09-14,27.8625425136691
v3.2.3 iter,P1  (LAI=0.5),DYN_ATBD_rfull_NM,2021-09-15,24.1161125455195
v3.2.3 iter,P1  (LAI=0.5),DYN_ATBD_rfull_NM,2021-09-16,23.077994384873
v3.2.3 iter,P1  (LAI=0.5),DYN_ATBD_rfull_NM,2021-09-17,23.6286933174231
v3.2.3 iter,P1  (LAI=0.5),DYN_ATBD_rfull_NM,2021-09-18,21.8103943756068
v3.2.3 iter,P1  (LAI=0.5),DYN_ATBD_rfull_NM,2021-09-19,18.5214264999005
v3.2.3 iter,P1  (LAI=0.5),DYN_ATBD_rfull_NM,2021-09-20,18.9278647735292
v3.2.3 iter,P1  (LAI=0.5),DYN_ATBD_rfull_NM,2021-09-21,19.2787504022401
v3.2.3 iter,P1  (LAI=0.5),DYN_ATBD_rfull_NM,2021-09-22,22.0534557593067
v3.2.3 iter,P1  (LAI=0.5),DYN_ATBD_rfull_NM,2021-09-23,24.3519814096591
v3.2.3 iter,P1  (LAI=0.5),DYN_ATBD_rfull_NM,2021-09-24,24.7621594899099
v3.2.3 iter,P1  (LAI=0.5),DYN_ATBD_rfull_NM,2021-09-25,23.2948081329042
v3.2.3 iter,P1  (LAI=0.5),DYN_ATBD_rfull_NM,2021-09-26,22.0205375799353
v3.2.3 iter,P1  (LAI=0.5),DYN_ATBD_rfull_NM,2021-09-27,20.2184112206691
v3.2.3 iter,P1  (LAI=0.5),DYN_ATBD_rfull_NM,2021-09-28,19.3934324690172
v3.2.3 iter,P1  (LAI=0.5),DYN_ATBD_rfull_NM,2021-09-29,18.1443565782181
v3.2.3 iter,P1  (LAI=0.5),DYN_ATBD_rfull_NM,2021-09-30,19.2517227431467
v3.2.3 iter,P1  (LAI=0.5),DYN_OPT_rdopt_NM,2021-06-01,28.7487903802406
v3.2.3 iter,P1  (LAI=0.5),DYN_OPT_rdopt_NM,2021-06-02,24.4468949132056
v3.2.3 iter,P1  (LAI=0.5),DYN_OPT_rdopt_NM,2021-06-03,26.6777838760856
v3.2.3 iter,P1  (LAI=0.5),DYN_OPT_rdopt_NM,2021-06-04,17.5988435888034
v3.2.3 iter,P1  (LAI=0.5),DYN_OPT_rdopt_NM,2021-06-05,21.6909322034177
v3.2.3 iter,P1  (LAI=0.5),DYN_OPT_rdopt_NM,2021-06-06,22.4625223004892
v3.2.3 iter,P1  (LAI=0.5),DYN_OPT_rdopt_NM,2021-06-07,23.6468537202669
v3.2.3 iter,P1  (LAI=0.5),DYN_OPT_rdopt_NM,2021-06-08,25.9721531007249
v3.2.3 iter,P1  (LAI=0.5),DYN_OPT_rdopt_NM,2021-06-09,27.8448890478572
v3.2.3 iter,P1  (LAI=0.5),DYN_OPT_rdopt_NM,2021-06-10,28.229291667237
v3.2.3 iter,P1  (LAI=0.5),DYN_OPT_rdopt_NM,2021-06-11,27.7201283675811
v3.2.3 iter,P1  (LAI=0.5),DYN_OPT_rdopt_NM,2021-06-12,27.6390200691708
v3.2.3 iter,P1  (LAI=0.5),DYN_OPT_rdopt_NM,2021-06-13,28.2308045601447
v3.2.3 iter,P1  (LAI=0.5),DYN_OPT_rdopt_NM,2021-06-14,30.5143354500743
v3.2.3 iter,P1  (LAI=0.5),DYN_OPT_rdopt_NM,2021-06-15,29.9988639048931
v3.2.3 iter,P1  (LAI=0.5),DYN_OPT_rdopt_NM,2021-06-16,32.384209808925
v3.2.3 iter,P1  (LAI=0.5),DYN_OPT_rdopt_NM,2021-06-17,26.7729174211179
v3.2.3 iter,P1  (LAI=0.5),DYN_OPT_rdopt_NM,2021-06-18,24.5269185629277
v3.2.3 iter,P1  (LAI=0.5),DYN_OPT_rdopt_NM,2021-06-19,24.184944617547
v3.2.3 iter,P1  (LAI=0.5),DYN_OPT_rdopt_NM,2021-06-20,23.1637564968937
v3.2.3 iter,P1  (LAI=0.5),DYN_OPT_rdopt_NM,2021-06-21,23.4143965171522
v3.2.3 iter,P1  (LAI=0.5),DYN_OPT_rdopt_NM,2021-06-22,21.0456580074494
v3.2.3 iter,P1  (LAI=0.5),DYN_OPT_rdopt_NM,2021-06-23,18.3372719935786
v3.2.3 iter,P1  (LAI=0.5),DYN_OPT_rdopt_NM,2021-06-24,22.3080222725203
v3.2.3 iter,P1  (LAI=0.5),DYN_OPT_rdopt_NM,2021-06-25,22.372934393425
v3.2.3 iter,P1  (LAI=0.5),DYN_OPT_rdopt_NM,2021-06-26,24.400715594641
v3.2.3 iter,P1  (LAI=0.5),DYN_OPT_rdopt_NM,2021-06-27,20.0314419610362
v3.2.3 iter,P1  (LAI=0.5),DYN_OPT_rdopt_NM,2021-06-28,22.0859165660385
v3.2.3 iter,P1  (LAI=0.5),DYN_OPT_rdopt_NM,2021-06-29,19.4162806630807
v3.2.3 iter,P1  (LAI=0.5),DYN_OPT_rdopt_NM,2021-06-30,20.1359499179716
v3.2.3 iter,P1  (LAI=0.5),DYN_OPT_rdopt_NM,2021-07-01,25.3449798931489
v3.2.3 iter,P1  (LAI=0.5),DYN_OPT_rdopt_NM,2021-07-02,26.1998482419949
v3.2.3 iter,P1  (LAI=0.5),DYN_OPT_rdopt_NM,2021-07-03,23.1223277436823
v3.2.3 iter,P1  (LAI=0.5),DYN_OPT_rdopt_NM,2021-07-04,21.0875855917315
v3.2.3 iter,P1  (LAI=0.5),DYN_OPT_rdopt_NM,2021-07-05,23.0780630835034
v3.2.3 iter,P1  (LAI=0.5),DYN_OPT_rdopt_NM,2021-07-06,21.9588281248927
v3.2.3 iter,P1  (LAI=0.5),DYN_OPT_rdopt_NM,2021-07-07,21.9576683257264
v3.2.3 iter,P1  (LAI=0.5),DYN_OPT_rdopt_NM,2021-07-08,21.3635801138859
v3.2.3 iter,P1  (LAI=0.5),DYN_OPT_rdopt_NM,2021-07-09,22.3391226224309
v3.2.3 iter,P1  (LAI=0.5),DYN_OPT_rdopt_NM,2021-07-10,19.9782968965632
v3.2.3 iter,P1  (LAI=0.5),DYN_OPT_rdopt_NM,2021-07-11,24.9249987965916
v3.2.3 iter,P1  (LAI=0.5),DYN_OPT_rdopt_NM,2021-07-12,20.9267876339507
v3.2.3 iter,P1  (LAI=0.5),DYN_OPT_rdopt_NM,2021-07-13,18.1479748676059
v3.2.3 iter,P1  (LAI=0.5),DYN_OPT_rdopt_NM,2021-07-14,22.7881676360047
v3.2.3 iter,P1  (LAI=0.5),DYN_OPT_rdopt_NM,2021-07-15,25.0916601476026
v3.2.3 iter,P1  (LAI=0.5),DYN_OPT_rdopt_NM,2021-07-16,21.5204306770857
v3.2.3 iter,P1  (LAI=0.5),DYN_OPT_rdopt_NM,2021-07-17,23.5171638273257
v3.2.3 iter,P1  (LAI=0.5),DYN_OPT_rdopt_NM,2021-07-18,29.6790941639815
v3.2.3 iter,P1  (LAI=0.5),DYN_OPT_rdopt_NM,2021-07-19,30.9322403608748
v3.2.3 iter,P1  (LAI=0.5),DYN_OPT_rdopt_NM,2021-07-20,30.1910829802698
v3.2.3 iter,P1  (LAI=0.5),DYN_OPT_rdopt_NM,2021-07-21,30.5132471072478
v3.2.3 iter,P1  (LAI=0.5),DYN_OPT_rdopt_NM,2021-07-22,30.3284154646811
v3.2.3 iter,P1  (LAI=0.5),DYN_OPT_rdopt_NM,2021-07-23,32.0204091066695
v3.2.3 iter,P1  (LAI=0.5),DYN_OPT_rdopt_NM,2021-07-24,25.1066167012457
v3.2.3 iter,P1  (LAI=0.5),DYN_OPT_rdopt_NM,2021-07-25,24.6400075493567
v3.2.3 iter,P1  (LAI=0.5),DYN_OPT_rdopt_NM,2021-07-26,24.7386327523979
v3.2.3 iter,P1  (LAI=0.5),DYN_OPT_rdopt_NM,2021-07-27,20.4964316335784
v3.2.3 iter,P1  (LAI=0.5),DYN_OPT_rdopt_NM,2021-07-28,23.1003154632068
v3.2.3 iter,P1  (LAI=0.5),DYN_OPT_rdopt_NM,2021-07-29,24.4920580424841
v3.2.3 iter,P1  (LAI=0.5),DYN_OPT_rdopt_NM,2021-07-30,23.8395599990251
v3.2.3 iter,P1  (LAI=0.5),DYN_OPT_rdopt_NM,2021-07-31,22.360334991467
v3.2.3 iter,P1  (LAI=0.5),DYN_OPT_rdopt_NM,2021-08-01,22.2638328991379
v3.2.3 iter,P1  (LAI=0.5),DYN_OPT_rdopt_NM,2021-08-02,22.3625254348185
v3.2.3 iter,P1  (LAI=0.5),DYN_OPT_rdopt_NM,2021-08-03,18.7399543232845
v3.2.3 iter,P1  (LAI=0.5),DYN_OPT_rdopt_NM,2021-08-04,20.5529212707859
v3.2.3 iter,P1  (LAI=0.5),DYN_OPT_rdopt_NM,2021-08-05,21.6138570024476
v3.2.3 iter,P1  (LAI=0.5),DYN_OPT_rdopt_NM,2021-08-06,22.3576219960127
v3.2.3 iter,P1  (LAI=0.5),DYN_OPT_rdopt_NM,2021-08-07,21.7833780818074
v3.2.3 iter,P1  (LAI=0.5),DYN_OPT_rdopt_NM,2021-08-08,22.2883394842102
v3.2.3 iter,P1  (LAI=0.5),DYN_OPT_rdopt_NM,2021-08-09,23.0692821037977
v3.2.3 iter,P1  (LAI=0.5),DYN_OPT_rdopt_NM,2021-08-10,27.0180038877809
v3.2.3 iter,P1  (LAI=0.5),DYN_OPT_rdopt_NM,2021-08-11,29.0920787063691
v3.2.3 iter,P1  (LAI=0.5),DYN_OPT_rdopt_NM,2021-08-12,30.2395270771906
v3.2.3 iter,P1  (LAI=0.5),DYN_OPT_rdopt_NM,2021-08-13,30.3084353492768
v3.2.3 iter,P1  (LAI=0.5),DYN_OPT_rdopt_NM,2021-08-14,32.577442995033
v3.2.3 iter,P1  (LAI=0.5),DYN_OPT_rdopt_NM,2021-08-15,29.4072267847555
v3.2.3 iter,P1  (LAI=0.5),DYN_OPT_rdopt_NM,2021-08-16,22.897150761799
v3.2.3 iter,P1  (LAI=0.5),DYN_OPT_rdopt_NM,2021-08-17,19.6018887327224
v3.2.3 iter,P1  (LAI=0.5),DYN_OPT_rdopt_NM,2021-08-18,20.6914087283416
v3.2.3 iter,P1  (LAI=0.5),DYN_OPT_rdopt_NM,2021-08-19,20.2005435864135
v3.2.3 iter,P1  (LAI=0.5),DYN_OPT_rdopt_NM,2021-08-20,24.7436953106847
v3.2.3 iter,P1  (LAI=0.5),DYN_OPT_rdopt_NM,2021-08-21,25.4528277871307
v3.2.3 iter,P1  (LAI=0.5),DYN_OPT_rdopt_NM,2021-08-22,22.996442497249
v3.2.3 iter,P1  (LAI=0.5),DYN_OPT_rdopt_NM,2021-08-23,23.3237493210599
v3.2.3 iter,P1  (LAI=0.5),DYN_OPT_rdopt_NM,2021-08-24,25.7587722805267
v3.2.3 iter,P1  (LAI=0.5),DYN_OPT_rdopt_NM,2021-08-25,26.3406555345509
v3.2.3 iter,P1  (LAI=0.5),DYN_OPT_rdopt_NM,2021-08-26,23.9785696665456
v3.2.3 iter,P1  (LAI=0.5),DYN_OPT_rdopt_NM,2021-08-27,22.3220690689519
v3.2.3 iter,P1  (LAI=0.5),DYN_OPT_rdopt_NM,2021-08-28,22.0487415948157
v3.2.3 iter,P1  (LAI=0.5),DYN_OPT_rdopt_NM,2021-08-29,21.4527950906487
v3.2.3 iter,P1  (LAI=0.5),DYN_OPT_rdopt_NM,2021-08-30,22.5792654446965
v3.2.3 iter,P1  (LAI=0.5),DYN_OPT_rdopt_NM,2021-08-31,23.9095567991507
v3.2.3 iter,P1  (LAI=0.5),DYN_OPT_rdopt_NM,2021-09-01,25.5010849995808
v3.2.3 iter,P1  (LAI=0.5),DYN_OPT_rdopt_NM,2021-09-02,27.9869357327288
v3.2.3 iter,P1  (LAI=0.5),DYN_OPT_rdopt_NM,2021-09-03,27.6809469691771
v3.2.3 iter,P1  (LAI=0.5),DYN_OPT_rdopt_NM,2021-09-04,26.7381078387389
v3.2.3 iter,P1  (LAI=0.5),DYN_OPT_rdopt_NM,2021-09-05,28.8619796067313
v3.2.3 iter,P1  (LAI=0.5),DYN_OPT_rdopt_NM,2021-09-06,31.598908189461
v3.2.3 iter,P1  (LAI=0.5),DYN_OPT_rdopt_NM,2021-09-07,32.6916774543663
v3.2.3 iter,P1  (LAI=0.5),DYN_OPT_rdopt_NM,2021-09-08,28.7481670658465
v3.2.3 iter,P1  (LAI=0.5),DYN_OPT_rdopt_NM,2021-09-09,24.4559823549408
v3.2.3 iter,P1  (LAI=0.5),DYN_OPT_rdopt_NM,2021-09-10,24.4157090971035
v3.2.3 iter,P1  (LAI=0.5),DYN_OPT_rdopt_NM,2021-09-11,23.4948450076384
v3.2.3 iter,P1  (LAI=0.5),DYN_OPT_rdopt_NM,2021-09-12,25.417282389786
v3.2.3 iter,P1  (LAI=0.5),DYN_OPT_rdopt_NM,2021-09-13,28.4271562810661
v3.2.3 iter,P1  (LAI=0.5),DYN_OPT_rdopt_NM,2021-09-14,27.8547872723838
v3.2.3 iter,P1  (LAI=0.5),DYN_OPT_rdopt_NM,2021-09-15,24.0589913824863
v3.2.3 iter,P1  (LAI=0.5),DYN_OPT_rdopt_NM,2021-09-16,23.0183454850308
v3.2.3 iter,P1  (LAI=0.5),DYN_OPT_rdopt_NM,2021-09-17,23.5047928454516
v3.2.3 iter,P1  (LAI=0.5),DYN_OPT_rdopt_NM,2021-09-18,21.7910131435614
v3.2.3 iter,P1  (LAI=0.5),DYN_OPT_rdopt_NM,2021-09-19,18.5935790814927
v3.2.3 iter,P1  (LAI=0.5),DYN_OPT_rdopt_NM,2021-09-20,18.9121967407274
v3.2.3 iter,P1  (LAI=0.5),DYN_OPT_rdopt_NM,2021-09-21,19.2033435426873
v3.2.3 iter,P1  (LAI=0.5),DYN_OPT_rdopt_NM,2021-09-22,22.0042626067078
v3.2.3 iter,P1  (LAI=0.5),DYN_OPT_rdopt_NM,2021-09-23,24.2210855900235
v3.2.3 iter,P1  (LAI=0.5),DYN_OPT_rdopt_NM,2021-09-24,24.5427590716348
v3.2.3 iter,P1  (LAI=0.5),DYN_OPT_rdopt_NM,2021-09-25,23.2827596217232
v3.2.3 iter,P1  (LAI=0.5),DYN_OPT_rdopt_NM,2021-09-26,22.0443798912452
v3.2.3 iter,P1  (LAI=0.5),DYN_OPT_rdopt_NM,2021-09-27,20.19834905021
v3.2.3 iter,P1  (LAI=0.5),DYN_OPT_rdopt_NM,2021-09-28,19.3297179347383
v3.2.3 iter,P1  (LAI=0.5),DYN_OPT_rdopt_NM,2021-09-29,18.1048841527636
v3.2.3 iter,P1  (LAI=0.5),DYN_OPT_rdopt_NM,2021-09-30,19.1467029434148
v3.2.3 iter,P1  (LAI=0.5),DYN_ALS_S2TIMING_NM,2021-06-01,28.6641125798911
v3.2.3 iter,P1  (LAI=0.5),DYN_ALS_S2TIMING_NM,2021-06-02,24.3997253927151
v3.2.3 iter,P1  (LAI=0.5),DYN_ALS_S2TIMING_NM,2021-06-03,26.6044023542096
v3.2.3 iter,P1  (LAI=0.5),DYN_ALS_S2TIMING_NM,2021-06-04,17.6745135894614
v3.2.3 iter,P1  (LAI=0.5),DYN_ALS_S2TIMING_NM,2021-06-05,21.6463729198386
v3.2.3 iter,P1  (LAI=0.5),DYN_ALS_S2TIMING_NM,2021-06-06,22.4193419494211
v3.2.3 iter,P1  (LAI=0.5),DYN_ALS_S2TIMING_NM,2021-06-07,23.6442723751079
v3.2.3 iter,P1  (LAI=0.5),DYN_ALS_S2TIMING_NM,2021-06-08,25.9151712231734
v3.2.3 iter,P1  (LAI=0.5),DYN_ALS_S2TIMING_NM,2021-06-09,27.5181376886921
v3.2.3 iter,P1  (LAI=0.5),DYN_ALS_S2TIMING_NM,2021-06-10,28.1034683280091
v3.2.3 iter,P1  (LAI=0.5),DYN_ALS_S2TIMING_NM,2021-06-11,27.6710004741879
v3.2.3 iter,P1  (LAI=0.5),DYN_ALS_S2TIMING_NM,2021-06-12,27.5828632158092
v3.2.3 iter,P1  (LAI=0.5),DYN_ALS_S2TIMING_NM,2021-06-13,28.1174198467197
v3.2.3 iter,P1  (LAI=0.5),DYN_ALS_S2TIMING_NM,2021-06-14,30.3238369661552
v3.2.3 iter,P1  (LAI=0.5),DYN_ALS_S2TIMING_NM,2021-06-15,29.8511368164253
v3.2.3 iter,P1  (LAI=0.5),DYN_ALS_S2TIMING_NM,2021-06-16,32.2003508520676
v3.2.3 iter,P1  (LAI=0.5),DYN_ALS_S2TIMING_NM,2021-06-17,26.4863116054219
v3.2.3 iter,P1  (LAI=0.5),DYN_ALS_S2TIMING_NM,2021-06-18,24.4948302363287
v3.2.3 iter,P1  (LAI=0.5),DYN_ALS_S2TIMING_NM,2021-06-19,24.2771486654131
v3.2.3 iter,P1  (LAI=0.5),DYN_ALS_S2TIMING_NM,2021-06-20,23.1935553259785
v3.2.3 iter,P1  (LAI=0.5),DYN_ALS_S2TIMING_NM,2021-06-21,23.0858243932855
v3.2.3 iter,P1  (LAI=0.5),DYN_ALS_S2TIMING_NM,2021-06-22,20.9352580870628
v3.2.3 iter,P1  (LAI=0.5),DYN_ALS_S2TIMING_NM,2021-06-23,18.3293204730526
v3.2.3 iter,P1  (LAI=0.5),DYN_ALS_S2TIMING_NM,2021-06-24,22.2404309819664
v3.2.3 iter,P1  (LAI=0.5),DYN_ALS_S2TIMING_NM,2021-06-25,22.3583809738115
v3.2.3 iter,P1  (LAI=0.5),DYN_ALS_S2TIMING_NM,2021-06-26,24.3037746336502
v3.2.3 iter,P1  (LAI=0.5),DYN_ALS_S2TIMING_NM,2021-06-27,20.1228190424763
v3.2.3 iter,P1  (LAI=0.5),DYN_ALS_S2TIMING_NM,2021-06-28,21.8481429681943
v3.2.3 iter,P1  (LAI=0.5),DYN_ALS_S2TIMING_NM,2021-06-29,19.3491856593888
v3.2.3 iter,P1  (LAI=0.5),DYN_ALS_S2TIMING_NM,2021-06-30,20.1660482015996
v3.2.3 iter,P1  (LAI=0.5),DYN_ALS_S2TIMING_NM,2021-07-01,25.1101055938638
v3.2.3 iter,P1  (LAI=0.5),DYN_ALS_S2TIMING_NM,2021-07-02,26.1796402544638
v3.2.3 iter,P1  (LAI=0.5),DYN_ALS_S2TIMING_NM,2021-07-03,23.1612398089681
v3.2.3 iter,P1  (LAI=0.5),DYN_ALS_S2TIMING_NM,2021-07-04,21.0896007500135
v3.2.3 iter,P1  (LAI=0.5),DYN_ALS_S2TIMING_NM,2021-07-05,23.0987809509886
v3.2.3 iter,P1  (LAI=0.5),DYN_ALS_S2TIMING_NM,2021-07-06,21.9458521988443
v3.2.3 iter,P1  (LAI=0.5),DYN_ALS_S2TIMING_NM,2021-07-07,21.9052783056856
v3.2.3 iter,P1  (LAI=0.5),DYN_ALS_S2TIMING_NM,2021-07-08,21.3512560261187
v3.2.3 iter,P1  (LAI=0.5),DYN_ALS_S2TIMING_NM,2021-07-09,22.3124120549304
v3.2.3 iter,P1  (LAI=0.5),DYN_ALS_S2TIMING_NM,2021-07-10,19.9961573689679
v3.2.3 iter,P1  (LAI=0.5),DYN_ALS_S2TIMING_NM,2021-07-11,24.8335020372435
v3.2.3 iter,P1  (LAI=0.5),DYN_ALS_S2TIMING_NM,2021-07-12,20.9137329868019
v3.2.3 iter,P1  (LAI=0.5),DYN_ALS_S2TIMING_NM,2021-07-13,18.2080938405244
v3.2.3 iter,P1  (LAI=0.5),DYN_ALS_S2TIMING_NM,2021-07-14,22.8270431743516
v3.2.3 iter,P1  (LAI=0.5),DYN_ALS_S2TIMING_NM,2021-07-15,25.0775503480512
v3.2.3 iter,P1  (LAI=0.5),DYN_ALS_S2TIMING_NM,2021-07-16,21.5176861427607
v3.2.3 iter,P1  (LAI=0.5),DYN_ALS_S2TIMING_NM,2021-07-17,23.4940864517203
v3.2.3 iter,P1  (LAI=0.5),DYN_ALS_S2TIMING_NM,2021-07-18,29.6160743695881
v3.2.3 iter,P1  (LAI=0.5),DYN_ALS_S2TIMING_NM,2021-07-19,30.8661537466762
v3.2.3 iter,P1  (LAI=0.5),DYN_ALS_S2TIMING_NM,2021-07-20,30.1020081019013
v3.2.3 iter,P1  (LAI=0.5),DYN_ALS_S2TIMING_NM,2021-07-21,30.4168428934242
v3.2.3 iter,P1  (LAI=0.5),DYN_ALS_S2TIMING_NM,2021-07-22,30.2432223563831
v3.2.3 iter,P1  (LAI=0.5),DYN_ALS_S2TIMING_NM,2021-07-23,31.9557888848643
v3.2.3 iter,P1  (LAI=0.5),DYN_ALS_S2TIMING_NM,2021-07-24,25.0737088607547
v3.2.3 iter,P1  (LAI=0.5),DYN_ALS_S2TIMING_NM,2021-07-25,24.625831098881
v3.2.3 iter,P1  (LAI=0.5),DYN_ALS_S2TIMING_NM,2021-07-26,24.7098138737828
v3.2.3 iter,P1  (LAI=0.5),DYN_ALS_S2TIMING_NM,2021-07-27,20.5248647013636
v3.2.3 iter,P1  (LAI=0.5),DYN_ALS_S2TIMING_NM,2021-07-28,23.0974579112013
v3.2.3 iter,P1  (LAI=0.5),DYN_ALS_S2TIMING_NM,2021-07-29,24.4674077652284
v3.2.3 iter,P1  (LAI=0.5),DYN_ALS_S2TIMING_NM,2021-07-30,23.7924917398889
v3.2.3 iter,P1  (LAI=0.5),DYN_ALS_S2TIMING_NM,2021-07-31,22.3265619263154
v3.2.3 iter,P1  (LAI=0.5),DYN_ALS_S2TIMING_NM,2021-08-01,22.2337506241736
v3.2.3 iter,P1  (LAI=0.5),DYN_ALS_S2TIMING_NM,2021-08-02,22.3710776523024
v3.2.3 iter,P1  (LAI=0.5),DYN_ALS_S2TIMING_NM,2021-08-03,18.7053060881847
v3.2.3 iter,P1  (LAI=0.5),DYN_ALS_S2TIMING_NM,2021-08-04,20.5734484233435
v3.2.3 iter,P1  (LAI=0.5),DYN_ALS_S2TIMING_NM,2021-08-05,21.6033194908325
v3.2.3 iter,P1  (LAI=0.5),DYN_ALS_S2TIMING_NM,2021-08-06,22.3595553101802
v3.2.3 iter,P1  (LAI=0.5),DYN_ALS_S2TIMING_NM,2021-08-07,21.7754087698672
v3.2.3 iter,P1  (LAI=0.5),DYN_ALS_S2TIMING_NM,2021-08-08,22.2752070600715
v3.2.3 iter,P1  (LAI=0.5),DYN_ALS_S2TIMING_NM,2021-08-09,23.0726000974416
v3.2.3 iter,P1  (LAI=0.5),DYN_ALS_S2TIMING_NM,2021-08-10,26.9855970289763
v3.2.3 iter,P1  (LAI=0.5),DYN_ALS_S2TIMING_NM,2021-08-11,28.9804221089969
v3.2.3 iter,P1  (LAI=0.5),DYN_ALS_S2TIMING_NM,2021-08-12,30.17516946914
v3.2.3 iter,P1  (LAI=0.5),DYN_ALS_S2TIMING_NM,2021-08-13,30.2736190449737
v3.2.3 iter,P1  (LAI=0.5),DYN_ALS_S2TIMING_NM,2021-08-14,32.4430805580778
v3.2.3 iter,P1  (LAI=0.5),DYN_ALS_S2TIMING_NM,2021-08-15,29.352465603178
v3.2.3 iter,P1  (LAI=0.5),DYN_ALS_S2TIMING_NM,2021-08-16,22.8931766286419
v3.2.3 iter,P1  (LAI=0.5),DYN_ALS_S2TIMING_NM,2021-08-17,19.5909732281162
v3.2.3 iter,P1  (LAI=0.5),DYN_ALS_S2TIMING_NM,2021-08-18,20.6967163996517
v3.2.3 iter,P1  (LAI=0.5),DYN_ALS_S2TIMING_NM,2021-08-19,20.2066612199209
v3.2.3 iter,P1  (LAI=0.5),DYN_ALS_S2TIMING_NM,2021-08-20,24.7573260153763
v3.2.3 iter,P1  (LAI=0.5),DYN_ALS_S2TIMING_NM,2021-08-21,25.4202932165182
v3.2.3 iter,P1  (LAI=0.5),DYN_ALS_S2TIMING_NM,2021-08-22,22.9641649246231
v3.2.3 iter,P1  (LAI=0.5),DYN_ALS_S2TIMING_NM,2021-08-23,23.326181780148
v3.2.3 iter,P1  (LAI=0.5),DYN_ALS_S2TIMING_NM,2021-08-24,25.7264183483567
v3.2.3 iter,P1  (LAI=0.5),DYN_ALS_S2TIMING_NM,2021-08-25,26.3061793843243
v3.2.3 iter,P1  (LAI=0.5),DYN_ALS_S2TIMING_NM,2021-08-26,23.9531445365856
v3.2.3 iter,P1  (LAI=0.5),DYN_ALS_S2TIMING_NM,2021-08-27,22.3377700091759
v3.2.3 iter,P1  (LAI=0.5),DYN_ALS_S2TIMING_NM,2021-08-28,22.0707333544556
v3.2.3 iter,P1  (LAI=0.5),DYN_ALS_S2TIMING_NM,2021-08-29,21.4245606379329
v3.2.3 iter,P1  (LAI=0.5),DYN_ALS_S2TIMING_NM,2021-08-30,22.5954834781802
v3.2.3 iter,P1  (LAI=0.5),DYN_ALS_S2TIMING_NM,2021-08-31,23.917684132097
v3.2.3 iter,P1  (LAI=0.5),DYN_ALS_S2TIMING_NM,2021-09-01,25.4902568493869
v3.2.3 iter,P1  (LAI=0.5),DYN_ALS_S2TIMING_NM,2021-09-02,27.9638152703063
v3.2.3 iter,P1  (LAI=0.5),DYN_ALS_S2TIMING_NM,2021-09-03,27.5794730866707
v3.2.3 iter,P1  (LAI=0.5),DYN_ALS_S2TIMING_NM,2021-09-04,26.6874168577855
v3.2.3 iter,P1  (LAI=0.5),DYN_ALS_S2TIMING_NM,2021-09-05,28.8705458108999
v3.2.3 iter,P1  (LAI=0.5),DYN_ALS_S2TIMING_NM,2021-09-06,31.5605280993358
v3.2.3 iter,P1  (LAI=0.5),DYN_ALS_S2TIMING_NM,2021-09-07,32.6527276324693
v3.2.3 iter,P1  (LAI=0.5),DYN_ALS_S2TIMING_NM,2021-09-08,28.7016234579741
v3.2.3 iter,P1  (LAI=0.5),DYN_ALS_S2TIMING_NM,2021-09-09,24.4341947206682
v3.2.3 iter,P1  (LAI=0.5),DYN_ALS_S2TIMING_NM,2021-09-10,24.4307895835523
v3.2.3 iter,P1  (LAI=0.5),DYN_ALS_S2TIMING_NM,2021-09-11,23.4748764890747
v3.2.3 iter,P1  (LAI=0.5),DYN_ALS_S2TIMING_NM,2021-09-12,25.3553814351908
v3.2.3 iter,P1  (LAI=0.5),DYN_ALS_S2TIMING_NM,2021-09-13,28.2683436482648
v3.2.3 iter,P1  (LAI=0.5),DYN_ALS_S2TIMING_NM,2021-09-14,27.8879177911143
v3.2.3 iter,P1  (LAI=0.5),DYN_ALS_S2TIMING_NM,2021-09-15,24.0499290535016
v3.2.3 iter,P1  (LAI=0.5),DYN_ALS_S2TIMING_NM,2021-09-16,23.0114351044953
v3.2.3 iter,P1  (LAI=0.5),DYN_ALS_S2TIMING_NM,2021-09-17,23.4705257006297
v3.2.3 iter,P1  (LAI=0.5),DYN_ALS_S2TIMING_NM,2021-09-18,21.7838777515183
v3.2.3 iter,P1  (LAI=0.5),DYN_ALS_S2TIMING_NM,2021-09-19,18.6160951502584
v3.2.3 iter,P1  (LAI=0.5),DYN_ALS_S2TIMING_NM,2021-09-20,18.90137633119
v3.2.3 iter,P1  (LAI=0.5),DYN_ALS_S2TIMING_NM,2021-09-21,19.172904240615
v3.2.3 iter,P1  (LAI=0.5),DYN_ALS_S2TIMING_NM,2021-09-22,21.9915119802896
v3.2.3 iter,P1  (LAI=0.5),DYN_ALS_S2TIMING_NM,2021-09-23,24.1822219674881
v3.2.3 iter,P1  (LAI=0.5),DYN_ALS_S2TIMING_NM,2021-09-24,24.4344009143482
v3.2.3 iter,P1  (LAI=0.5),DYN_ALS_S2TIMING_NM,2021-09-25,23.2867958936324
v3.2.3 iter,P1  (LAI=0.5),DYN_ALS_S2TIMING_NM,2021-09-26,22.0623767344972
v3.2.3 iter,P1  (LAI=0.5),DYN_ALS_S2TIMING_NM,2021-09-27,20.1981541369603
v3.2.3 iter,P1  (LAI=0.5),DYN_ALS_S2TIMING_NM,2021-09-28,19.3162151013401
v3.2.3 iter,P1  (LAI=0.5),DYN_ALS_S2TIMING_NM,2021-09-29,18.0904176142268
v3.2.3 iter,P1  (LAI=0.5),DYN_ALS_S2TIMING_NM,2021-09-30,19.0979319973867
v3.2.3 iter,P1  (LAI=0.5),DYN_ALSoOPT_S2TIMING_NM,2021-06-01,28.6678091427713
v3.2.3 iter,P1  (LAI=0.5),DYN_ALSoOPT_S2TIMING_NM,2021-06-02,24.4012237715873
v3.2.3 iter,P1  (LAI=0.5),DYN_ALSoOPT_S2TIMING_NM,2021-06-03,26.606801460828
v3.2.3 iter,P1  (LAI=0.5),DYN_ALSoOPT_S2TIMING_NM,2021-06-04,17.6692023500896
v3.2.3 iter,P1  (LAI=0.5),DYN_ALSoOPT_S2TIMING_NM,2021-06-05,21.6480546665746
v3.2.3 iter,P1  (LAI=0.5),DYN_ALSoOPT_S2TIMING_NM,2021-06-06,22.4214654794533
v3.2.3 iter,P1  (LAI=0.5),DYN_ALSoOPT_S2TIMING_NM,2021-06-07,23.6432211586322
v3.2.3 iter,P1  (LAI=0.5),DYN_ALSoOPT_S2TIMING_NM,2021-06-08,25.9222074272959
v3.2.3 iter,P1  (LAI=0.5),DYN_ALSoOPT_S2TIMING_NM,2021-06-09,27.5280189810512
v3.2.3 iter,P1  (LAI=0.5),DYN_ALSoOPT_S2TIMING_NM,2021-06-10,28.119858760216
v3.2.3 iter,P1  (LAI=0.5),DYN_ALSoOPT_S2TIMING_NM,2021-06-11,27.6705917012236
v3.2.3 iter,P1  (LAI=0.5),DYN_ALSoOPT_S2TIMING_NM,2021-06-12,27.5884654873525
v3.2.3 iter,P1  (LAI=0.5),DYN_ALSoOPT_S2TIMING_NM,2021-06-13,28.1226277513036
v3.2.3 iter,P1  (LAI=0.5),DYN_ALSoOPT_S2TIMING_NM,2021-06-14,30.3329893789736
v3.2.3 iter,P1  (LAI=0.5),DYN_ALSoOPT_S2TIMING_NM,2021-06-15,29.8615498704442
v3.2.3 iter,P1  (LAI=0.5),DYN_ALSoOPT_S2TIMING_NM,2021-06-16,32.212764841016
v3.2.3 iter,P1  (LAI=0.5),DYN_ALSoOPT_S2TIMING_NM,2021-06-17,26.5047285303562
v3.2.3 iter,P1  (LAI=0.5),DYN_ALSoOPT_S2TIMING_NM,2021-06-18,24.4962823796422
v3.2.3 iter,P1  (LAI=0.5),DYN_ALSoOPT_S2TIMING_NM,2021-06-19,24.270955302622
v3.2.3 iter,P1  (LAI=0.5),DYN_ALSoOPT_S2TIMING_NM,2021-06-20,23.1920168778333
v3.2.3 iter,P1  (LAI=0.5),DYN_ALSoOPT_S2TIMING_NM,2021-06-21,23.0981245516408
v3.2.3 iter,P1  (LAI=0.5),DYN_ALSoOPT_S2TIMING_NM,2021-06-22,20.9441451309779
v3.2.3 iter,P1  (LAI=0.5),DYN_ALSoOPT_S2TIMING_NM,2021-06-23,18.3304822401824
v3.2.3 iter,P1  (LAI=0.5),DYN_ALSoOPT_S2TIMING_NM,2021-06-24,22.2443707670885
v3.2.3 iter,P1  (LAI=0.5),DYN_ALSoOPT_S2TIMING_NM,2021-06-25,22.3588109750541
v3.2.3 iter,P1  (LAI=0.5),DYN_ALSoOPT_S2TIMING_NM,2021-06-26,24.3086646620163
v3.2.3 iter,P1  (LAI=0.5),DYN_ALSoOPT_S2TIMING_NM,2021-06-27,20.1181199914329
v3.2.3 iter,P1  (LAI=0.5),DYN_ALSoOPT_S2TIMING_NM,2021-06-28,21.864880770344
v3.2.3 iter,P1  (LAI=0.5),DYN_ALSoOPT_S2TIMING_NM,2021-06-29,19.3553100096995
v3.2.3 iter,P1  (LAI=0.5),DYN_ALSoOPT_S2TIMING_NM,2021-06-30,20.1637455020256
v3.2.3 iter,P1  (LAI=0.5),DYN_ALSoOPT_S2TIMING_NM,2021-07-01,25.1308956740257
v3.2.3 iter,P1  (LAI=0.5),DYN_ALSoOPT_S2TIMING_NM,2021-07-02,26.179278373046
v3.2.3 iter,P1  (LAI=0.5),DYN_ALSoOPT_S2TIMING_NM,2021-07-03,23.1590145185187
v3.2.3 iter,P1  (LAI=0.5),DYN_ALSoOPT_S2TIMING_NM,2021-07-04,21.0900146396829
v3.2.3 iter,P1  (LAI=0.5),DYN_ALSoOPT_S2TIMING_NM,2021-07-05,23.0971491133431
v3.2.3 iter,P1  (LAI=0.5),DYN_ALSoOPT_S2TIMING_NM,2021-07-06,21.9464188076018
v3.2.3 iter,P1  (LAI=0.5),DYN_ALSoOPT_S2TIMING_NM,2021-07-07,21.9083190686299
v3.2.3 iter,P1  (LAI=0.5),DYN_ALSoOPT_S2TIMING_NM,2021-07-08,21.3518852444034
v3.2.3 iter,P1  (LAI=0.5),DYN_ALSoOPT_S2TIMING_NM,2021-07-09,22.3139870557418
v3.2.3 iter,P1  (LAI=0.5),DYN_ALSoOPT_S2TIMING_NM,2021-07-10,19.9956700061009
v3.2.3 iter,P1  (LAI=0.5),DYN_ALSoOPT_S2TIMING_NM,2021-07-11,24.8378564992205
v3.2.3 iter,P1  (LAI=0.5),DYN_ALSoOPT_S2TIMING_NM,2021-07-12,20.9144829634234
v3.2.3 iter,P1  (LAI=0.5),DYN_ALSoOPT_S2TIMING_NM,2021-07-13,18.2040807134022
v3.2.3 iter,P1  (LAI=0.5),DYN_ALSoOPT_S2TIMING_NM,2021-07-14,22.8236119803748
v3.2.3 iter,P1  (LAI=0.5),DYN_ALSoOPT_S2TIMING_NM,2021-07-15,25.0770644283574
v3.2.3 iter,P1  (LAI=0.5),DYN_ALSoOPT_S2TIMING_NM,2021-07-16,21.5176719991509
v3.2.3 iter,P1  (LAI=0.5),DYN_ALSoOPT_S2TIMING_NM,2021-07-17,23.494363340282
v3.2.3 iter,P1  (LAI=0.5),DYN_ALSoOPT_S2TIMING_NM,2021-07-18,29.6178931174318
v3.2.3 iter,P1  (LAI=0.5),DYN_ALSoOPT_S2TIMING_NM,2021-07-19,30.8682776703012
v3.2.3 iter,P1  (LAI=0.5),DYN_ALSoOPT_S2TIMING_NM,2021-07-20,30.1054297441831
v3.2.3 iter,P1  (LAI=0.5),DYN_ALSoOPT_S2TIMING_NM,2021-07-21,30.4217289858634
v3.2.3 iter,P1  (LAI=0.5),DYN_ALSoOPT_S2TIMING_NM,2021-07-22,30.2481250851857
v3.2.3 iter,P1  (LAI=0.5),DYN_ALSoOPT_S2TIMING_NM,2021-07-23,31.9573640168733
v3.2.3 iter,P1  (LAI=0.5),DYN_ALSoOPT_S2TIMING_NM,2021-07-24,25.074230021139
v3.2.3 iter,P1  (LAI=0.5),DYN_ALSoOPT_S2TIMING_NM,2021-07-25,24.6264884731876
v3.2.3 iter,P1  (LAI=0.5),DYN_ALSoOPT_S2TIMING_NM,2021-07-26,24.7102130950522
v3.2.3 iter,P1  (LAI=0.5),DYN_ALSoOPT_S2TIMING_NM,2021-07-27,20.5236902337973
v3.2.3 iter,P1  (LAI=0.5),DYN_ALSoOPT_S2TIMING_NM,2021-07-28,23.0969402931513
v3.2.3 iter,P1  (LAI=0.5),DYN_ALSoOPT_S2TIMING_NM,2021-07-29,24.4671354685815
v3.2.3 iter,P1  (LAI=0.5),DYN_ALSoOPT_S2TIMING_NM,2021-07-30,23.7942795765618
v3.2.3 iter,P1  (LAI=0.5),DYN_ALSoOPT_S2TIMING_NM,2021-07-31,22.327266323366
v3.2.3 iter,P1  (LAI=0.5),DYN_ALSoOPT_S2TIMING_NM,2021-08-01,22.2343024333336
v3.2.3 iter,P1  (LAI=0.5),DYN_ALSoOPT_S2TIMING_NM,2021-08-02,22.3703918595788
v3.2.3 iter,P1  (LAI=0.5),DYN_ALSoOPT_S2TIMING_NM,2021-08-03,18.7078863323083
v3.2.3 iter,P1  (LAI=0.5),DYN_ALSoOPT_S2TIMING_NM,2021-08-04,20.5730234076084
v3.2.3 iter,P1  (LAI=0.5),DYN_ALSoOPT_S2TIMING_NM,2021-08-05,21.6041291906346
v3.2.3 iter,P1  (LAI=0.5),DYN_ALSoOPT_S2TIMING_NM,2021-08-06,22.358808875893
v3.2.3 iter,P1  (LAI=0.5),DYN_ALSoOPT_S2TIMING_NM,2021-08-07,21.7752116519863
v3.2.3 iter,P1  (LAI=0.5),DYN_ALSoOPT_S2TIMING_NM,2021-08-08,22.2759862422954
v3.2.3 iter,P1  (LAI=0.5),DYN_ALSoOPT_S2TIMING_NM,2021-08-09,23.0719450846913
v3.2.3 iter,P1  (LAI=0.5),DYN_ALSoOPT_S2TIMING_NM,2021-08-10,26.9855692665471
v3.2.3 iter,P1  (LAI=0.5),DYN_ALSoOPT_S2TIMING_NM,2021-08-11,29.0003164211928
v3.2.3 iter,P1  (LAI=0.5),DYN_ALSoOPT_S2TIMING_NM,2021-08-12,30.1757521894708
v3.2.3 iter,P1  (LAI=0.5),DYN_ALSoOPT_S2TIMING_NM,2021-08-13,30.2730561097479
v3.2.3 iter,P1  (LAI=0.5),DYN_ALSoOPT_S2TIMING_NM,2021-08-14,32.4494793041964
v3.2.3 iter,P1  (LAI=0.5),DYN_ALSoOPT_S2TIMING_NM,2021-08-15,29.3546040640054
v3.2.3 iter,P1  (LAI=0.5),DYN_ALSoOPT_S2TIMING_NM,2021-08-16,22.8933148105276
v3.2.3 iter,P1  (LAI=0.5),DYN_ALSoOPT_S2TIMING_NM,2021-08-17,19.5918286386867
v3.2.3 iter,P1  (LAI=0.5),DYN_ALSoOPT_S2TIMING_NM,2021-08-18,20.6964578530218
v3.2.3 iter,P1  (LAI=0.5),DYN_ALSoOPT_S2TIMING_NM,2021-08-19,20.2063874801007
v3.2.3 iter,P1  (LAI=0.5),DYN_ALSoOPT_S2TIMING_NM,2021-08-20,24.7553897891349
v3.2.3 iter,P1  (LAI=0.5),DYN_ALSoOPT_S2TIMING_NM,2021-08-21,25.4208303572783
v3.2.3 iter,P1  (LAI=0.5),DYN_ALSoOPT_S2TIMING_NM,2021-08-22,22.9651285242913
v3.2.3 iter,P1  (LAI=0.5),DYN_ALSoOPT_S2TIMING_NM,2021-08-23,23.3257097416688
v3.2.3 iter,P1  (LAI=0.5),DYN_ALSoOPT_S2TIMING_NM,2021-08-24,25.7281441002928
v3.2.3 iter,P1  (LAI=0.5),DYN_ALSoOPT_S2TIMING_NM,2021-08-25,26.3081799256611
v3.2.3 iter,P1  (LAI=0.5),DYN_ALSoOPT_S2TIMING_NM,2021-08-26,23.9546106923113
v3.2.3 iter,P1  (LAI=0.5),DYN_ALSoOPT_S2TIMING_NM,2021-08-27,22.3364586716995
v3.2.3 iter,P1  (LAI=0.5),DYN_ALSoOPT_S2TIMING_NM,2021-08-28,22.0691012544149
v3.2.3 iter,P1  (LAI=0.5),DYN_ALSoOPT_S2TIMING_NM,2021-08-29,21.4259364217023
v3.2.3 iter,P1  (LAI=0.5),DYN_ALSoOPT_S2TIMING_NM,2021-08-30,22.5940043596229
v3.2.3 iter,P1  (LAI=0.5),DYN_ALSoOPT_S2TIMING_NM,2021-08-31,23.9168612070682
v3.2.3 iter,P1  (LAI=0.5),DYN_ALSoOPT_S2TIMING_NM,2021-09-01,25.4899835031595
v3.2.3 iter,P1  (LAI=0.5),DYN_ALSoOPT_S2TIMING_NM,2021-09-02,27.9637868518893
v3.2.3 iter,P1  (LAI=0.5),DYN_ALSoOPT_S2TIMING_NM,2021-09-03,27.5849408498601
v3.2.3 iter,P1  (LAI=0.5),DYN_ALSoOPT_S2TIMING_NM,2021-09-04,26.6883505958636
v3.2.3 iter,P1  (LAI=0.5),DYN_ALSoOPT_S2TIMING_NM,2021-09-05,28.867647559361
v3.2.3 iter,P1  (LAI=0.5),DYN_ALSoOPT_S2TIMING_NM,2021-09-06,31.5617824687805
v3.2.3 iter,P1  (LAI=0.5),DYN_ALSoOPT_S2TIMING_NM,2021-09-07,32.653706425328
v3.2.3 iter,P1  (LAI=0.5),DYN_ALSoOPT_S2TIMING_NM,2021-09-08,28.7030610640851
v3.2.3 iter,P1  (LAI=0.5),DYN_ALSoOPT_S2TIMING_NM,2021-09-09,24.4344408292567
v3.2.3 iter,P1  (LAI=0.5),DYN_ALSoOPT_S2TIMING_NM,2021-09-10,24.4286246722713
v3.2.3 iter,P1  (LAI=0.5),DYN_ALSoOPT_S2TIMING_NM,2021-09-11,23.4754430978323
v3.2.3 iter,P1  (LAI=0.5),DYN_ALSoOPT_S2TIMING_NM,2021-09-12,25.3590008513414
v3.2.3 iter,P1  (LAI=0.5),DYN_ALSoOPT_S2TIMING_NM,2021-09-13,28.2755213142123
v3.2.3 iter,P1  (LAI=0.5),DYN_ALSoOPT_S2TIMING_NM,2021-09-14,27.8844097128032
v3.2.3 iter,P1  (LAI=0.5),DYN_ALSoOPT_S2TIMING_NM,2021-09-15,24.0501442509193
v3.2.3 iter,P1  (LAI=0.5),DYN_ALSoOPT_S2TIMING_NM,2021-09-16,23.0111620206629
v3.2.3 iter,P1  (LAI=0.5),DYN_ALSoOPT_S2TIMING_NM,2021-09-17,23.4719255990239
v3.2.3 iter,P1  (LAI=0.5),DYN_ALSoOPT_S2TIMING_NM,2021-09-18,21.7841539840922
v3.2.3 iter,P1  (LAI=0.5),DYN_ALSoOPT_S2TIMING_NM,2021-09-19,18.61444772583
v3.2.3 iter,P1  (LAI=0.5),DYN_ALSoOPT_S2TIMING_NM,2021-09-20,18.9020791538699
v3.2.3 iter,P1  (LAI=0.5),DYN_ALSoOPT_S2TIMING_NM,2021-09-21,19.1744925978508
v3.2.3 iter,P1  (LAI=0.5),DYN_ALSoOPT_S2TIMING_NM,2021-09-22,21.9908576235271
v3.2.3 iter,P1  (LAI=0.5),DYN_ALSoOPT_S2TIMING_NM,2021-09-23,24.1835208669231
v3.2.3 iter,P1  (LAI=0.5),DYN_ALSoOPT_S2TIMING_NM,2021-09-24,24.4419869596673
v3.2.3 iter,P1  (LAI=0.5),DYN_ALSoOPT_S2TIMING_NM,2021-09-25,23.285393790607
v3.2.3 iter,P1  (LAI=0.5),DYN_ALSoOPT_S2TIMING_NM,2021-09-26,22.0606073709538
v3.2.3 iter,P1  (LAI=0.5),DYN_ALSoOPT_S2TIMING_NM,2021-09-27,20.1978036440033
v3.2.3 iter,P1  (LAI=0.5),DYN_ALSoOPT_S2TIMING_NM,2021-09-28,19.3162465373011
v3.2.3 iter,P1  (LAI=0.5),DYN_ALSoOPT_S2TIMING_NM,2021-09-29,18.0911049813212
v3.2.3 iter,P1  (LAI=0.5),DYN_ALSoOPT_S2TIMING_NM,2021-09-30,19.0996129569373
v3.2.3 iter,P2  (LAI=3.4),STATIC_ALS,2021-06-01,28.7582599004106
v3.2.3 iter,P2  (LAI=3.4),STATIC_ALS,2021-06-02,24.4235567291681
v3.2.3 iter,P2  (LAI=3.4),STATIC_ALS,2021-06-03,26.6542493536817
v3.2.3 iter,P2  (LAI=3.4),STATIC_ALS,2021-06-04,17.5786345649297
v3.2.3 iter,P2  (LAI=3.4),STATIC_ALS,2021-06-05,21.8203465798093
v3.2.3 iter,P2  (LAI=3.4),STATIC_ALS,2021-06-06,22.4662169754437
v3.2.3 iter,P2  (LAI=3.4),STATIC_ALS,2021-06-07,23.4948018137949
v3.2.3 iter,P2  (LAI=3.4),STATIC_ALS,2021-06-08,26.0293814232314
v3.2.3 iter,P2  (LAI=3.4),STATIC_ALS,2021-06-09,27.9316269646106
v3.2.3 iter,P2  (LAI=3.4),STATIC_ALS,2021-06-10,28.4862402522039
v3.2.3 iter,P2  (LAI=3.4),STATIC_ALS,2021-06-11,27.9351440611918
v3.2.3 iter,P2  (LAI=3.4),STATIC_ALS,2021-06-12,27.6665993070756
v3.2.3 iter,P2  (LAI=3.4),STATIC_ALS,2021-06-13,28.4199606545681
v3.2.3 iter,P2  (LAI=3.4),STATIC_ALS,2021-06-14,30.9016623152874
v3.2.3 iter,P2  (LAI=3.4),STATIC_ALS,2021-06-15,30.3266275497111
v3.2.3 iter,P2  (LAI=3.4),STATIC_ALS,2021-06-16,32.5215307997414
v3.2.3 iter,P2  (LAI=3.4),STATIC_ALS,2021-06-17,27.1753230676351
v3.2.3 iter,P2  (LAI=3.4),STATIC_ALS,2021-06-18,24.5778601409398
v3.2.3 iter,P2  (LAI=3.4),STATIC_ALS,2021-06-19,23.2473288385428
v3.2.3 iter,P2  (LAI=3.4),STATIC_ALS,2021-06-20,22.84468716696
v3.2.3 iter,P2  (LAI=3.4),STATIC_ALS,2021-06-21,23.6320162141351
v3.2.3 iter,P2  (LAI=3.4),STATIC_ALS,2021-06-22,21.6245572480577
v3.2.3 iter,P2  (LAI=3.4),STATIC_ALS,2021-06-23,18.3761657201939
v3.2.3 iter,P2  (LAI=3.4),STATIC_ALS,2021-06-24,22.4847940351128
v3.2.3 iter,P2  (LAI=3.4),STATIC_ALS,2021-06-25,22.2624053054168
v3.2.3 iter,P2  (LAI=3.4),STATIC_ALS,2021-06-26,24.1992848705406
v3.2.3 iter,P2  (LAI=3.4),STATIC_ALS,2021-06-27,19.302337515059
v3.2.3 iter,P2  (LAI=3.4),STATIC_ALS,2021-06-28,22.3101760318464
v3.2.3 iter,P2  (LAI=3.4),STATIC_ALS,2021-06-29,19.676225133276
v3.2.3 iter,P2  (LAI=3.4),STATIC_ALS,2021-06-30,20.0793559212426
v3.2.3 iter,P2  (LAI=3.4),STATIC_ALS,2021-07-01,25.3213854988352
v3.2.3 iter,P2  (LAI=3.4),STATIC_ALS,2021-07-02,25.995184580372
v3.2.3 iter,P2  (LAI=3.4),STATIC_ALS,2021-07-03,22.7698699212784
v3.2.3 iter,P2  (LAI=3.4),STATIC_ALS,2021-07-04,20.9726482576179
v3.2.3 iter,P2  (LAI=3.4),STATIC_ALS,2021-07-05,22.9244741299708
v3.2.3 iter,P2  (LAI=3.4),STATIC_ALS,2021-07-06,21.9665159969819
v3.2.3 iter,P2  (LAI=3.4),STATIC_ALS,2021-07-07,22.0921829852095
v3.2.3 iter,P2  (LAI=3.4),STATIC_ALS,2021-07-08,21.288335931382
v3.2.3 iter,P2  (LAI=3.4),STATIC_ALS,2021-07-09,22.2788668547415
v3.2.3 iter,P2  (LAI=3.4),STATIC_ALS,2021-07-10,19.6425249174515
v3.2.3 iter,P2  (LAI=3.4),STATIC_ALS,2021-07-11,24.9633936573811
v3.2.3 iter,P2  (LAI=3.4),STATIC_ALS,2021-07-12,20.9233834547837
v3.2.3 iter,P2  (LAI=3.4),STATIC_ALS,2021-07-13,17.7879647376412
v3.2.3 iter,P2  (LAI=3.4),STATIC_ALS,2021-07-14,22.4475114067668
v3.2.3 iter,P2  (LAI=3.4),STATIC_ALS,2021-07-15,24.9511375141169
v3.2.3 iter,P2  (LAI=3.4),STATIC_ALS,2021-07-16,21.4801586757734
v3.2.3 iter,P2  (LAI=3.4),STATIC_ALS,2021-07-17,23.5114069536521
v3.2.3 iter,P2  (LAI=3.4),STATIC_ALS,2021-07-18,29.6770178588806
v3.2.3 iter,P2  (LAI=3.4),STATIC_ALS,2021-07-19,30.9622838048535
v3.2.3 iter,P2  (LAI=3.4),STATIC_ALS,2021-07-20,30.3540746088423
v3.2.3 iter,P2  (LAI=3.4),STATIC_ALS,2021-07-21,30.6862668079253
v3.2.3 iter,P2  (LAI=3.4),STATIC_ALS,2021-07-22,30.7189024060193
v3.2.3 iter,P2  (LAI=3.4),STATIC_ALS,2021-07-23,31.8044058737399
v3.2.3 iter,P2  (LAI=3.4),STATIC_ALS,2021-07-24,25.2759815122358
v3.2.3 iter,P2  (LAI=3.4),STATIC_ALS,2021-07-25,24.544867145706
v3.2.3 iter,P2  (LAI=3.4),STATIC_ALS,2021-07-26,24.760073494248
v3.2.3 iter,P2  (LAI=3.4),STATIC_ALS,2021-07-27,19.8484788881137
v3.2.3 iter,P2  (LAI=3.4),STATIC_ALS,2021-07-28,23.0268128293432
v3.2.3 iter,P2  (LAI=3.4),STATIC_ALS,2021-07-29,24.627504331962
v3.2.3 iter,P2  (LAI=3.4),STATIC_ALS,2021-07-30,24.0411841662767
v3.2.3 iter,P2  (LAI=3.4),STATIC_ALS,2021-07-31,22.5630611053075
v3.2.3 iter,P2  (LAI=3.4),STATIC_ALS,2021-08-01,22.4577832698794
v3.2.3 iter,P2  (LAI=3.4),STATIC_ALS,2021-08-02,22.28142785531
v3.2.3 iter,P2  (LAI=3.4),STATIC_ALS,2021-08-03,18.8982935902585
v3.2.3 iter,P2  (LAI=3.4),STATIC_ALS,2021-08-04,19.9477192426917
v3.2.3 iter,P2  (LAI=3.4),STATIC_ALS,2021-08-05,21.5903428182722
v3.2.3 iter,P2  (LAI=3.4),STATIC_ALS,2021-08-06,22.2769490465625
v3.2.3 iter,P2  (LAI=3.4),STATIC_ALS,2021-08-07,21.7438111534264
v3.2.3 iter,P2  (LAI=3.4),STATIC_ALS,2021-08-08,22.2825216398415
v3.2.3 iter,P2  (LAI=3.4),STATIC_ALS,2021-08-09,22.9142440531896
v3.2.3 iter,P2  (LAI=3.4),STATIC_ALS,2021-08-10,27.4510485026128
v3.2.3 iter,P2  (LAI=3.4),STATIC_ALS,2021-08-11,29.5532513525043
v3.2.3 iter,P2  (LAI=3.4),STATIC_ALS,2021-08-12,30.2958057346459
v3.2.3 iter,P2  (LAI=3.4),STATIC_ALS,2021-08-13,30.4038299839523
v3.2.3 iter,P2  (LAI=3.4),STATIC_ALS,2021-08-14,32.8354601921481
v3.2.3 iter,P2  (LAI=3.4),STATIC_ALS,2021-08-15,29.483028617264
v3.2.3 iter,P2  (LAI=3.4),STATIC_ALS,2021-08-16,22.9365913292
v3.2.3 iter,P2  (LAI=3.4),STATIC_ALS,2021-08-17,19.7123775280913
v3.2.3 iter,P2  (LAI=3.4),STATIC_ALS,2021-08-18,20.6811103054707
v3.2.3 iter,P2  (LAI=3.4),STATIC_ALS,2021-08-19,20.164661364492
v3.2.3 iter,P2  (LAI=3.4),STATIC_ALS,2021-08-20,24.4219231132321
v3.2.3 iter,P2  (LAI=3.4),STATIC_ALS,2021-08-21,25.3995567369191
v3.2.3 iter,P2  (LAI=3.4),STATIC_ALS,2021-08-22,23.1094610853845
v3.2.3 iter,P2  (LAI=3.4),STATIC_ALS,2021-08-23,23.2399273288568
v3.2.3 iter,P2  (LAI=3.4),STATIC_ALS,2021-08-24,25.7864964174257
v3.2.3 iter,P2  (LAI=3.4),STATIC_ALS,2021-08-25,26.375715217759
v3.2.3 iter,P2  (LAI=3.4),STATIC_ALS,2021-08-26,24.0598027488633
v3.2.3 iter,P2  (LAI=3.4),STATIC_ALS,2021-08-27,22.1021032411197
v3.2.3 iter,P2  (LAI=3.4),STATIC_ALS,2021-08-28,21.7887064091038
v3.2.3 iter,P2  (LAI=3.4),STATIC_ALS,2021-08-29,21.37083486303
v3.2.3 iter,P2  (LAI=3.4),STATIC_ALS,2021-08-30,22.3360881180446
v3.2.3 iter,P2  (LAI=3.4),STATIC_ALS,2021-08-31,23.6901049170929
v3.2.3 iter,P2  (LAI=3.4),STATIC_ALS,2021-09-01,25.4387176291004
v3.2.3 iter,P2  (LAI=3.4),STATIC_ALS,2021-09-02,27.8653312163099
v3.2.3 iter,P2  (LAI=3.4),STATIC_ALS,2021-09-03,27.7191663797813
v3.2.3 iter,P2  (LAI=3.4),STATIC_ALS,2021-09-04,26.7939512512412
v3.2.3 iter,P2  (LAI=3.4),STATIC_ALS,2021-09-05,28.4941631880497
v3.2.3 iter,P2  (LAI=3.4),STATIC_ALS,2021-09-06,31.4698097095085
v3.2.3 iter,P2  (LAI=3.4),STATIC_ALS,2021-09-07,32.5308989619837
v3.2.3 iter,P2  (LAI=3.4),STATIC_ALS,2021-09-08,28.5257892482945
v3.2.3 iter,P2  (LAI=3.4),STATIC_ALS,2021-09-09,24.5191901397366
v3.2.3 iter,P2  (LAI=3.4),STATIC_ALS,2021-09-10,24.2796821837062
v3.2.3 iter,P2  (LAI=3.4),STATIC_ALS,2021-09-11,23.5693293169334
v3.2.3 iter,P2  (LAI=3.4),STATIC_ALS,2021-09-12,25.5984373511963
v3.2.3 iter,P2  (LAI=3.4),STATIC_ALS,2021-09-13,28.550628263047
v3.2.3 iter,P2  (LAI=3.4),STATIC_ALS,2021-09-14,27.218460631898
v3.2.3 iter,P2  (LAI=3.4),STATIC_ALS,2021-09-15,24.0074437825348
v3.2.3 iter,P2  (LAI=3.4),STATIC_ALS,2021-09-16,23.0567605559058
v3.2.3 iter,P2  (LAI=3.4),STATIC_ALS,2021-09-17,23.5105594354339
v3.2.3 iter,P2  (LAI=3.4),STATIC_ALS,2021-09-18,21.5991441556277
v3.2.3 iter,P2  (LAI=3.4),STATIC_ALS,2021-09-19,18.1435927818641
v3.2.3 iter,P2  (LAI=3.4),STATIC_ALS,2021-09-20,18.910318771556
v3.2.3 iter,P2  (LAI=3.4),STATIC_ALS,2021-09-21,19.4530557706781
v3.2.3 iter,P2  (LAI=3.4),STATIC_ALS,2021-09-22,21.9886861073909
v3.2.3 iter,P2  (LAI=3.4),STATIC_ALS,2021-09-23,24.1937397695718
v3.2.3 iter,P2  (LAI=3.4),STATIC_ALS,2021-09-24,24.5268094691772
v3.2.3 iter,P2  (LAI=3.4),STATIC_ALS,2021-09-25,23.0234474196654
v3.2.3 iter,P2  (LAI=3.4),STATIC_ALS,2021-09-26,21.8081466906816
v3.2.3 iter,P2  (LAI=3.4),STATIC_ALS,2021-09-27,20.2276143121057
v3.2.3 iter,P2  (LAI=3.4),STATIC_ALS,2021-09-28,19.40074060007
v3.2.3 iter,P2  (LAI=3.4),STATIC_ALS,2021-09-29,18.2703558596489
v3.2.3 iter,P2  (LAI=3.4),STATIC_ALS,2021-09-30,19.3966309434514
v3.2.3 iter,P2  (LAI=3.4),STATIC_ALS_DOPT,2021-06-01,28.8048054551474
v3.2.3 iter,P2  (LAI=3.4),STATIC_ALS_DOPT,2021-06-02,24.6293509165562
v3.2.3 iter,P2  (LAI=3.4),STATIC_ALS_DOPT,2021-06-03,26.7954998498069
v3.2.3 iter,P2  (LAI=3.4),STATIC_ALS_DOPT,2021-06-04,17.8650869495316
v3.2.3 iter,P2  (LAI=3.4),STATIC_ALS_DOPT,2021-06-05,21.9403997502925
v3.2.3 iter,P2  (LAI=3.4),STATIC_ALS_DOPT,2021-06-06,22.6075556641372
v3.2.3 iter,P2  (LAI=3.4),STATIC_ALS_DOPT,2021-06-07,23.7090362449267
v3.2.3 iter,P2  (LAI=3.4),STATIC_ALS_DOPT,2021-06-08,26.1663833032955
v3.2.3 iter,P2  (LAI=3.4),STATIC_ALS_DOPT,2021-06-09,27.9863916279857
v3.2.3 iter,P2  (LAI=3.4),STATIC_ALS_DOPT,2021-06-10,28.5993045763981
v3.2.3 iter,P2  (LAI=3.4),STATIC_ALS_DOPT,2021-06-11,27.9368421523035
v3.2.3 iter,P2  (LAI=3.4),STATIC_ALS_DOPT,2021-06-12,27.7929054871376
v3.2.3 iter,P2  (LAI=3.4),STATIC_ALS_DOPT,2021-06-13,28.4146692352254
v3.2.3 iter,P2  (LAI=3.4),STATIC_ALS_DOPT,2021-06-14,30.7018615509457
v3.2.3 iter,P2  (LAI=3.4),STATIC_ALS_DOPT,2021-06-15,30.2511033762602
v3.2.3 iter,P2  (LAI=3.4),STATIC_ALS_DOPT,2021-06-16,32.3835658062108
v3.2.3 iter,P2  (LAI=3.4),STATIC_ALS_DOPT,2021-06-17,27.1348446438925
v3.2.3 iter,P2  (LAI=3.4),STATIC_ALS_DOPT,2021-06-18,24.7092007699592
v3.2.3 iter,P2  (LAI=3.4),STATIC_ALS_DOPT,2021-06-19,24.348701484665
v3.2.3 iter,P2  (LAI=3.4),STATIC_ALS_DOPT,2021-06-20,23.3471933650609
v3.2.3 iter,P2  (LAI=3.4),STATIC_ALS_DOPT,2021-06-21,23.7515214343967
v3.2.3 iter,P2  (LAI=3.4),STATIC_ALS_DOPT,2021-06-22,21.655079717871
v3.2.3 iter,P2  (LAI=3.4),STATIC_ALS_DOPT,2021-06-23,18.4952832163366
v3.2.3 iter,P2  (LAI=3.4),STATIC_ALS_DOPT,2021-06-24,22.5363134548484
v3.2.3 iter,P2  (LAI=3.4),STATIC_ALS_DOPT,2021-06-25,22.4258217825045
v3.2.3 iter,P2  (LAI=3.4),STATIC_ALS_DOPT,2021-06-26,24.4094295622673
v3.2.3 iter,P2  (LAI=3.4),STATIC_ALS_DOPT,2021-06-27,20.1259493703312
v3.2.3 iter,P2  (LAI=3.4),STATIC_ALS_DOPT,2021-06-28,22.3875563448927
v3.2.3 iter,P2  (LAI=3.4),STATIC_ALS_DOPT,2021-06-29,19.8417355976727
v3.2.3 iter,P2  (LAI=3.4),STATIC_ALS_DOPT,2021-06-30,20.2203443703261
v3.2.3 iter,P2  (LAI=3.4),STATIC_ALS_DOPT,2021-07-01,25.3478242167413
v3.2.3 iter,P2  (LAI=3.4),STATIC_ALS_DOPT,2021-07-02,26.2447585995713
v3.2.3 iter,P2  (LAI=3.4),STATIC_ALS_DOPT,2021-07-03,23.337138817244
v3.2.3 iter,P2  (LAI=3.4),STATIC_ALS_DOPT,2021-07-04,21.1609112615168
v3.2.3 iter,P2  (LAI=3.4),STATIC_ALS_DOPT,2021-07-05,23.114535095501
v3.2.3 iter,P2  (LAI=3.4),STATIC_ALS_DOPT,2021-07-06,22.0678522123278
v3.2.3 iter,P2  (LAI=3.4),STATIC_ALS_DOPT,2021-07-07,22.1949738586922
v3.2.3 iter,P2  (LAI=3.4),STATIC_ALS_DOPT,2021-07-08,21.547491601348
v3.2.3 iter,P2  (LAI=3.4),STATIC_ALS_DOPT,2021-07-09,22.4204813562626
v3.2.3 iter,P2  (LAI=3.4),STATIC_ALS_DOPT,2021-07-10,20.0572912414301
v3.2.3 iter,P2  (LAI=3.4),STATIC_ALS_DOPT,2021-07-11,25.0462148136472
v3.2.3 iter,P2  (LAI=3.4),STATIC_ALS_DOPT,2021-07-12,21.0845287046614
v3.2.3 iter,P2  (LAI=3.4),STATIC_ALS_DOPT,2021-07-13,18.2076625027136
v3.2.3 iter,P2  (LAI=3.4),STATIC_ALS_DOPT,2021-07-14,22.8580095828149
v3.2.3 iter,P2  (LAI=3.4),STATIC_ALS_DOPT,2021-07-15,25.1485945511091
v3.2.3 iter,P2  (LAI=3.4),STATIC_ALS_DOPT,2021-07-16,21.6015926647385
v3.2.3 iter,P2  (LAI=3.4),STATIC_ALS_DOPT,2021-07-17,23.6290202410385
v3.2.3 iter,P2  (LAI=3.4),STATIC_ALS_DOPT,2021-07-18,29.7679448854929
v3.2.3 iter,P2  (LAI=3.4),STATIC_ALS_DOPT,2021-07-19,31.0192536298486
v3.2.3 iter,P2  (LAI=3.4),STATIC_ALS_DOPT,2021-07-20,30.3284366273503
v3.2.3 iter,P2  (LAI=3.4),STATIC_ALS_DOPT,2021-07-21,30.6510583799741
v3.2.3 iter,P2  (LAI=3.4),STATIC_ALS_DOPT,2021-07-22,30.5378733642442
v3.2.3 iter,P2  (LAI=3.4),STATIC_ALS_DOPT,2021-07-23,32.0194402986746
v3.2.3 iter,P2  (LAI=3.4),STATIC_ALS_DOPT,2021-07-24,25.3247725436247
v3.2.3 iter,P2  (LAI=3.4),STATIC_ALS_DOPT,2021-07-25,24.737721145727
v3.2.3 iter,P2  (LAI=3.4),STATIC_ALS_DOPT,2021-07-26,24.886216235233
v3.2.3 iter,P2  (LAI=3.4),STATIC_ALS_DOPT,2021-07-27,20.5818218883881
v3.2.3 iter,P2  (LAI=3.4),STATIC_ALS_DOPT,2021-07-28,23.1621098250714
v3.2.3 iter,P2  (LAI=3.4),STATIC_ALS_DOPT,2021-07-29,24.6952351070461
v3.2.3 iter,P2  (LAI=3.4),STATIC_ALS_DOPT,2021-07-30,24.0303279641659
v3.2.3 iter,P2  (LAI=3.4),STATIC_ALS_DOPT,2021-07-31,22.6125693747472
v3.2.3 iter,P2  (LAI=3.4),STATIC_ALS_DOPT,2021-08-01,22.5342438112438
v3.2.3 iter,P2  (LAI=3.4),STATIC_ALS_DOPT,2021-08-02,22.5276555272802
v3.2.3 iter,P2  (LAI=3.4),STATIC_ALS_DOPT,2021-08-03,18.8911477589955
v3.2.3 iter,P2  (LAI=3.4),STATIC_ALS_DOPT,2021-08-04,20.6572199040797
v3.2.3 iter,P2  (LAI=3.4),STATIC_ALS_DOPT,2021-08-05,21.6941141188797
v3.2.3 iter,P2  (LAI=3.4),STATIC_ALS_DOPT,2021-08-06,22.4210113762135
v3.2.3 iter,P2  (LAI=3.4),STATIC_ALS_DOPT,2021-08-07,21.8816980628868
v3.2.3 iter,P2  (LAI=3.4),STATIC_ALS_DOPT,2021-08-08,22.3889125688485
v3.2.3 iter,P2  (LAI=3.4),STATIC_ALS_DOPT,2021-08-09,23.1148280805032
v3.2.3 iter,P2  (LAI=3.4),STATIC_ALS_DOPT,2021-08-10,27.1436336293546
v3.2.3 iter,P2  (LAI=3.4),STATIC_ALS_DOPT,2021-08-11,29.395804973453
v3.2.3 iter,P2  (LAI=3.4),STATIC_ALS_DOPT,2021-08-12,30.3429853358917
v3.2.3 iter,P2  (LAI=3.4),STATIC_ALS_DOPT,2021-08-13,30.4304546336269
v3.2.3 iter,P2  (LAI=3.4),STATIC_ALS_DOPT,2021-08-14,32.6854297191035
v3.2.3 iter,P2  (LAI=3.4),STATIC_ALS_DOPT,2021-08-15,29.5095954266109
v3.2.3 iter,P2  (LAI=3.4),STATIC_ALS_DOPT,2021-08-16,23.0000237260432
v3.2.3 iter,P2  (LAI=3.4),STATIC_ALS_DOPT,2021-08-17,19.7434225478737
v3.2.3 iter,P2  (LAI=3.4),STATIC_ALS_DOPT,2021-08-18,20.7872986658085
v3.2.3 iter,P2  (LAI=3.4),STATIC_ALS_DOPT,2021-08-19,20.2676673855823
v3.2.3 iter,P2  (LAI=3.4),STATIC_ALS_DOPT,2021-08-20,24.7323012258227
v3.2.3 iter,P2  (LAI=3.4),STATIC_ALS_DOPT,2021-08-21,25.5525949450108
v3.2.3 iter,P2  (LAI=3.4),STATIC_ALS_DOPT,2021-08-22,23.1490752390393
v3.2.3 iter,P2  (LAI=3.4),STATIC_ALS_DOPT,2021-08-23,23.3767001372283
v3.2.3 iter,P2  (LAI=3.4),STATIC_ALS_DOPT,2021-08-24,25.8499683936509
v3.2.3 iter,P2  (LAI=3.4),STATIC_ALS_DOPT,2021-08-25,26.442741563514
v3.2.3 iter,P2  (LAI=3.4),STATIC_ALS_DOPT,2021-08-26,24.1490764595173
v3.2.3 iter,P2  (LAI=3.4),STATIC_ALS_DOPT,2021-08-27,22.3214022534429
v3.2.3 iter,P2  (LAI=3.4),STATIC_ALS_DOPT,2021-08-28,22.0419296140645
v3.2.3 iter,P2  (LAI=3.4),STATIC_ALS_DOPT,2021-08-29,21.4893322241564
v3.2.3 iter,P2  (LAI=3.4),STATIC_ALS_DOPT,2021-08-30,22.5773438335134
v3.2.3 iter,P2  (LAI=3.4),STATIC_ALS_DOPT,2021-08-31,23.908488802824
v3.2.3 iter,P2  (LAI=3.4),STATIC_ALS_DOPT,2021-09-01,25.5762631085254
v3.2.3 iter,P2  (LAI=3.4),STATIC_ALS_DOPT,2021-09-02,28.0278794872779
v3.2.3 iter,P2  (LAI=3.4),STATIC_ALS_DOPT,2021-09-03,27.7765329837379
v3.2.3 iter,P2  (LAI=3.4),STATIC_ALS_DOPT,2021-09-04,26.8877047907447
v3.2.3 iter,P2  (LAI=3.4),STATIC_ALS_DOPT,2021-09-05,28.8576288592573
v3.2.3 iter,P2  (LAI=3.4),STATIC_ALS_DOPT,2021-09-06,31.6220618843279
v3.2.3 iter,P2  (LAI=3.4),STATIC_ALS_DOPT,2021-09-07,32.7028480342373
v3.2.3 iter,P2  (LAI=3.4),STATIC_ALS_DOPT,2021-09-08,28.7508304794397
v3.2.3 iter,P2  (LAI=3.4),STATIC_ALS_DOPT,2021-09-09,24.5658645397872
v3.2.3 iter,P2  (LAI=3.4),STATIC_ALS_DOPT,2021-09-10,24.4978537341296
v3.2.3 iter,P2  (LAI=3.4),STATIC_ALS_DOPT,2021-09-11,23.6584555233918
v3.2.3 iter,P2  (LAI=3.4),STATIC_ALS_DOPT,2021-09-12,25.6504022261176
v3.2.3 iter,P2  (LAI=3.4),STATIC_ALS_DOPT,2021-09-13,28.4809703236737
v3.2.3 iter,P2  (LAI=3.4),STATIC_ALS_DOPT,2021-09-14,27.7954754052108
v3.2.3 iter,P2  (LAI=3.4),STATIC_ALS_DOPT,2021-09-15,24.1424632601293
v3.2.3 iter,P2  (LAI=3.4),STATIC_ALS_DOPT,2021-09-16,23.1703745524429
v3.2.3 iter,P2  (LAI=3.4),STATIC_ALS_DOPT,2021-09-17,23.6311494484997
v3.2.3 iter,P2  (LAI=3.4),STATIC_ALS_DOPT,2021-09-18,21.7900895788341
v3.2.3 iter,P2  (LAI=3.4),STATIC_ALS_DOPT,2021-09-19,18.5703186531169
v3.2.3 iter,P2  (LAI=3.4),STATIC_ALS_DOPT,2021-09-20,18.9757864158008
v3.2.3 iter,P2  (LAI=3.4),STATIC_ALS_DOPT,2021-09-21,19.4226374506835
v3.2.3 iter,P2  (LAI=3.4),STATIC_ALS_DOPT,2021-09-22,22.1045467660195
v3.2.3 iter,P2  (LAI=3.4),STATIC_ALS_DOPT,2021-09-23,24.2683355284344
v3.2.3 iter,P2  (LAI=3.4),STATIC_ALS_DOPT,2021-09-24,24.5330062386195
v3.2.3 iter,P2  (LAI=3.4),STATIC_ALS_DOPT,2021-09-25,23.2773188670801
v3.2.3 iter,P2  (LAI=3.4),STATIC_ALS_DOPT,2021-09-26,22.0456765866569
v3.2.3 iter,P2  (LAI=3.4),STATIC_ALS_DOPT,2021-09-27,20.2665621809599
v3.2.3 iter,P2  (LAI=3.4),STATIC_ALS_DOPT,2021-09-28,19.4251427702431
v3.2.3 iter,P2  (LAI=3.4),STATIC_ALS_DOPT,2021-09-29,18.2391095028596
v3.2.3 iter,P2  (LAI=3.4),STATIC_ALS_DOPT,2021-09-30,19.3119455469189
v3.2.3 iter,P2  (LAI=3.4),DYN_S2_ATBD_NM,2021-06-01,28.4318138562586
v3.2.3 iter,P2  (LAI=3.4),DYN_S2_ATBD_NM,2021-06-02,24.0599598053217
v3.2.3 iter,P2  (LAI=3.4),DYN_S2_ATBD_NM,2021-06-03,26.3568574479432
v3.2.3 iter,P2  (LAI=3.4),DYN_S2_ATBD_NM,2021-06-04,17.4623529783802
v3.2.3 iter,P2  (LAI=3.4),DYN_S2_ATBD_NM,2021-06-05,21.6404048082401
v3.2.3 iter,P2  (LAI=3.4),DYN_S2_ATBD_NM,2021-06-06,22.2493155568347
v3.2.3 iter,P2  (LAI=3.4),DYN_S2_ATBD_NM,2021-06-07,23.19035454498
v3.2.3 iter,P2  (LAI=3.4),DYN_S2_ATBD_NM,2021-06-08,25.6717099105675
v3.2.3 iter,P2  (LAI=3.4),DYN_S2_ATBD_NM,2021-06-09,27.632382482557
v3.2.3 iter,P2  (LAI=3.4),DYN_S2_ATBD_NM,2021-06-10,28.111371440397
v3.2.3 iter,P2  (LAI=3.4),DYN_S2_ATBD_NM,2021-06-11,27.4982455051034
v3.2.3 iter,P2  (LAI=3.4),DYN_S2_ATBD_NM,2021-06-12,27.2469471957749
v3.2.3 iter,P2  (LAI=3.4),DYN_S2_ATBD_NM,2021-06-13,28.0718260777402
v3.2.3 iter,P2  (LAI=3.4),DYN_S2_ATBD_NM,2021-06-14,30.3485737590145
v3.2.3 iter,P2  (LAI=3.4),DYN_S2_ATBD_NM,2021-06-15,29.8397393958639
v3.2.3 iter,P2  (LAI=3.4),DYN_S2_ATBD_NM,2021-06-16,31.7935182292871
v3.2.3 iter,P2  (LAI=3.4),DYN_S2_ATBD_NM,2021-06-17,26.8724626960673
v3.2.3 iter,P2  (LAI=3.4),DYN_S2_ATBD_NM,2021-06-18,24.3273631005612
v3.2.3 iter,P2  (LAI=3.4),DYN_S2_ATBD_NM,2021-06-19,22.2738872292901
v3.2.3 iter,P2  (LAI=3.4),DYN_S2_ATBD_NM,2021-06-20,22.4391460312263
v3.2.3 iter,P2  (LAI=3.4),DYN_S2_ATBD_NM,2021-06-21,23.4358020534689
v3.2.3 iter,P2  (LAI=3.4),DYN_S2_ATBD_NM,2021-06-22,21.3877329206283
v3.2.3 iter,P2  (LAI=3.4),DYN_S2_ATBD_NM,2021-06-23,18.2265141575477
v3.2.3 iter,P2  (LAI=3.4),DYN_S2_ATBD_NM,2021-06-24,22.3008850456485
v3.2.3 iter,P2  (LAI=3.4),DYN_S2_ATBD_NM,2021-06-25,21.9490688429839
v3.2.3 iter,P2  (LAI=3.4),DYN_S2_ATBD_NM,2021-06-26,23.5970344338131
v3.2.3 iter,P2  (LAI=3.4),DYN_S2_ATBD_NM,2021-06-27,18.8102325059894
v3.2.3 iter,P2  (LAI=3.4),DYN_S2_ATBD_NM,2021-06-28,21.9629957756488
v3.2.3 iter,P2  (LAI=3.4),DYN_S2_ATBD_NM,2021-06-29,19.5086785148595
v3.2.3 iter,P2  (LAI=3.4),DYN_S2_ATBD_NM,2021-06-30,19.8871591259954
v3.2.3 iter,P2  (LAI=3.4),DYN_S2_ATBD_NM,2021-07-01,25.0534143936451
v3.2.3 iter,P2  (LAI=3.4),DYN_S2_ATBD_NM,2021-07-02,25.5948184574526
v3.2.3 iter,P2  (LAI=3.4),DYN_S2_ATBD_NM,2021-07-03,22.5037760065603
v3.2.3 iter,P2  (LAI=3.4),DYN_S2_ATBD_NM,2021-07-04,20.8176220560874
v3.2.3 iter,P2  (LAI=3.4),DYN_S2_ATBD_NM,2021-07-05,22.757886097561
v3.2.3 iter,P2  (LAI=3.4),DYN_S2_ATBD_NM,2021-07-06,21.8307050507067
v3.2.3 iter,P2  (LAI=3.4),DYN_S2_ATBD_NM,2021-07-07,21.9300417236312
v3.2.3 iter,P2  (LAI=3.4),DYN_S2_ATBD_NM,2021-07-08,21.1111439184497
v3.2.3 iter,P2  (LAI=3.4),DYN_S2_ATBD_NM,2021-07-09,22.0917253756907
v3.2.3 iter,P2  (LAI=3.4),DYN_S2_ATBD_NM,2021-07-10,19.356713067092
v3.2.3 iter,P2  (LAI=3.4),DYN_S2_ATBD_NM,2021-07-11,24.7117840712896
v3.2.3 iter,P2  (LAI=3.4),DYN_S2_ATBD_NM,2021-07-12,20.8466442882919
v3.2.3 iter,P2  (LAI=3.4),DYN_S2_ATBD_NM,2021-07-13,17.6408315680981
v3.2.3 iter,P2  (LAI=3.4),DYN_S2_ATBD_NM,2021-07-14,22.2974428985317
v3.2.3 iter,P2  (LAI=3.4),DYN_S2_ATBD_NM,2021-07-15,24.8128866497066
v3.2.3 iter,P2  (LAI=3.4),DYN_S2_ATBD_NM,2021-07-16,21.3909900425948
v3.2.3 iter,P2  (LAI=3.4),DYN_S2_ATBD_NM,2021-07-17,23.4142440363744
v3.2.3 iter,P2  (LAI=3.4),DYN_S2_ATBD_NM,2021-07-18,29.5560853774542
v3.2.3 iter,P2  (LAI=3.4),DYN_S2_ATBD_NM,2021-07-19,30.852472564217
v3.2.3 iter,P2  (LAI=3.4),DYN_S2_ATBD_NM,2021-07-20,30.2542733678372
v3.2.3 iter,P2  (LAI=3.4),DYN_S2_ATBD_NM,2021-07-21,30.5830259097973
v3.2.3 iter,P2  (LAI=3.4),DYN_S2_ATBD_NM,2021-07-22,30.6068931304774
v3.2.3 iter,P2  (LAI=3.4),DYN_S2_ATBD_NM,2021-07-23,31.6196420235594
v3.2.3 iter,P2  (LAI=3.4),DYN_S2_ATBD_NM,2021-07-24,25.2229030504611
v3.2.3 iter,P2  (LAI=3.4),DYN_S2_ATBD_NM,2021-07-25,24.4519153361266
v3.2.3 iter,P2  (LAI=3.4),DYN_S2_ATBD_NM,2021-07-26,24.6820082094423
v3.2.3 iter,P2  (LAI=3.4),DYN_S2_ATBD_NM,2021-07-27,19.6565207140064
v3.2.3 iter,P2  (LAI=3.4),DYN_S2_ATBD_NM,2021-07-28,22.9632587447163
v3.2.3 iter,P2  (LAI=3.4),DYN_S2_ATBD_NM,2021-07-29,24.5551425735836
v3.2.3 iter,P2  (LAI=3.4),DYN_S2_ATBD_NM,2021-07-30,23.9831986954121
v3.2.3 iter,P2  (LAI=3.4),DYN_S2_ATBD_NM,2021-07-31,22.5286964402876
v3.2.3 iter,P2  (LAI=3.4),DYN_S2_ATBD_NM,2021-08-01,22.4097308608314
v3.2.3 iter,P2  (LAI=3.4),DYN_S2_ATBD_NM,2021-08-02,22.2100264723208
v3.2.3 iter,P2  (LAI=3.4),DYN_S2_ATBD_NM,2021-08-03,18.8686091676616
v3.2.3 iter,P2  (LAI=3.4),DYN_S2_ATBD_NM,2021-08-04,19.7232590954162
v3.2.3 iter,P2  (LAI=3.4),DYN_S2_ATBD_NM,2021-08-05,21.5264003326914
v3.2.3 iter,P2  (LAI=3.4),DYN_S2_ATBD_NM,2021-08-06,22.2053786881959
v3.2.3 iter,P2  (LAI=3.4),DYN_S2_ATBD_NM,2021-08-07,21.6710165636158
v3.2.3 iter,P2  (LAI=3.4),DYN_S2_ATBD_NM,2021-08-08,22.2095116880475
v3.2.3 iter,P2  (LAI=3.4),DYN_S2_ATBD_NM,2021-08-09,22.8064778910392
v3.2.3 iter,P2  (LAI=3.4),DYN_S2_ATBD_NM,2021-08-10,26.9037238849672
v3.2.3 iter,P2  (LAI=3.4),DYN_S2_ATBD_NM,2021-08-11,29.4168665583348
v3.2.3 iter,P2  (LAI=3.4),DYN_S2_ATBD_NM,2021-08-12,30.1323270341469
v3.2.3 iter,P2  (LAI=3.4),DYN_S2_ATBD_NM,2021-08-13,30.2491423357116
v3.2.3 iter,P2  (LAI=3.4),DYN_S2_ATBD_NM,2021-08-14,32.6505649408065
v3.2.3 iter,P2  (LAI=3.4),DYN_S2_ATBD_NM,2021-08-15,29.3811990691959
v3.2.3 iter,P2  (LAI=3.4),DYN_S2_ATBD_NM,2021-08-16,22.8765159976576
v3.2.3 iter,P2  (LAI=3.4),DYN_S2_ATBD_NM,2021-08-17,19.6896990048431
v3.2.3 iter,P2  (LAI=3.4),DYN_S2_ATBD_NM,2021-08-18,20.6184969480641
v3.2.3 iter,P2  (LAI=3.4),DYN_S2_ATBD_NM,2021-08-19,20.0975326596313
v3.2.3 iter,P2  (LAI=3.4),DYN_S2_ATBD_NM,2021-08-20,24.2526630951341
v3.2.3 iter,P2  (LAI=3.4),DYN_S2_ATBD_NM,2021-08-21,25.2750689989755
v3.2.3 iter,P2  (LAI=3.4),DYN_S2_ATBD_NM,2021-08-22,23.0461948025806
v3.2.3 iter,P2  (LAI=3.4),DYN_S2_ATBD_NM,2021-08-23,23.1432821566744
v3.2.3 iter,P2  (LAI=3.4),DYN_S2_ATBD_NM,2021-08-24,25.7041405620745
v3.2.3 iter,P2  (LAI=3.4),DYN_S2_ATBD_NM,2021-08-25,26.2848772650715
v3.2.3 iter,P2  (LAI=3.4),DYN_S2_ATBD_NM,2021-08-26,23.9915225200352
v3.2.3 iter,P2  (LAI=3.4),DYN_S2_ATBD_NM,2021-08-27,22.0194923252882
v3.2.3 iter,P2  (LAI=3.4),DYN_S2_ATBD_NM,2021-08-28,21.7077999292262
v3.2.3 iter,P2  (LAI=3.4),DYN_S2_ATBD_NM,2021-08-29,21.2880610251726
v3.2.3 iter,P2  (LAI=3.4),DYN_S2_ATBD_NM,2021-08-30,22.2560167161922
v3.2.3 iter,P2  (LAI=3.4),DYN_S2_ATBD_NM,2021-08-31,23.6148056116654
v3.2.3 iter,P2  (LAI=3.4),DYN_S2_ATBD_NM,2021-09-01,25.3788213898796
v3.2.3 iter,P2  (LAI=3.4),DYN_S2_ATBD_NM,2021-09-02,27.784327147162
v3.2.3 iter,P2  (LAI=3.4),DYN_S2_ATBD_NM,2021-09-03,27.6123424497814
v3.2.3 iter,P2  (LAI=3.4),DYN_S2_ATBD_NM,2021-09-04,26.7130879477336
v3.2.3 iter,P2  (LAI=3.4),DYN_S2_ATBD_NM,2021-09-05,28.3674622481919
v3.2.3 iter,P2  (LAI=3.4),DYN_S2_ATBD_NM,2021-09-06,31.3986905766344
v3.2.3 iter,P2  (LAI=3.4),DYN_S2_ATBD_NM,2021-09-07,32.4657632809956
v3.2.3 iter,P2  (LAI=3.4),DYN_S2_ATBD_NM,2021-09-08,28.4255565798956
v3.2.3 iter,P2  (LAI=3.4),DYN_S2_ATBD_NM,2021-09-09,24.4897455601653
v3.2.3 iter,P2  (LAI=3.4),DYN_S2_ATBD_NM,2021-09-10,24.2416684688547
v3.2.3 iter,P2  (LAI=3.4),DYN_S2_ATBD_NM,2021-09-11,23.533852607844
v3.2.3 iter,P2  (LAI=3.4),DYN_S2_ATBD_NM,2021-09-12,25.5776741279102
v3.2.3 iter,P2  (LAI=3.4),DYN_S2_ATBD_NM,2021-09-13,28.5310857260707
v3.2.3 iter,P2  (LAI=3.4),DYN_S2_ATBD_NM,2021-09-14,27.1620632283127
v3.2.3 iter,P2  (LAI=3.4),DYN_S2_ATBD_NM,2021-09-15,23.983957404527
v3.2.3 iter,P2  (LAI=3.4),DYN_S2_ATBD_NM,2021-09-16,23.0470930722655
v3.2.3 iter,P2  (LAI=3.4),DYN_S2_ATBD_NM,2021-09-17,23.5057941784559
v3.2.3 iter,P2  (LAI=3.4),DYN_S2_ATBD_NM,2021-09-18,21.5908771862684
v3.2.3 iter,P2  (LAI=3.4),DYN_S2_ATBD_NM,2021-09-19,18.1288709684989
v3.2.3 iter,P2  (LAI=3.4),DYN_S2_ATBD_NM,2021-09-20,18.9031231949284
v3.2.3 iter,P2  (LAI=3.4),DYN_S2_ATBD_NM,2021-09-21,19.4491270798401
v3.2.3 iter,P2  (LAI=3.4),DYN_S2_ATBD_NM,2021-09-22,21.9886535664239
v3.2.3 iter,P2  (LAI=3.4),DYN_S2_ATBD_NM,2021-09-23,24.202790346655
v3.2.3 iter,P2  (LAI=3.4),DYN_S2_ATBD_NM,2021-09-24,24.5390018350618
v3.2.3 iter,P2  (LAI=3.4),DYN_S2_ATBD_NM,2021-09-25,23.0423614618407
v3.2.3 iter,P2  (LAI=3.4),DYN_S2_ATBD_NM,2021-09-26,21.8204866112075
v3.2.3 iter,P2  (LAI=3.4),DYN_S2_ATBD_NM,2021-09-27,20.2291389200882
v3.2.3 iter,P2  (LAI=3.4),DYN_S2_ATBD_NM,2021-09-28,19.4016848724247
v3.2.3 iter,P2  (LAI=3.4),DYN_S2_ATBD_NM,2021-09-29,18.270245896039
v3.2.3 iter,P2  (LAI=3.4),DYN_S2_ATBD_NM,2021-09-30,19.4002801936588
v3.2.3 iter,P2  (LAI=3.4),DYN_S2_OPT_NM,2021-06-01,28.6242706779742
v3.2.3 iter,P2  (LAI=3.4),DYN_S2_OPT_NM,2021-06-02,24.2817385183533
v3.2.3 iter,P2  (LAI=3.4),DYN_S2_OPT_NM,2021-06-03,26.5161490537731
v3.2.3 iter,P2  (LAI=3.4),DYN_S2_OPT_NM,2021-06-04,17.531166203389
v3.2.3 iter,P2  (LAI=3.4),DYN_S2_OPT_NM,2021-06-05,21.7372832684533
v3.2.3 iter,P2  (LAI=3.4),DYN_S2_OPT_NM,2021-06-06,22.3660763109767
v3.2.3 iter,P2  (LAI=3.4),DYN_S2_OPT_NM,2021-06-07,23.3301550505042
v3.2.3 iter,P2  (LAI=3.4),DYN_S2_OPT_NM,2021-06-08,25.8363602358079
v3.2.3 iter,P2  (LAI=3.4),DYN_S2_OPT_NM,2021-06-09,27.803276570604
v3.2.3 iter,P2  (LAI=3.4),DYN_S2_OPT_NM,2021-06-10,28.3060258290051
v3.2.3 iter,P2  (LAI=3.4),DYN_S2_OPT_NM,2021-06-11,27.7029658784347
v3.2.3 iter,P2  (LAI=3.4),DYN_S2_OPT_NM,2021-06-12,27.4258565374594
v3.2.3 iter,P2  (LAI=3.4),DYN_S2_OPT_NM,2021-06-13,28.2313113571807
v3.2.3 iter,P2  (LAI=3.4),DYN_S2_OPT_NM,2021-06-14,30.5945856023963
v3.2.3 iter,P2  (LAI=3.4),DYN_S2_OPT_NM,2021-06-15,30.0625026640593
v3.2.3 iter,P2  (LAI=3.4),DYN_S2_OPT_NM,2021-06-16,32.0943431208544
v3.2.3 iter,P2  (LAI=3.4),DYN_S2_OPT_NM,2021-06-17,27.0341385193929
v3.2.3 iter,P2  (LAI=3.4),DYN_S2_OPT_NM,2021-06-18,24.4297561792034
v3.2.3 iter,P2  (LAI=3.4),DYN_S2_OPT_NM,2021-06-19,22.5893025680999
v3.2.3 iter,P2  (LAI=3.4),DYN_S2_OPT_NM,2021-06-20,22.5850029301196
v3.2.3 iter,P2  (LAI=3.4),DYN_S2_OPT_NM,2021-06-21,23.5316731995976
v3.2.3 iter,P2  (LAI=3.4),DYN_S2_OPT_NM,2021-06-22,21.4343348178013
v3.2.3 iter,P2  (LAI=3.4),DYN_S2_OPT_NM,2021-06-23,18.2698036510894
v3.2.3 iter,P2  (LAI=3.4),DYN_S2_OPT_NM,2021-06-24,22.4251001487778
v3.2.3 iter,P2  (LAI=3.4),DYN_S2_OPT_NM,2021-06-25,22.0820071910295
v3.2.3 iter,P2  (LAI=3.4),DYN_S2_OPT_NM,2021-06-26,23.8500755043689
v3.2.3 iter,P2  (LAI=3.4),DYN_S2_OPT_NM,2021-06-27,18.9884421853648
v3.2.3 iter,P2  (LAI=3.4),DYN_S2_OPT_NM,2021-06-28,22.1363406680556
v3.2.3 iter,P2  (LAI=3.4),DYN_S2_OPT_NM,2021-06-29,19.6083951266536
v3.2.3 iter,P2  (LAI=3.4),DYN_S2_OPT_NM,2021-06-30,19.9711446037662
v3.2.3 iter,P2  (LAI=3.4),DYN_S2_OPT_NM,2021-07-01,25.1885245734326
v3.2.3 iter,P2  (LAI=3.4),DYN_S2_OPT_NM,2021-07-02,25.7686513130266
v3.2.3 iter,P2  (LAI=3.4),DYN_S2_OPT_NM,2021-07-03,22.6147720323734
v3.2.3 iter,P2  (LAI=3.4),DYN_S2_OPT_NM,2021-07-04,20.8892446540356
v3.2.3 iter,P2  (LAI=3.4),DYN_S2_OPT_NM,2021-07-05,22.832912015709
v3.2.3 iter,P2  (LAI=3.4),DYN_S2_OPT_NM,2021-07-06,21.8970881900723
v3.2.3 iter,P2  (LAI=3.4),DYN_S2_OPT_NM,2021-07-07,22.0161238006352
v3.2.3 iter,P2  (LAI=3.4),DYN_S2_OPT_NM,2021-07-08,21.2022833518541
v3.2.3 iter,P2  (LAI=3.4),DYN_S2_OPT_NM,2021-07-09,22.191668988158
v3.2.3 iter,P2  (LAI=3.4),DYN_S2_OPT_NM,2021-07-10,19.4752383731337
v3.2.3 iter,P2  (LAI=3.4),DYN_S2_OPT_NM,2021-07-11,24.8562772103918
v3.2.3 iter,P2  (LAI=3.4),DYN_S2_OPT_NM,2021-07-12,20.9003424829236
v3.2.3 iter,P2  (LAI=3.4),DYN_S2_OPT_NM,2021-07-13,17.7260179004493
v3.2.3 iter,P2  (LAI=3.4),DYN_S2_OPT_NM,2021-07-14,22.3895954653655
v3.2.3 iter,P2  (LAI=3.4),DYN_S2_OPT_NM,2021-07-15,24.9035730850514
v3.2.3 iter,P2  (LAI=3.4),DYN_S2_OPT_NM,2021-07-16,21.4505531639343
v3.2.3 iter,P2  (LAI=3.4),DYN_S2_OPT_NM,2021-07-17,23.4829162281059
v3.2.3 iter,P2  (LAI=3.4),DYN_S2_OPT_NM,2021-07-18,29.6455972118279
v3.2.3 iter,P2  (LAI=3.4),DYN_S2_OPT_NM,2021-07-19,30.9363802676314
v3.2.3 iter,P2  (LAI=3.4),DYN_S2_OPT_NM,2021-07-20,30.3328576518468
v3.2.3 iter,P2  (LAI=3.4),DYN_S2_OPT_NM,2021-07-21,30.6661678979047
v3.2.3 iter,P2  (LAI=3.4),DYN_S2_OPT_NM,2021-07-22,30.6997169999536
v3.2.3 iter,P2  (LAI=3.4),DYN_S2_OPT_NM,2021-07-23,31.761453378112
v3.2.3 iter,P2  (LAI=3.4),DYN_S2_OPT_NM,2021-07-24,25.2664938565669
v3.2.3 iter,P2  (LAI=3.4),DYN_S2_OPT_NM,2021-07-25,24.5304265623539
v3.2.3 iter,P2  (LAI=3.4),DYN_S2_OPT_NM,2021-07-26,24.7481416564751
v3.2.3 iter,P2  (LAI=3.4),DYN_S2_OPT_NM,2021-07-27,19.8221833543576
v3.2.3 iter,P2  (LAI=3.4),DYN_S2_OPT_NM,2021-07-28,23.017103724709
v3.2.3 iter,P2  (LAI=3.4),DYN_S2_OPT_NM,2021-07-29,24.6168143840437
v3.2.3 iter,P2  (LAI=3.4),DYN_S2_OPT_NM,2021-07-30,24.0330458390399
v3.2.3 iter,P2  (LAI=3.4),DYN_S2_OPT_NM,2021-07-31,22.5657446456089
v3.2.3 iter,P2  (LAI=3.4),DYN_S2_OPT_NM,2021-08-01,22.4519438443157
v3.2.3 iter,P2  (LAI=3.4),DYN_S2_OPT_NM,2021-08-02,22.2696246428443
v3.2.3 iter,P2  (LAI=3.4),DYN_S2_OPT_NM,2021-08-03,18.8958532041106
v3.2.3 iter,P2  (LAI=3.4),DYN_S2_OPT_NM,2021-08-04,19.9082880403525
v3.2.3 iter,P2  (LAI=3.4),DYN_S2_OPT_NM,2021-08-05,21.5787433963613
v3.2.3 iter,P2  (LAI=3.4),DYN_S2_OPT_NM,2021-08-06,22.2631304198321
v3.2.3 iter,P2  (LAI=3.4),DYN_S2_OPT_NM,2021-08-07,21.7295039946243
v3.2.3 iter,P2  (LAI=3.4),DYN_S2_OPT_NM,2021-08-08,22.2679690863059
v3.2.3 iter,P2  (LAI=3.4),DYN_S2_OPT_NM,2021-08-09,22.8914928729108
v3.2.3 iter,P2  (LAI=3.4),DYN_S2_OPT_NM,2021-08-10,26.9970660684434
v3.2.3 iter,P2  (LAI=3.4),DYN_S2_OPT_NM,2021-08-11,29.5297907096472
v3.2.3 iter,P2  (LAI=3.4),DYN_S2_OPT_NM,2021-08-12,30.2631873269495
v3.2.3 iter,P2  (LAI=3.4),DYN_S2_OPT_NM,2021-08-13,30.3747132718219
v3.2.3 iter,P2  (LAI=3.4),DYN_S2_OPT_NM,2021-08-14,32.7982997153757
v3.2.3 iter,P2  (LAI=3.4),DYN_S2_OPT_NM,2021-08-15,29.4611528818957
v3.2.3 iter,P2  (LAI=3.4),DYN_S2_OPT_NM,2021-08-16,22.9231442142933
v3.2.3 iter,P2  (LAI=3.4),DYN_S2_OPT_NM,2021-08-17,19.7029751209837
v3.2.3 iter,P2  (LAI=3.4),DYN_S2_OPT_NM,2021-08-18,20.6666296228701
v3.2.3 iter,P2  (LAI=3.4),DYN_S2_OPT_NM,2021-08-19,20.1488381592756
v3.2.3 iter,P2  (LAI=3.4),DYN_S2_OPT_NM,2021-08-20,24.3804510627452
v3.2.3 iter,P2  (LAI=3.4),DYN_S2_OPT_NM,2021-08-21,25.3734133230408
v3.2.3 iter,P2  (LAI=3.4),DYN_S2_OPT_NM,2021-08-22,23.0968803185461
v3.2.3 iter,P2  (LAI=3.4),DYN_S2_OPT_NM,2021-08-23,23.2208730563152
v3.2.3 iter,P2  (LAI=3.4),DYN_S2_OPT_NM,2021-08-24,25.7715554629363
v3.2.3 iter,P2  (LAI=3.4),DYN_S2_OPT_NM,2021-08-25,26.3604352924129
v3.2.3 iter,P2  (LAI=3.4),DYN_S2_OPT_NM,2021-08-26,24.0485047235929
v3.2.3 iter,P2  (LAI=3.4),DYN_S2_OPT_NM,2021-08-27,22.0886276152083
v3.2.3 iter,P2  (LAI=3.4),DYN_S2_OPT_NM,2021-08-28,21.7765528715439
v3.2.3 iter,P2  (LAI=3.4),DYN_S2_OPT_NM,2021-08-29,21.360860681863
v3.2.3 iter,P2  (LAI=3.4),DYN_S2_OPT_NM,2021-08-30,22.3270788943183
v3.2.3 iter,P2  (LAI=3.4),DYN_S2_OPT_NM,2021-08-31,23.683244783003
v3.2.3 iter,P2  (LAI=3.4),DYN_S2_OPT_NM,2021-09-01,25.4362532803691
v3.2.3 iter,P2  (LAI=3.4),DYN_S2_OPT_NM,2021-09-02,27.8670497823553
v3.2.3 iter,P2  (LAI=3.4),DYN_S2_OPT_NM,2021-09-03,27.7322737881816
v3.2.3 iter,P2  (LAI=3.4),DYN_S2_OPT_NM,2021-09-04,26.8109548095124
v3.2.3 iter,P2  (LAI=3.4),DYN_S2_OPT_NM,2021-09-05,28.5241853778408
v3.2.3 iter,P2  (LAI=3.4),DYN_S2_OPT_NM,2021-09-06,31.4963342168807
v3.2.3 iter,P2  (LAI=3.4),DYN_S2_OPT_NM,2021-09-07,32.5641678373063
v3.2.3 iter,P2  (LAI=3.4),DYN_S2_OPT_NM,2021-09-08,28.568858045336
v3.2.3 iter,P2  (LAI=3.4),DYN_S2_OPT_NM,2021-09-09,24.5258020864237
v3.2.3 iter,P2  (LAI=3.4),DYN_S2_OPT_NM,2021-09-10,24.2946029715682
v3.2.3 iter,P2  (LAI=3.4),DYN_S2_OPT_NM,2021-09-11,23.5890194085512
v3.2.3 iter,P2  (LAI=3.4),DYN_S2_OPT_NM,2021-09-12,25.6295483076772
v3.2.3 iter,P2  (LAI=3.4),DYN_S2_OPT_NM,2021-09-13,28.5947260793612
v3.2.3 iter,P2  (LAI=3.4),DYN_S2_OPT_NM,2021-09-14,27.3006012093421
v3.2.3 iter,P2  (LAI=3.4),DYN_S2_OPT_NM,2021-09-15,24.0430720930433
v3.2.3 iter,P2  (LAI=3.4),DYN_S2_OPT_NM,2021-09-16,23.0870359327182
v3.2.3 iter,P2  (LAI=3.4),DYN_S2_OPT_NM,2021-09-17,23.5626013701004
v3.2.3 iter,P2  (LAI=3.4),DYN_S2_OPT_NM,2021-09-18,21.6467229824216
v3.2.3 iter,P2  (LAI=3.4),DYN_S2_OPT_NM,2021-09-19,18.2132444296566
v3.2.3 iter,P2  (LAI=3.4),DYN_S2_OPT_NM,2021-09-20,18.9311425451701
v3.2.3 iter,P2  (LAI=3.4),DYN_S2_OPT_NM,2021-09-21,19.4512639955128
v3.2.3 iter,P2  (LAI=3.4),DYN_S2_OPT_NM,2021-09-22,22.028182273957
v3.2.3 iter,P2  (LAI=3.4),DYN_S2_OPT_NM,2021-09-23,24.2673398894856
v3.2.3 iter,P2  (LAI=3.4),DYN_S2_OPT_NM,2021-09-24,24.584696849128
v3.2.3 iter,P2  (LAI=3.4),DYN_S2_OPT_NM,2021-09-25,23.0987953859095
v3.2.3 iter,P2  (LAI=3.4),DYN_S2_OPT_NM,2021-09-26,21.8660643878346
v3.2.3 iter,P2  (LAI=3.4),DYN_S2_OPT_NM,2021-09-27,20.2453870635571
v3.2.3 iter,P2  (LAI=3.4),DYN_S2_OPT_NM,2021-09-28,19.422040514601
v3.2.3 iter,P2  (LAI=3.4),DYN_S2_OPT_NM,2021-09-29,18.2769659833231
v3.2.3 iter,P2  (LAI=3.4),DYN_S2_OPT_NM,2021-09-30,19.388177256228
v3.2.3 iter,P2  (LAI=3.4),DYN_ATBD_rfull_NM,2021-06-01,28.834163436788
v3.2.3 iter,P2  (LAI=3.4),DYN_ATBD_rfull_NM,2021-06-02,24.4939719848024
v3.2.3 iter,P2  (LAI=3.4),DYN_ATBD_rfull_NM,2021-06-03,26.7085576490542
v3.2.3 iter,P2  (LAI=3.4),DYN_ATBD_rfull_NM,2021-06-04,17.6145239696391
v3.2.3 iter,P2  (LAI=3.4),DYN_ATBD_rfull_NM,2021-06-05,21.8321411970762
v3.2.3 iter,P2  (LAI=3.4),DYN_ATBD_rfull_NM,2021-06-06,22.4868097352376
v3.2.3 iter,P2  (LAI=3.4),DYN_ATBD_rfull_NM,2021-06-07,23.510273941452
v3.2.3 iter,P2  (LAI=3.4),DYN_ATBD_rfull_NM,2021-06-08,26.0380756386844
v3.2.3 iter,P2  (LAI=3.4),DYN_ATBD_rfull_NM,2021-06-09,27.9353487541417
v3.2.3 iter,P2  (LAI=3.4),DYN_ATBD_rfull_NM,2021-06-10,28.4861358571171
v3.2.3 iter,P2  (LAI=3.4),DYN_ATBD_rfull_NM,2021-06-11,27.9257340958027
v3.2.3 iter,P2  (LAI=3.4),DYN_ATBD_rfull_NM,2021-06-12,27.6484555286285
v3.2.3 iter,P2  (LAI=3.4),DYN_ATBD_rfull_NM,2021-06-13,28.4032058189735
v3.2.3 iter,P2  (LAI=3.4),DYN_ATBD_rfull_NM,2021-06-14,30.8714497630137
v3.2.3 iter,P2  (LAI=3.4),DYN_ATBD_rfull_NM,2021-06-15,30.3033170201581
v3.2.3 iter,P2  (LAI=3.4),DYN_ATBD_rfull_NM,2021-06-16,32.4610105636947
v3.2.3 iter,P2  (LAI=3.4),DYN_ATBD_rfull_NM,2021-06-17,27.0974758211827
v3.2.3 iter,P2  (LAI=3.4),DYN_ATBD_rfull_NM,2021-06-18,24.5572638696423
v3.2.3 iter,P2  (LAI=3.4),DYN_ATBD_rfull_NM,2021-06-19,23.1118273810558
v3.2.3 iter,P2  (LAI=3.4),DYN_ATBD_rfull_NM,2021-06-20,22.7964061682322
v3.2.3 iter,P2  (LAI=3.4),DYN_ATBD_rfull_NM,2021-06-21,23.5595526711863
v3.2.3 iter,P2  (LAI=3.4),DYN_ATBD_rfull_NM,2021-06-22,21.5732028886287
v3.2.3 iter,P2  (LAI=3.4),DYN_ATBD_rfull_NM,2021-06-23,18.3563949284359
v3.2.3 iter,P2  (LAI=3.4),DYN_ATBD_rfull_NM,2021-06-24,22.5140895887431
v3.2.3 iter,P2  (LAI=3.4),DYN_ATBD_rfull_NM,2021-06-25,22.2370071725812
v3.2.3 iter,P2  (LAI=3.4),DYN_ATBD_rfull_NM,2021-06-26,24.1565240083191
v3.2.3 iter,P2  (LAI=3.4),DYN_ATBD_rfull_NM,2021-06-27,19.2768984296181
v3.2.3 iter,P2  (LAI=3.4),DYN_ATBD_rfull_NM,2021-06-28,22.3005244340495
v3.2.3 iter,P2  (LAI=3.4),DYN_ATBD_rfull_NM,2021-06-29,19.6653921959526
v3.2.3 iter,P2  (LAI=3.4),DYN_ATBD_rfull_NM,2021-06-30,20.0736345192137
v3.2.3 iter,P2  (LAI=3.4),DYN_ATBD_rfull_NM,2021-07-01,25.3183665328114
v3.2.3 iter,P2  (LAI=3.4),DYN_ATBD_rfull_NM,2021-07-02,25.9970870043512
v3.2.3 iter,P2  (LAI=3.4),DYN_ATBD_rfull_NM,2021-07-03,22.7777305804517
v3.2.3 iter,P2  (LAI=3.4),DYN_ATBD_rfull_NM,2021-07-04,20.9783119019879
v3.2.3 iter,P2  (LAI=3.4),DYN_ATBD_rfull_NM,2021-07-05,22.9374864405024
v3.2.3 iter,P2  (LAI=3.4),DYN_ATBD_rfull_NM,2021-07-06,21.9772039215114
v3.2.3 iter,P2  (LAI=3.4),DYN_ATBD_rfull_NM,2021-07-07,22.1014660810432
v3.2.3 iter,P2  (LAI=3.4),DYN_ATBD_rfull_NM,2021-07-08,21.3120828375015
v3.2.3 iter,P2  (LAI=3.4),DYN_ATBD_rfull_NM,2021-07-09,22.3102877694313
v3.2.3 iter,P2  (LAI=3.4),DYN_ATBD_rfull_NM,2021-07-10,19.7325998480171
v3.2.3 iter,P2  (LAI=3.4),DYN_ATBD_rfull_NM,2021-07-11,25.0124680458791
v3.2.3 iter,P2  (LAI=3.4),DYN_ATBD_rfull_NM,2021-07-12,20.9656670550946
v3.2.3 iter,P2  (LAI=3.4),DYN_ATBD_rfull_NM,2021-07-13,17.856106141549
v3.2.3 iter,P2  (LAI=3.4),DYN_ATBD_rfull_NM,2021-07-14,22.5211890165847
v3.2.3 iter,P2  (LAI=3.4),DYN_ATBD_rfull_NM,2021-07-15,25.0147864121603
v3.2.3 iter,P2  (LAI=3.4),DYN_ATBD_rfull_NM,2021-07-16,21.5179650549358
v3.2.3 iter,P2  (LAI=3.4),DYN_ATBD_rfull_NM,2021-07-17,23.5560020471668
v3.2.3 iter,P2  (LAI=3.4),DYN_ATBD_rfull_NM,2021-07-18,29.740068929631
v3.2.3 iter,P2  (LAI=3.4),DYN_ATBD_rfull_NM,2021-07-19,31.0228533869208
v3.2.3 iter,P2  (LAI=3.4),DYN_ATBD_rfull_NM,2021-07-20,30.3981064226044
v3.2.3 iter,P2  (LAI=3.4),DYN_ATBD_rfull_NM,2021-07-21,30.7337713046055
v3.2.3 iter,P2  (LAI=3.4),DYN_ATBD_rfull_NM,2021-07-22,30.7610862423333
v3.2.3 iter,P2  (LAI=3.4),DYN_ATBD_rfull_NM,2021-07-23,31.9397315654408
v3.2.3 iter,P2  (LAI=3.4),DYN_ATBD_rfull_NM,2021-07-24,25.2155479778272
v3.2.3 iter,P2  (LAI=3.4),DYN_ATBD_rfull_NM,2021-07-25,24.6138803316831
v3.2.3 iter,P2  (LAI=3.4),DYN_ATBD_rfull_NM,2021-07-26,24.8165111470117
v3.2.3 iter,P2  (LAI=3.4),DYN_ATBD_rfull_NM,2021-07-27,20.0393474589895
v3.2.3 iter,P2  (LAI=3.4),DYN_ATBD_rfull_NM,2021-07-28,23.0822535189731
v3.2.3 iter,P2  (LAI=3.4),DYN_ATBD_rfull_NM,2021-07-29,24.6647872797987
v3.2.3 iter,P2  (LAI=3.4),DYN_ATBD_rfull_NM,2021-07-30,24.0484749570723
v3.2.3 iter,P2  (LAI=3.4),DYN_ATBD_rfull_NM,2021-07-31,22.569283530047
v3.2.3 iter,P2  (LAI=3.4),DYN_ATBD_rfull_NM,2021-08-01,22.465741668253
v3.2.3 iter,P2  (LAI=3.4),DYN_ATBD_rfull_NM,2021-08-02,22.324371003274
v3.2.3 iter,P2  (LAI=3.4),DYN_ATBD_rfull_NM,2021-08-03,18.9206414029506
v3.2.3 iter,P2  (LAI=3.4),DYN_ATBD_rfull_NM,2021-08-04,20.1207290779048
v3.2.3 iter,P2  (LAI=3.4),DYN_ATBD_rfull_NM,2021-08-05,21.6366567454691
v3.2.3 iter,P2  (LAI=3.4),DYN_ATBD_rfull_NM,2021-08-06,22.3330023619654
v3.2.3 iter,P2  (LAI=3.4),DYN_ATBD_rfull_NM,2021-08-07,21.7909735362748
v3.2.3 iter,P2  (LAI=3.4),DYN_ATBD_rfull_NM,2021-08-08,22.33289311719
v3.2.3 iter,P2  (LAI=3.4),DYN_ATBD_rfull_NM,2021-08-09,22.9957603325404
v3.2.3 iter,P2  (LAI=3.4),DYN_ATBD_rfull_NM,2021-08-10,27.0954120305535
v3.2.3 iter,P2  (LAI=3.4),DYN_ATBD_rfull_NM,2021-08-11,29.5502536222482
v3.2.3 iter,P2  (LAI=3.4),DYN_ATBD_rfull_NM,2021-08-12,30.3763140805617
v3.2.3 iter,P2  (LAI=3.4),DYN_ATBD_rfull_NM,2021-08-13,30.4753407112011
v3.2.3 iter,P2  (LAI=3.4),DYN_ATBD_rfull_NM,2021-08-14,32.9185837021187
v3.2.3 iter,P2  (LAI=3.4),DYN_ATBD_rfull_NM,2021-08-15,29.5346341081026
v3.2.3 iter,P2  (LAI=3.4),DYN_ATBD_rfull_NM,2021-08-16,22.9642267764632
v3.2.3 iter,P2  (LAI=3.4),DYN_ATBD_rfull_NM,2021-08-17,19.7241332497723
v3.2.3 iter,P2  (LAI=3.4),DYN_ATBD_rfull_NM,2021-08-18,20.7163890265348
v3.2.3 iter,P2  (LAI=3.4),DYN_ATBD_rfull_NM,2021-08-19,20.2069500484978
v3.2.3 iter,P2  (LAI=3.4),DYN_ATBD_rfull_NM,2021-08-20,24.5426899976702
v3.2.3 iter,P2  (LAI=3.4),DYN_ATBD_rfull_NM,2021-08-21,25.4800154691773
v3.2.3 iter,P2  (LAI=3.4),DYN_ATBD_rfull_NM,2021-08-22,23.1370949772716
v3.2.3 iter,P2  (LAI=3.4),DYN_ATBD_rfull_NM,2021-08-23,23.3074945667875
v3.2.3 iter,P2  (LAI=3.4),DYN_ATBD_rfull_NM,2021-08-24,25.840425792623
v3.2.3 iter,P2  (LAI=3.4),DYN_ATBD_rfull_NM,2021-08-25,26.4346360813271
v3.2.3 iter,P2  (LAI=3.4),DYN_ATBD_rfull_NM,2021-08-26,24.1014149120096
v3.2.3 iter,P2  (LAI=3.4),DYN_ATBD_rfull_NM,2021-08-27,22.1816094239072
v3.2.3 iter,P2  (LAI=3.4),DYN_ATBD_rfull_NM,2021-08-28,21.8738951655955
v3.2.3 iter,P2  (LAI=3.4),DYN_ATBD_rfull_NM,2021-08-29,21.4431088646301
v3.2.3 iter,P2  (LAI=3.4),DYN_ATBD_rfull_NM,2021-08-30,22.4257306515602
v3.2.3 iter,P2  (LAI=3.4),DYN_ATBD_rfull_NM,2021-08-31,23.7768237996444
v3.2.3 iter,P2  (LAI=3.4),DYN_ATBD_rfull_NM,2021-09-01,25.5069428256776
v3.2.3 iter,P2  (LAI=3.4),DYN_ATBD_rfull_NM,2021-09-02,27.9651793455646
v3.2.3 iter,P2  (LAI=3.4),DYN_ATBD_rfull_NM,2021-09-03,27.827470202833
v3.2.3 iter,P2  (LAI=3.4),DYN_ATBD_rfull_NM,2021-09-04,26.8794642459631
v3.2.3 iter,P2  (LAI=3.4),DYN_ATBD_rfull_NM,2021-09-05,28.6991127858188
v3.2.3 iter,P2  (LAI=3.4),DYN_ATBD_rfull_NM,2021-09-06,31.5941623834495
v3.2.3 iter,P2  (LAI=3.4),DYN_ATBD_rfull_NM,2021-09-07,32.6687058242848
v3.2.3 iter,P2  (LAI=3.4),DYN_ATBD_rfull_NM,2021-09-08,28.7218047539545
v3.2.3 iter,P2  (LAI=3.4),DYN_ATBD_rfull_NM,2021-09-09,24.5581712361694
v3.2.3 iter,P2  (LAI=3.4),DYN_ATBD_rfull_NM,2021-09-10,24.3541773966994
v3.2.3 iter,P2  (LAI=3.4),DYN_ATBD_rfull_NM,2021-09-11,23.6295034582241
v3.2.3 iter,P2  (LAI=3.4),DYN_ATBD_rfull_NM,2021-09-12,25.6575488785146
v3.2.3 iter,P2  (LAI=3.4),DYN_ATBD_rfull_NM,2021-09-13,28.6287653683419
v3.2.3 iter,P2  (LAI=3.4),DYN_ATBD_rfull_NM,2021-09-14,27.4906630954903
v3.2.3 iter,P2  (LAI=3.4),DYN_ATBD_rfull_NM,2021-09-15,24.100457078468
v3.2.3 iter,P2  (LAI=3.4),DYN_ATBD_rfull_NM,2021-09-16,23.1055713559858
v3.2.3 iter,P2  (LAI=3.4),DYN_ATBD_rfull_NM,2021-09-17,23.6036344685426
v3.2.3 iter,P2  (LAI=3.4),DYN_ATBD_rfull_NM,2021-09-18,21.706888880227
v3.2.3 iter,P2  (LAI=3.4),DYN_ATBD_rfull_NM,2021-09-19,18.3232887257253
v3.2.3 iter,P2  (LAI=3.4),DYN_ATBD_rfull_NM,2021-09-20,18.9558879193536
v3.2.3 iter,P2  (LAI=3.4),DYN_ATBD_rfull_NM,2021-09-21,19.4807366671141
v3.2.3 iter,P2  (LAI=3.4),DYN_ATBD_rfull_NM,2021-09-22,22.0675969374718
v3.2.3 iter,P2  (LAI=3.4),DYN_ATBD_rfull_NM,2021-09-23,24.3136252384168
v3.2.3 iter,P2  (LAI=3.4),DYN_ATBD_rfull_NM,2021-09-24,24.6073740173758
v3.2.3 iter,P2  (LAI=3.4),DYN_ATBD_rfull_NM,2021-09-25,23.1698570119464
v3.2.3 iter,P2  (LAI=3.4),DYN_ATBD_rfull_NM,2021-09-26,21.9284457113188
v3.2.3 iter,P2  (LAI=3.4),DYN_ATBD_rfull_NM,2021-09-27,20.2497048573681
v3.2.3 iter,P2  (LAI=3.4),DYN_ATBD_rfull_NM,2021-09-28,19.4316365448732
v3.2.3 iter,P2  (LAI=3.4),DYN_ATBD_rfull_NM,2021-09-29,18.296479155938
v3.2.3 iter,P2  (LAI=3.4),DYN_ATBD_rfull_NM,2021-09-30,19.3558045767555
v3.2.3 iter,P2  (LAI=3.4),DYN_OPT_rdopt_NM,2021-06-01,28.804207929122
v3.2.3 iter,P2  (LAI=3.4),DYN_OPT_rdopt_NM,2021-06-02,24.6223560869926
v3.2.3 iter,P2  (LAI=3.4),DYN_OPT_rdopt_NM,2021-06-03,26.7965220464479
v3.2.3 iter,P2  (LAI=3.4),DYN_OPT_rdopt_NM,2021-06-04,17.8669134726134
v3.2.3 iter,P2  (LAI=3.4),DYN_OPT_rdopt_NM,2021-06-05,21.9407450253222
v3.2.3 iter,P2  (LAI=3.4),DYN_OPT_rdopt_NM,2021-06-06,22.6095307283317
v3.2.3 iter,P2  (LAI=3.4),DYN_OPT_rdopt_NM,2021-06-07,23.7091151893151
v3.2.3 iter,P2  (LAI=3.4),DYN_OPT_rdopt_NM,2021-06-08,26.1692083280718
v3.2.3 iter,P2  (LAI=3.4),DYN_OPT_rdopt_NM,2021-06-09,27.9933998351756
v3.2.3 iter,P2  (LAI=3.4),DYN_OPT_rdopt_NM,2021-06-10,28.6081990709022
v3.2.3 iter,P2  (LAI=3.4),DYN_OPT_rdopt_NM,2021-06-11,27.9516837954013
v3.2.3 iter,P2  (LAI=3.4),DYN_OPT_rdopt_NM,2021-06-12,27.7996783829077
v3.2.3 iter,P2  (LAI=3.4),DYN_OPT_rdopt_NM,2021-06-13,28.4314412948482
v3.2.3 iter,P2  (LAI=3.4),DYN_OPT_rdopt_NM,2021-06-14,30.7249391778117
v3.2.3 iter,P2  (LAI=3.4),DYN_OPT_rdopt_NM,2021-06-15,30.2735433946676
v3.2.3 iter,P2  (LAI=3.4),DYN_OPT_rdopt_NM,2021-06-16,32.4157411996771
v3.2.3 iter,P2  (LAI=3.4),DYN_OPT_rdopt_NM,2021-06-17,27.1750614941598
v3.2.3 iter,P2  (LAI=3.4),DYN_OPT_rdopt_NM,2021-06-18,24.7235780607599
v3.2.3 iter,P2  (LAI=3.4),DYN_OPT_rdopt_NM,2021-06-19,24.2856759304663
v3.2.3 iter,P2  (LAI=3.4),DYN_OPT_rdopt_NM,2021-06-20,23.3363702265989
v3.2.3 iter,P2  (LAI=3.4),DYN_OPT_rdopt_NM,2021-06-21,23.8261904892711
v3.2.3 iter,P2  (LAI=3.4),DYN_OPT_rdopt_NM,2021-06-22,21.738596579376
v3.2.3 iter,P2  (LAI=3.4),DYN_OPT_rdopt_NM,2021-06-23,18.506674065265
v3.2.3 iter,P2  (LAI=3.4),DYN_OPT_rdopt_NM,2021-06-24,22.5528453869933
v3.2.3 iter,P2  (LAI=3.4),DYN_OPT_rdopt_NM,2021-06-25,22.4228580659226
v3.2.3 iter,P2  (LAI=3.4),DYN_OPT_rdopt_NM,2021-06-26,24.4077006789018
v3.2.3 iter,P2  (LAI=3.4),DYN_OPT_rdopt_NM,2021-06-27,20.1090043053687
v3.2.3 iter,P2  (LAI=3.4),DYN_OPT_rdopt_NM,2021-06-28,22.4017462662558
v3.2.3 iter,P2  (LAI=3.4),DYN_OPT_rdopt_NM,2021-06-29,19.8629344282448
v3.2.3 iter,P2  (LAI=3.4),DYN_OPT_rdopt_NM,2021-06-30,20.2168187121767
v3.2.3 iter,P2  (LAI=3.4),DYN_OPT_rdopt_NM,2021-07-01,25.3466938122422
v3.2.3 iter,P2  (LAI=3.4),DYN_OPT_rdopt_NM,2021-07-02,26.2403219624993
v3.2.3 iter,P2  (LAI=3.4),DYN_OPT_rdopt_NM,2021-07-03,23.3340683977343
v3.2.3 iter,P2  (LAI=3.4),DYN_OPT_rdopt_NM,2021-07-04,21.1602456773276
v3.2.3 iter,P2  (LAI=3.4),DYN_OPT_rdopt_NM,2021-07-05,23.1141565270393
v3.2.3 iter,P2  (LAI=3.4),DYN_OPT_rdopt_NM,2021-07-06,22.0663106983999
v3.2.3 iter,P2  (LAI=3.4),DYN_OPT_rdopt_NM,2021-07-07,22.1887770345809
v3.2.3 iter,P2  (LAI=3.4),DYN_OPT_rdopt_NM,2021-07-08,21.5436418548985
v3.2.3 iter,P2  (LAI=3.4),DYN_OPT_rdopt_NM,2021-07-09,22.418525957052
v3.2.3 iter,P2  (LAI=3.4),DYN_OPT_rdopt_NM,2021-07-10,20.0572329821277
v3.2.3 iter,P2  (LAI=3.4),DYN_OPT_rdopt_NM,2021-07-11,25.0435325274543
v3.2.3 iter,P2  (LAI=3.4),DYN_OPT_rdopt_NM,2021-07-12,21.074906102697
v3.2.3 iter,P2  (LAI=3.4),DYN_OPT_rdopt_NM,2021-07-13,18.2153153581849
v3.2.3 iter,P2  (LAI=3.4),DYN_OPT_rdopt_NM,2021-07-14,22.8676823841566
v3.2.3 iter,P2  (LAI=3.4),DYN_OPT_rdopt_NM,2021-07-15,25.1490674313439
v3.2.3 iter,P2  (LAI=3.4),DYN_OPT_rdopt_NM,2021-07-16,21.5976864147385
v3.2.3 iter,P2  (LAI=3.4),DYN_OPT_rdopt_NM,2021-07-17,23.6199678745728
v3.2.3 iter,P2  (LAI=3.4),DYN_OPT_rdopt_NM,2021-07-18,29.7561340642999
v3.2.3 iter,P2  (LAI=3.4),DYN_OPT_rdopt_NM,2021-07-19,31.006057661759
v3.2.3 iter,P2  (LAI=3.4),DYN_OPT_rdopt_NM,2021-07-20,30.304657882283
v3.2.3 iter,P2  (LAI=3.4),DYN_OPT_rdopt_NM,2021-07-21,30.6251043084764
v3.2.3 iter,P2  (LAI=3.4),DYN_OPT_rdopt_NM,2021-07-22,30.5029519240206
v3.2.3 iter,P2  (LAI=3.4),DYN_OPT_rdopt_NM,2021-07-23,32.0200241121755
v3.2.3 iter,P2  (LAI=3.4),DYN_OPT_rdopt_NM,2021-07-24,25.2917616545662
v3.2.3 iter,P2  (LAI=3.4),DYN_OPT_rdopt_NM,2021-07-25,24.7300034759587
v3.2.3 iter,P2  (LAI=3.4),DYN_OPT_rdopt_NM,2021-07-26,24.8685291667251
v3.2.3 iter,P2  (LAI=3.4),DYN_OPT_rdopt_NM,2021-07-27,20.5904157723473
v3.2.3 iter,P2  (LAI=3.4),DYN_OPT_rdopt_NM,2021-07-28,23.1593977905806
v3.2.3 iter,P2  (LAI=3.4),DYN_OPT_rdopt_NM,2021-07-29,24.6729474593381
v3.2.3 iter,P2  (LAI=3.4),DYN_OPT_rdopt_NM,2021-07-30,23.998691854238
v3.2.3 iter,P2  (LAI=3.4),DYN_OPT_rdopt_NM,2021-07-31,22.5746741682586
v3.2.3 iter,P2  (LAI=3.4),DYN_OPT_rdopt_NM,2021-08-01,22.4985859696286
v3.2.3 iter,P2  (LAI=3.4),DYN_OPT_rdopt_NM,2021-08-02,22.5174969865359
v3.2.3 iter,P2  (LAI=3.4),DYN_OPT_rdopt_NM,2021-08-03,18.8624327749993
v3.2.3 iter,P2  (LAI=3.4),DYN_OPT_rdopt_NM,2021-08-04,20.6834009258047
v3.2.3 iter,P2  (LAI=3.4),DYN_OPT_rdopt_NM,2021-08-05,21.6875291278212
v3.2.3 iter,P2  (LAI=3.4),DYN_OPT_rdopt_NM,2021-08-06,22.4196335367768
v3.2.3 iter,P2  (LAI=3.4),DYN_OPT_rdopt_NM,2021-08-07,21.873106235947
v3.2.3 iter,P2  (LAI=3.4),DYN_OPT_rdopt_NM,2021-08-08,22.3805633607883
v3.2.3 iter,P2  (LAI=3.4),DYN_OPT_rdopt_NM,2021-08-09,23.1175514356008
v3.2.3 iter,P2  (LAI=3.4),DYN_OPT_rdopt_NM,2021-08-10,27.1347449205647
v3.2.3 iter,P2  (LAI=3.4),DYN_OPT_rdopt_NM,2021-08-11,29.3635514048786
v3.2.3 iter,P2  (LAI=3.4),DYN_OPT_rdopt_NM,2021-08-12,30.3307706959144
v3.2.3 iter,P2  (LAI=3.4),DYN_OPT_rdopt_NM,2021-08-13,30.4193546468277
v3.2.3 iter,P2  (LAI=3.4),DYN_OPT_rdopt_NM,2021-08-14,32.676219881428
v3.2.3 iter,P2  (LAI=3.4),DYN_OPT_rdopt_NM,2021-08-15,29.4930453007816
v3.2.3 iter,P2  (LAI=3.4),DYN_OPT_rdopt_NM,2021-08-16,22.9873995488284
v3.2.3 iter,P2  (LAI=3.4),DYN_OPT_rdopt_NM,2021-08-17,19.7265080173046
v3.2.3 iter,P2  (LAI=3.4),DYN_OPT_rdopt_NM,2021-08-18,20.7825649128802
v3.2.3 iter,P2  (LAI=3.4),DYN_OPT_rdopt_NM,2021-08-19,20.267217180192
v3.2.3 iter,P2  (LAI=3.4),DYN_OPT_rdopt_NM,2021-08-20,24.745154125832
v3.2.3 iter,P2  (LAI=3.4),DYN_OPT_rdopt_NM,2021-08-21,25.5444356314202
v3.2.3 iter,P2  (LAI=3.4),DYN_OPT_rdopt_NM,2021-08-22,23.1295598916979
v3.2.3 iter,P2  (LAI=3.4),DYN_OPT_rdopt_NM,2021-08-23,23.3787760681906
v3.2.3 iter,P2  (LAI=3.4),DYN_OPT_rdopt_NM,2021-08-24,25.8392385468599
v3.2.3 iter,P2  (LAI=3.4),DYN_OPT_rdopt_NM,2021-08-25,26.4309554573694
v3.2.3 iter,P2  (LAI=3.4),DYN_OPT_rdopt_NM,2021-08-26,24.1269199621487
v3.2.3 iter,P2  (LAI=3.4),DYN_OPT_rdopt_NM,2021-08-27,22.3242214588743
v3.2.3 iter,P2  (LAI=3.4),DYN_OPT_rdopt_NM,2021-08-28,22.0502886378015
v3.2.3 iter,P2  (LAI=3.4),DYN_OPT_rdopt_NM,2021-08-29,21.4823078634862
v3.2.3 iter,P2  (LAI=3.4),DYN_OPT_rdopt_NM,2021-08-30,22.5887573741015
v3.2.3 iter,P2  (LAI=3.4),DYN_OPT_rdopt_NM,2021-08-31,23.9155653189994
v3.2.3 iter,P2  (LAI=3.4),DYN_OPT_rdopt_NM,2021-09-01,25.5711848162171
v3.2.3 iter,P2  (LAI=3.4),DYN_OPT_rdopt_NM,2021-09-02,28.0264617657838
v3.2.3 iter,P2  (LAI=3.4),DYN_OPT_rdopt_NM,2021-09-03,27.7776052788646
v3.2.3 iter,P2  (LAI=3.4),DYN_OPT_rdopt_NM,2021-09-04,26.8757554949372
v3.2.3 iter,P2  (LAI=3.4),DYN_OPT_rdopt_NM,2021-09-05,28.8718875576186
v3.2.3 iter,P2  (LAI=3.4),DYN_OPT_rdopt_NM,2021-09-06,31.612178168532
v3.2.3 iter,P2  (LAI=3.4),DYN_OPT_rdopt_NM,2021-09-07,32.6866267623203
v3.2.3 iter,P2  (LAI=3.4),DYN_OPT_rdopt_NM,2021-09-08,28.7267785642842
v3.2.3 iter,P2  (LAI=3.4),DYN_OPT_rdopt_NM,2021-09-09,24.5448573594367
v3.2.3 iter,P2  (LAI=3.4),DYN_OPT_rdopt_NM,2021-09-10,24.5024111874056
v3.2.3 iter,P2  (LAI=3.4),DYN_OPT_rdopt_NM,2021-09-11,23.6432350610106
v3.2.3 iter,P2  (LAI=3.4),DYN_OPT_rdopt_NM,2021-09-12,25.6340654388828
v3.2.3 iter,P2  (LAI=3.4),DYN_OPT_rdopt_NM,2021-09-13,28.476513602643
v3.2.3 iter,P2  (LAI=3.4),DYN_OPT_rdopt_NM,2021-09-14,27.8396862118104
v3.2.3 iter,P2  (LAI=3.4),DYN_OPT_rdopt_NM,2021-09-15,24.1326514657143
v3.2.3 iter,P2  (LAI=3.4),DYN_OPT_rdopt_NM,2021-09-16,23.1493144136763
v3.2.3 iter,P2  (LAI=3.4),DYN_OPT_rdopt_NM,2021-09-17,23.6260236990374
v3.2.3 iter,P2  (LAI=3.4),DYN_OPT_rdopt_NM,2021-09-18,21.7970886555513
v3.2.3 iter,P2  (LAI=3.4),DYN_OPT_rdopt_NM,2021-09-19,18.5934988856873
v3.2.3 iter,P2  (LAI=3.4),DYN_OPT_rdopt_NM,2021-09-20,18.9608746743352
v3.2.3 iter,P2  (LAI=3.4),DYN_OPT_rdopt_NM,2021-09-21,19.35745931216
v3.2.3 iter,P2  (LAI=3.4),DYN_OPT_rdopt_NM,2021-09-22,22.0875560332853
v3.2.3 iter,P2  (LAI=3.4),DYN_OPT_rdopt_NM,2021-09-23,24.2822847029691
v3.2.3 iter,P2  (LAI=3.4),DYN_OPT_rdopt_NM,2021-09-24,24.5560172772136
v3.2.3 iter,P2  (LAI=3.4),DYN_OPT_rdopt_NM,2021-09-25,23.2945761140161
v3.2.3 iter,P2  (LAI=3.4),DYN_OPT_rdopt_NM,2021-09-26,22.0647190201329
v3.2.3 iter,P2  (LAI=3.4),DYN_OPT_rdopt_NM,2021-09-27,20.2516799537856
v3.2.3 iter,P2  (LAI=3.4),DYN_OPT_rdopt_NM,2021-09-28,19.4068289290555
v3.2.3 iter,P2  (LAI=3.4),DYN_OPT_rdopt_NM,2021-09-29,18.1983544732325
v3.2.3 iter,P2  (LAI=3.4),DYN_OPT_rdopt_NM,2021-09-30,19.2639901077908
v3.2.3 iter,P2  (LAI=3.4),DYN_ALS_S2TIMING_NM,2021-06-01,28.8687008395107
v3.2.3 iter,P2  (LAI=3.4),DYN_ALS_S2TIMING_NM,2021-06-02,24.5310676304626
v3.2.3 iter,P2  (LAI=3.4),DYN_ALS_S2TIMING_NM,2021-06-03,26.753656692471
v3.2.3 iter,P2  (LAI=3.4),DYN_ALS_S2TIMING_NM,2021-06-04,17.6848976715406
v3.2.3 iter,P2  (LAI=3.4),DYN_ALS_S2TIMING_NM,2021-06-05,21.8400408849499
v3.2.3 iter,P2  (LAI=3.4),DYN_ALS_S2TIMING_NM,2021-06-06,22.5230443337156
v3.2.3 iter,P2  (LAI=3.4),DYN_ALS_S2TIMING_NM,2021-06-07,23.5612883617759
v3.2.3 iter,P2  (LAI=3.4),DYN_ALS_S2TIMING_NM,2021-06-08,26.0851910996528
v3.2.3 iter,P2  (LAI=3.4),DYN_ALS_S2TIMING_NM,2021-06-09,27.9900989946039
v3.2.3 iter,P2  (LAI=3.4),DYN_ALS_S2TIMING_NM,2021-06-10,28.5117750198256
v3.2.3 iter,P2  (LAI=3.4),DYN_ALS_S2TIMING_NM,2021-06-11,27.9690177027384
v3.2.3 iter,P2  (LAI=3.4),DYN_ALS_S2TIMING_NM,2021-06-12,27.7042553725577
v3.2.3 iter,P2  (LAI=3.4),DYN_ALS_S2TIMING_NM,2021-06-13,28.4440124520165
v3.2.3 iter,P2  (LAI=3.4),DYN_ALS_S2TIMING_NM,2021-06-14,30.9286443018792
v3.2.3 iter,P2  (LAI=3.4),DYN_ALS_S2TIMING_NM,2021-06-15,30.3451352480698
v3.2.3 iter,P2  (LAI=3.4),DYN_ALS_S2TIMING_NM,2021-06-16,32.5539532428014
v3.2.3 iter,P2  (LAI=3.4),DYN_ALS_S2TIMING_NM,2021-06-17,27.1008571349268
v3.2.3 iter,P2  (LAI=3.4),DYN_ALS_S2TIMING_NM,2021-06-18,24.5882355822284
v3.2.3 iter,P2  (LAI=3.4),DYN_ALS_S2TIMING_NM,2021-06-19,23.3055116794899
v3.2.3 iter,P2  (LAI=3.4),DYN_ALS_S2TIMING_NM,2021-06-20,22.8653293736662
v3.2.3 iter,P2  (LAI=3.4),DYN_ALS_S2TIMING_NM,2021-06-21,23.6019681224482
v3.2.3 iter,P2  (LAI=3.4),DYN_ALS_S2TIMING_NM,2021-06-22,21.6589607414024
v3.2.3 iter,P2  (LAI=3.4),DYN_ALS_S2TIMING_NM,2021-06-23,18.3916464094192
v3.2.3 iter,P2  (LAI=3.4),DYN_ALS_S2TIMING_NM,2021-06-24,22.4715349916628
v3.2.3 iter,P2  (LAI=3.4),DYN_ALS_S2TIMING_NM,2021-06-25,22.2840424686833
v3.2.3 iter,P2  (LAI=3.4),DYN_ALS_S2TIMING_NM,2021-06-26,24.2432606333575
v3.2.3 iter,P2  (LAI=3.4),DYN_ALS_S2TIMING_NM,2021-06-27,19.4074598017743
v3.2.3 iter,P2  (LAI=3.4),DYN_ALS_S2TIMING_NM,2021-06-28,22.2913154665461
v3.2.3 iter,P2  (LAI=3.4),DYN_ALS_S2TIMING_NM,2021-06-29,19.7165944200962
v3.2.3 iter,P2  (LAI=3.4),DYN_ALS_S2TIMING_NM,2021-06-30,20.1027681372895
v3.2.3 iter,P2  (LAI=3.4),DYN_ALS_S2TIMING_NM,2021-07-01,25.3404823788422
v3.2.3 iter,P2  (LAI=3.4),DYN_ALS_S2TIMING_NM,2021-07-02,26.0581373934635
v3.2.3 iter,P2  (LAI=3.4),DYN_ALS_S2TIMING_NM,2021-07-03,22.8353133703411
v3.2.3 iter,P2  (LAI=3.4),DYN_ALS_S2TIMING_NM,2021-07-04,22.1984759507095
v3.2.3 iter,P2  (LAI=3.4),DYN_ALS_S2TIMING_NM,2021-07-05,22.972193922781
v3.2.3 iter,P2  (LAI=3.4),DYN_ALS_S2TIMING_NM,2021-07-06,21.9986872091482
v3.2.3 iter,P2  (LAI=3.4),DYN_ALS_S2TIMING_NM,2021-07-07,22.1041369625528
v3.2.3 iter,P2  (LAI=3.4),DYN_ALS_S2TIMING_NM,2021-07-08,21.3442621432233
v3.2.3 iter,P2  (LAI=3.4),DYN_ALS_S2TIMING_NM,2021-07-09,22.341486984334
v3.2.3 iter,P2  (LAI=3.4),DYN_ALS_S2TIMING_NM,2021-07-10,19.8070621529222
v3.2.3 iter,P2  (LAI=3.4),DYN_ALS_S2TIMING_NM,2021-07-11,25.0416548395621
v3.2.3 iter,P2  (LAI=3.4),DYN_ALS_S2TIMING_NM,2021-07-12,20.9959603075085
v3.2.3 iter,P2  (LAI=3.4),DYN_ALS_S2TIMING_NM,2021-07-13,17.9058149450847
v3.2.3 iter,P2  (LAI=3.4),DYN_ALS_S2TIMING_NM,2021-07-14,22.5688899136912
v3.2.3 iter,P2  (LAI=3.4),DYN_ALS_S2TIMING_NM,2021-07-15,25.047944036134
v3.2.3 iter,P2  (LAI=3.4),DYN_ALS_S2TIMING_NM,2021-07-16,21.5313531412598
v3.2.3 iter,P2  (LAI=3.4),DYN_ALS_S2TIMING_NM,2021-07-17,23.5713757658273
v3.2.3 iter,P2  (LAI=3.4),DYN_ALS_S2TIMING_NM,2021-07-18,29.7620056497096
v3.2.3 iter,P2  (LAI=3.4),DYN_ALS_S2TIMING_NM,2021-07-19,31.0395688084708
v3.2.3 iter,P2  (LAI=3.4),DYN_ALS_S2TIMING_NM,2021-07-20,30.4051142612656
v3.2.3 iter,P2  (LAI=3.4),DYN_ALS_S2TIMING_NM,2021-07-21,30.7404164606482
v3.2.3 iter,P2  (LAI=3.4),DYN_ALS_S2TIMING_NM,2021-07-22,30.7561982788771
v3.2.3 iter,P2  (LAI=3.4),DYN_ALS_S2TIMING_NM,2021-07-23,31.9856576101427
v3.2.3 iter,P2  (LAI=3.4),DYN_ALS_S2TIMING_NM,2021-07-24,25.3000540774391
v3.2.3 iter,P2  (LAI=3.4),DYN_ALS_S2TIMING_NM,2021-07-25,24.633859462417
v3.2.3 iter,P2  (LAI=3.4),DYN_ALS_S2TIMING_NM,2021-07-26,24.8365749742178
v3.2.3 iter,P2  (LAI=3.4),DYN_ALS_S2TIMING_NM,2021-07-27,20.1490156611828
v3.2.3 iter,P2  (LAI=3.4),DYN_ALS_S2TIMING_NM,2021-07-28,23.0959684694514
v3.2.3 iter,P2  (LAI=3.4),DYN_ALS_S2TIMING_NM,2021-07-29,24.6429344196505
v3.2.3 iter,P2  (LAI=3.4),DYN_ALS_S2TIMING_NM,2021-07-30,24.0610301723205
v3.2.3 iter,P2  (LAI=3.4),DYN_ALS_S2TIMING_NM,2021-07-31,22.5909299400856
v3.2.3 iter,P2  (LAI=3.4),DYN_ALS_S2TIMING_NM,2021-08-01,22.4968429589871
v3.2.3 iter,P2  (LAI=3.4),DYN_ALS_S2TIMING_NM,2021-08-02,22.3610391520187
v3.2.3 iter,P2  (LAI=3.4),DYN_ALS_S2TIMING_NM,2021-08-03,18.9346113130173
v3.2.3 iter,P2  (LAI=3.4),DYN_ALS_S2TIMING_NM,2021-08-04,20.1828790372629
v3.2.3 iter,P2  (LAI=3.4),DYN_ALS_S2TIMING_NM,2021-08-05,21.6516887342342
v3.2.3 iter,P2  (LAI=3.4),DYN_ALS_S2TIMING_NM,2021-08-06,22.3538334430394
v3.2.3 iter,P2  (LAI=3.4),DYN_ALS_S2TIMING_NM,2021-08-07,21.8226552130826
v3.2.3 iter,P2  (LAI=3.4),DYN_ALS_S2TIMING_NM,2021-08-08,22.3478262289457
v3.2.3 iter,P2  (LAI=3.4),DYN_ALS_S2TIMING_NM,2021-08-09,23.0271817488735
v3.2.3 iter,P2  (LAI=3.4),DYN_ALS_S2TIMING_NM,2021-08-10,27.1184943053248
v3.2.3 iter,P2  (LAI=3.4),DYN_ALS_S2TIMING_NM,2021-08-11,29.5301964831514
v3.2.3 iter,P2  (LAI=3.4),DYN_ALS_S2TIMING_NM,2021-08-12,30.3959531530757
v3.2.3 iter,P2  (LAI=3.4),DYN_ALS_S2TIMING_NM,2021-08-13,30.4915537550402
v3.2.3 iter,P2  (LAI=3.4),DYN_ALS_S2TIMING_NM,2021-08-14,32.9361362082675
v3.2.3 iter,P2  (LAI=3.4),DYN_ALS_S2TIMING_NM,2021-08-15,29.5472960262788
v3.2.3 iter,P2  (LAI=3.4),DYN_ALS_S2TIMING_NM,2021-08-16,22.9790405937603
v3.2.3 iter,P2  (LAI=3.4),DYN_ALS_S2TIMING_NM,2021-08-17,19.739799535868
v3.2.3 iter,P2  (LAI=3.4),DYN_ALS_S2TIMING_NM,2021-08-18,20.7178886518317
v3.2.3 iter,P2  (LAI=3.4),DYN_ALS_S2TIMING_NM,2021-08-19,20.2237023926908
v3.2.3 iter,P2  (LAI=3.4),DYN_ALS_S2TIMING_NM,2021-08-20,24.5997779176844
v3.2.3 iter,P2  (LAI=3.4),DYN_ALS_S2TIMING_NM,2021-08-21,25.506802996063
v3.2.3 iter,P2  (LAI=3.4),DYN_ALS_S2TIMING_NM,2021-08-22,23.1131326587228
v3.2.3 iter,P2  (LAI=3.4),DYN_ALS_S2TIMING_NM,2021-08-23,23.3295362508574
v3.2.3 iter,P2  (LAI=3.4),DYN_ALS_S2TIMING_NM,2021-08-24,25.854694306661
v3.2.3 iter,P2  (LAI=3.4),DYN_ALS_S2TIMING_NM,2021-08-25,26.4489184578196
v3.2.3 iter,P2  (LAI=3.4),DYN_ALS_S2TIMING_NM,2021-08-26,24.0915365307304
v3.2.3 iter,P2  (LAI=3.4),DYN_ALS_S2TIMING_NM,2021-08-27,22.2125915042593
v3.2.3 iter,P2  (LAI=3.4),DYN_ALS_S2TIMING_NM,2021-08-28,21.908393071605
v3.2.3 iter,P2  (LAI=3.4),DYN_ALS_S2TIMING_NM,2021-08-29,21.4648872447344
v3.2.3 iter,P2  (LAI=3.4),DYN_ALS_S2TIMING_NM,2021-08-30,22.4595828891862
v3.2.3 iter,P2  (LAI=3.4),DYN_ALS_S2TIMING_NM,2021-08-31,23.8077531555868
v3.2.3 iter,P2  (LAI=3.4),DYN_ALS_S2TIMING_NM,2021-09-01,25.5272780335895
v3.2.3 iter,P2  (LAI=3.4),DYN_ALS_S2TIMING_NM,2021-09-02,27.9905118443769
v3.2.3 iter,P2  (LAI=3.4),DYN_ALS_S2TIMING_NM,2021-09-03,27.8441571806396
v3.2.3 iter,P2  (LAI=3.4),DYN_ALS_S2TIMING_NM,2021-09-04,26.8931027434546
v3.2.3 iter,P2  (LAI=3.4),DYN_ALS_S2TIMING_NM,2021-09-05,28.7559795245047
v3.2.3 iter,P2  (LAI=3.4),DYN_ALS_S2TIMING_NM,2021-09-06,31.6204295729462
v3.2.3 iter,P2  (LAI=3.4),DYN_ALS_S2TIMING_NM,2021-09-07,32.6948723810202
v3.2.3 iter,P2  (LAI=3.4),DYN_ALS_S2TIMING_NM,2021-09-08,28.76423490562
v3.2.3 iter,P2  (LAI=3.4),DYN_ALS_S2TIMING_NM,2021-09-09,24.5564533889586
v3.2.3 iter,P2  (LAI=3.4),DYN_ALS_S2TIMING_NM,2021-09-10,24.3804882473942
v3.2.3 iter,P2  (LAI=3.4),DYN_ALS_S2TIMING_NM,2021-09-11,23.6293480440336
v3.2.3 iter,P2  (LAI=3.4),DYN_ALS_S2TIMING_NM,2021-09-12,25.643934459906
v3.2.3 iter,P2  (LAI=3.4),DYN_ALS_S2TIMING_NM,2021-09-13,28.6192287001428
v3.2.3 iter,P2  (LAI=3.4),DYN_ALS_S2TIMING_NM,2021-09-14,27.5503286389736
v3.2.3 iter,P2  (LAI=3.4),DYN_ALS_S2TIMING_NM,2021-09-15,24.110345224978
v3.2.3 iter,P2  (LAI=3.4),DYN_ALS_S2TIMING_NM,2021-09-16,23.1173117270976
v3.2.3 iter,P2  (LAI=3.4),DYN_ALS_S2TIMING_NM,2021-09-17,23.6080854360819
v3.2.3 iter,P2  (LAI=3.4),DYN_ALS_S2TIMING_NM,2021-09-18,21.7238989766776
v3.2.3 iter,P2  (LAI=3.4),DYN_ALS_S2TIMING_NM,2021-09-19,18.3905675102596
v3.2.3 iter,P2  (LAI=3.4),DYN_ALS_S2TIMING_NM,2021-09-20,18.9568230948661
v3.2.3 iter,P2  (LAI=3.4),DYN_ALS_S2TIMING_NM,2021-09-21,19.4893576566317
v3.2.3 iter,P2  (LAI=3.4),DYN_ALS_S2TIMING_NM,2021-09-22,22.0565351932775
v3.2.3 iter,P2  (LAI=3.4),DYN_ALS_S2TIMING_NM,2021-09-23,24.3091355588522
v3.2.3 iter,P2  (LAI=3.4),DYN_ALS_S2TIMING_NM,2021-09-24,24.5991110107179
v3.2.3 iter,P2  (LAI=3.4),DYN_ALS_S2TIMING_NM,2021-09-25,23.1920465014795
v3.2.3 iter,P2  (LAI=3.4),DYN_ALS_S2TIMING_NM,2021-09-26,21.949712884507
v3.2.3 iter,P2  (LAI=3.4),DYN_ALS_S2TIMING_NM,2021-09-27,20.2595090094252
v3.2.3 iter,P2  (LAI=3.4),DYN_ALS_S2TIMING_NM,2021-09-28,19.425646236725
v3.2.3 iter,P2  (LAI=3.4),DYN_ALS_S2TIMING_NM,2021-09-29,18.3007139753981
v3.2.3 iter,P2  (LAI=3.4),DYN_ALS_S2TIMING_NM,2021-09-30,19.3384982836589
v3.2.3 iter,P2  (LAI=3.4),DYN_ALSoOPT_S2TIMING_NM,2021-06-01,28.8221587247933
v3.2.3 iter,P2  (LAI=3.4),DYN_ALSoOPT_S2TIMING_NM,2021-06-02,24.4790948245079
v3.2.3 iter,P2  (LAI=3.4),DYN_ALSoOPT_S2TIMING_NM,2021-06-03,26.695092875737
v3.2.3 iter,P2  (LAI=3.4),DYN_ALSoOPT_S2TIMING_NM,2021-06-04,17.6042084789589
v3.2.3 iter,P2  (LAI=3.4),DYN_ALSoOPT_S2TIMING_NM,2021-06-05,21.8260056757582
v3.2.3 iter,P2  (LAI=3.4),DYN_ALSoOPT_S2TIMING_NM,2021-06-06,22.4755250707782
v3.2.3 iter,P2  (LAI=3.4),DYN_ALSoOPT_S2TIMING_NM,2021-06-07,23.4966328684824
v3.2.3 iter,P2  (LAI=3.4),DYN_ALSoOPT_S2TIMING_NM,2021-06-08,26.0241311625007
v3.2.3 iter,P2  (LAI=3.4),DYN_ALSoOPT_S2TIMING_NM,2021-06-09,27.9298233335645
v3.2.3 iter,P2  (LAI=3.4),DYN_ALSoOPT_S2TIMING_NM,2021-06-10,28.4759243579567
v3.2.3 iter,P2  (LAI=3.4),DYN_ALSoOPT_S2TIMING_NM,2021-06-11,27.903001092393
v3.2.3 iter,P2  (LAI=3.4),DYN_ALSoOPT_S2TIMING_NM,2021-06-12,27.6325818900282
v3.2.3 iter,P2  (LAI=3.4),DYN_ALSoOPT_S2TIMING_NM,2021-06-13,28.3910248073264
v3.2.3 iter,P2  (LAI=3.4),DYN_ALSoOPT_S2TIMING_NM,2021-06-14,30.8428891899212
v3.2.3 iter,P2  (LAI=3.4),DYN_ALSoOPT_S2TIMING_NM,2021-06-15,30.2892456912344
v3.2.3 iter,P2  (LAI=3.4),DYN_ALSoOPT_S2TIMING_NM,2021-06-16,32.4175069959087
v3.2.3 iter,P2  (LAI=3.4),DYN_ALSoOPT_S2TIMING_NM,2021-06-17,27.1211477960609
v3.2.3 iter,P2  (LAI=3.4),DYN_ALSoOPT_S2TIMING_NM,2021-06-18,24.5470934730171
v3.2.3 iter,P2  (LAI=3.4),DYN_ALSoOPT_S2TIMING_NM,2021-06-19,23.0633637448721
v3.2.3 iter,P2  (LAI=3.4),DYN_ALSoOPT_S2TIMING_NM,2021-06-20,22.7783556814561
v3.2.3 iter,P2  (LAI=3.4),DYN_ALSoOPT_S2TIMING_NM,2021-06-21,23.6091593019922
v3.2.3 iter,P2  (LAI=3.4),DYN_ALSoOPT_S2TIMING_NM,2021-06-22,21.5601376364963
v3.2.3 iter,P2  (LAI=3.4),DYN_ALSoOPT_S2TIMING_NM,2021-06-23,18.3464351281819
v3.2.3 iter,P2  (LAI=3.4),DYN_ALSoOPT_S2TIMING_NM,2021-06-24,22.5087798146017
v3.2.3 iter,P2  (LAI=3.4),DYN_ALSoOPT_S2TIMING_NM,2021-06-25,22.2243799855061
v3.2.3 iter,P2  (LAI=3.4),DYN_ALSoOPT_S2TIMING_NM,2021-06-26,24.132686285115
v3.2.3 iter,P2  (LAI=3.4),DYN_ALSoOPT_S2TIMING_NM,2021-06-27,19.2509163823898
v3.2.3 iter,P2  (LAI=3.4),DYN_ALSoOPT_S2TIMING_NM,2021-06-28,22.2887908351235
v3.2.3 iter,P2  (LAI=3.4),DYN_ALSoOPT_S2TIMING_NM,2021-06-29,19.6603853233818
v3.2.3 iter,P2  (LAI=3.4),DYN_ALSoOPT_S2TIMING_NM,2021-06-30,20.0656994640731
v3.2.3 iter,P2  (LAI=3.4),DYN_ALSoOPT_S2TIMING_NM,2021-07-01,25.3106055031126
v3.2.3 iter,P2  (LAI=3.4),DYN_ALSoOPT_S2TIMING_NM,2021-07-02,25.9800357885501
v3.2.3 iter,P2  (LAI=3.4),DYN_ALSoOPT_S2TIMING_NM,2021-07-03,22.7627875857581
v3.2.3 iter,P2  (LAI=3.4),DYN_ALSoOPT_S2TIMING_NM,2021-07-04,20.9716714442961
v3.2.3 iter,P2  (LAI=3.4),DYN_ALSoOPT_S2TIMING_NM,2021-07-05,22.9282295478321
v3.2.3 iter,P2  (LAI=3.4),DYN_ALSoOPT_S2TIMING_NM,2021-07-06,21.9715639889032
v3.2.3 iter,P2  (LAI=3.4),DYN_ALSoOPT_S2TIMING_NM,2021-07-07,22.0716944033113
v3.2.3 iter,P2  (LAI=3.4),DYN_ALSoOPT_S2TIMING_NM,2021-07-08,21.3040716138265
v3.2.3 iter,P2  (LAI=3.4),DYN_ALSoOPT_S2TIMING_NM,2021-07-09,22.30116782963
v3.2.3 iter,P2  (LAI=3.4),DYN_ALSoOPT_S2TIMING_NM,2021-07-10,19.7124358224318
v3.2.3 iter,P2  (LAI=3.4),DYN_ALSoOPT_S2TIMING_NM,2021-07-11,25.0028676507462
v3.2.3 iter,P2  (LAI=3.4),DYN_ALSoOPT_S2TIMING_NM,2021-07-12,20.9575322561769
v3.2.3 iter,P2  (LAI=3.4),DYN_ALSoOPT_S2TIMING_NM,2021-07-13,17.843775033413
v3.2.3 iter,P2  (LAI=3.4),DYN_ALSoOPT_S2TIMING_NM,2021-07-14,22.5090233723222
v3.2.3 iter,P2  (LAI=3.4),DYN_ALSoOPT_S2TIMING_NM,2021-07-15,25.0056904349425
v3.2.3 iter,P2  (LAI=3.4),DYN_ALSoOPT_S2TIMING_NM,2021-07-16,21.9950101498012
v3.2.3 iter,P2  (LAI=3.4),DYN_ALSoOPT_S2TIMING_NM,2021-07-17,23.5509535536021
v3.2.3 iter,P2  (LAI=3.4),DYN_ALSoOPT_S2TIMING_NM,2021-07-18,29.7334224354033
v3.2.3 iter,P2  (LAI=3.4),DYN_ALSoOPT_S2TIMING_NM,2021-07-19,31.0174061582669
v3.2.3 iter,P2  (LAI=3.4),DYN_ALSoOPT_S2TIMING_NM,2021-07-20,30.3949273272239
v3.2.3 iter,P2  (LAI=3.4),DYN_ALSoOPT_S2TIMING_NM,2021-07-21,30.7305188165444
v3.2.3 iter,P2  (LAI=3.4),DYN_ALSoOPT_S2TIMING_NM,2021-07-22,30.759716764089
v3.2.3 iter,P2  (LAI=3.4),DYN_ALSoOPT_S2TIMING_NM,2021-07-23,31.9279485364178
v3.2.3 iter,P2  (LAI=3.4),DYN_ALSoOPT_S2TIMING_NM,2021-07-24,25.2761708209858
v3.2.3 iter,P2  (LAI=3.4),DYN_ALSoOPT_S2TIMING_NM,2021-07-25,24.6106500168229
v3.2.3 iter,P2  (LAI=3.4),DYN_ALSoOPT_S2TIMING_NM,2021-07-26,24.8122170145166
v3.2.3 iter,P2  (LAI=3.4),DYN_ALSoOPT_S2TIMING_NM,2021-07-27,20.0172172488608
v3.2.3 iter,P2  (LAI=3.4),DYN_ALSoOPT_S2TIMING_NM,2021-07-28,23.0774166250665
v3.2.3 iter,P2  (LAI=3.4),DYN_ALSoOPT_S2TIMING_NM,2021-07-29,24.6622018808568
v3.2.3 iter,P2  (LAI=3.4),DYN_ALSoOPT_S2TIMING_NM,2021-07-30,24.0619019053515
v3.2.3 iter,P2  (LAI=3.4),DYN_ALSoOPT_S2TIMING_NM,2021-07-31,22.5124686287835
v3.2.3 iter,P2  (LAI=3.4),DYN_ALSoOPT_S2TIMING_NM,2021-08-01,22.4647863092978
v3.2.3 iter,P2  (LAI=3.4),DYN_ALSoOPT_S2TIMING_NM,2021-08-02,22.3398042689759
v3.2.3 iter,P2  (LAI=3.4),DYN_ALSoOPT_S2TIMING_NM,2021-08-03,18.9174244657168
v3.2.3 iter,P2  (LAI=3.4),DYN_ALSoOPT_S2TIMING_NM,2021-08-04,20.1324257878184
v3.2.3 iter,P2  (LAI=3.4),DYN_ALSoOPT_S2TIMING_NM,2021-08-05,21.6323812746712
v3.2.3 iter,P2  (LAI=3.4),DYN_ALSoOPT_S2TIMING_NM,2021-08-06,22.3274083311352
v3.2.3 iter,P2  (LAI=3.4),DYN_ALSoOPT_S2TIMING_NM,2021-08-07,21.7925849145642
v3.2.3 iter,P2  (LAI=3.4),DYN_ALSoOPT_S2TIMING_NM,2021-08-08,22.3283455132212
v3.2.3 iter,P2  (LAI=3.4),DYN_ALSoOPT_S2TIMING_NM,2021-08-09,22.9874706715215
v3.2.3 iter,P2  (LAI=3.4),DYN_ALSoOPT_S2TIMING_NM,2021-08-10,27.0886164767543
v3.2.3 iter,P2  (LAI=3.4),DYN_ALSoOPT_S2TIMING_NM,2021-08-11,29.5541046564368
v3.2.3 iter,P2  (LAI=3.4),DYN_ALSoOPT_S2TIMING_NM,2021-08-12,30.3692827136992
v3.2.3 iter,P2  (LAI=3.4),DYN_ALSoOPT_S2TIMING_NM,2021-08-13,30.4695000315289
v3.2.3 iter,P2  (LAI=3.4),DYN_ALSoOPT_S2TIMING_NM,2021-08-14,32.9131359718215
v3.2.3 iter,P2  (LAI=3.4),DYN_ALSoOPT_S2TIMING_NM,2021-08-15,29.5302285070674
v3.2.3 iter,P2  (LAI=3.4),DYN_ALSoOPT_S2TIMING_NM,2021-08-16,22.9650381427266
v3.2.3 iter,P2  (LAI=3.4),DYN_ALSoOPT_S2TIMING_NM,2021-08-17,19.7220182228483
v3.2.3 iter,P2  (LAI=3.4),DYN_ALSoOPT_S2TIMING_NM,2021-08-18,20.7132772536682
v3.2.3 iter,P2  (LAI=3.4),DYN_ALSoOPT_S2TIMING_NM,2021-08-19,20.2026601967869
v3.2.3 iter,P2  (LAI=3.4),DYN_ALSoOPT_S2TIMING_NM,2021-08-20,24.5276635269825
v3.2.3 iter,P2  (LAI=3.4),DYN_ALSoOPT_S2TIMING_NM,2021-08-21,25.4723142205263
v3.2.3 iter,P2  (LAI=3.4),DYN_ALSoOPT_S2TIMING_NM,2021-08-22,23.1346472836639
v3.2.3 iter,P2  (LAI=3.4),DYN_ALSoOPT_S2TIMING_NM,2021-08-23,23.3010911930827
v3.2.3 iter,P2  (LAI=3.4),DYN_ALSoOPT_S2TIMING_NM,2021-08-24,25.8358406144381
v3.2.3 iter,P2  (LAI=3.4),DYN_ALSoOPT_S2TIMING_NM,2021-08-25,26.4300657856987
v3.2.3 iter,P2  (LAI=3.4),DYN_ALSoOPT_S2TIMING_NM,2021-08-26,24.0977795578872
v3.2.3 iter,P2  (LAI=3.4),DYN_ALSoOPT_S2TIMING_NM,2021-08-27,22.1735707093297
v3.2.3 iter,P2  (LAI=3.4),DYN_ALSoOPT_S2TIMING_NM,2021-08-28,21.8653285721629
v3.2.3 iter,P2  (LAI=3.4),DYN_ALSoOPT_S2TIMING_NM,2021-08-29,21.4370873368845
v3.2.3 iter,P2  (LAI=3.4),DYN_ALSoOPT_S2TIMING_NM,2021-08-30,22.4173163951965
v3.2.3 iter,P2  (LAI=3.4),DYN_ALSoOPT_S2TIMING_NM,2021-08-31,23.7689555821896
v3.2.3 iter,P2  (LAI=3.4),DYN_ALSoOPT_S2TIMING_NM,2021-09-01,25.5014759152245
v3.2.3 iter,P2  (LAI=3.4),DYN_ALSoOPT_S2TIMING_NM,2021-09-02,27.9577091275493
v3.2.3 iter,P2  (LAI=3.4),DYN_ALSoOPT_S2TIMING_NM,2021-09-03,27.821246406278
v3.2.3 iter,P2  (LAI=3.4),DYN_ALSoOPT_S2TIMING_NM,2021-09-04,26.8742841004156
v3.2.3 iter,P2  (LAI=3.4),DYN_ALSoOPT_S2TIMING_NM,2021-09-05,28.6848003261305
v3.2.3 iter,P2  (LAI=3.4),DYN_ALSoOPT_S2TIMING_NM,2021-09-06,31.5879131193808
v3.2.3 iter,P2  (LAI=3.4),DYN_ALSoOPT_S2TIMING_NM,2021-09-07,32.6612171953939
v3.2.3 iter,P2  (LAI=3.4),DYN_ALSoOPT_S2TIMING_NM,2021-09-08,28.7122845573186
v3.2.3 iter,P2  (LAI=3.4),DYN_ALSoOPT_S2TIMING_NM,2021-09-09,24.55658181389
v3.2.3 iter,P2  (LAI=3.4),DYN_ALSoOPT_S2TIMING_NM,2021-09-10,24.3500335778844
v3.2.3 iter,P2  (LAI=3.4),DYN_ALSoOPT_S2TIMING_NM,2021-09-11,23.6252991058963
v3.2.3 iter,P2  (LAI=3.4),DYN_ALSoOPT_S2TIMING_NM,2021-09-12,25.6551511166474
v3.2.3 iter,P2  (LAI=3.4),DYN_ALSoOPT_S2TIMING_NM,2021-09-13,28.6261542342495
v3.2.3 iter,P2  (LAI=3.4),DYN_ALSoOPT_S2TIMING_NM,2021-09-14,27.4775667905059
v3.2.3 iter,P2  (LAI=3.4),DYN_ALSoOPT_S2TIMING_NM,2021-09-15,24.0970517348792
v3.2.3 iter,P2  (LAI=3.4),DYN_ALSoOPT_S2TIMING_NM,2021-09-16,23.1138516861561
v3.2.3 iter,P2  (LAI=3.4),DYN_ALSoOPT_S2TIMING_NM,2021-09-17,23.604508140886
v3.2.3 iter,P2  (LAI=3.4),DYN_ALSoOPT_S2TIMING_NM,2021-09-18,21.7033102636615
v3.2.3 iter,P2  (LAI=3.4),DYN_ALSoOPT_S2TIMING_NM,2021-09-19,18.3179037527056
v3.2.3 iter,P2  (LAI=3.4),DYN_ALSoOPT_S2TIMING_NM,2021-09-20,18.9557035597764
v3.2.3 iter,P2  (LAI=3.4),DYN_ALSoOPT_S2TIMING_NM,2021-09-21,19.4773686637351
v3.2.3 iter,P2  (LAI=3.4),DYN_ALSoOPT_S2TIMING_NM,2021-09-22,22.0651008170539
v3.2.3 iter,P2  (LAI=3.4),DYN_ALSoOPT_S2TIMING_NM,2021-09-23,24.3085898716568
v3.2.3 iter,P2  (LAI=3.4),DYN_ALSoOPT_S2TIMING_NM,2021-09-24,24.608473168647
v3.2.3 iter,P2  (LAI=3.4),DYN_ALSoOPT_S2TIMING_NM,2021-09-25,23.1638723059518
v3.2.3 iter,P2  (LAI=3.4),DYN_ALSoOPT_S2TIMING_NM,2021-09-26,21.9229227989586
v3.2.3 iter,P2  (LAI=3.4),DYN_ALSoOPT_S2TIMING_NM,2021-09-27,20.2501679219262
v3.2.3 iter,P2  (LAI=3.4),DYN_ALSoOPT_S2TIMING_NM,2021-09-28,19.4319187781732
v3.2.3 iter,P2  (LAI=3.4),DYN_ALSoOPT_S2TIMING_NM,2021-09-29,18.2986322923521
v3.2.3 iter,P2  (LAI=3.4),DYN_ALSoOPT_S2TIMING_NM,2021-09-30,19.3576295949071
v3.2.3 iter,P3  (LAI=4.7),STATIC_ALS,2021-06-01,28.0626770019532
v3.2.3 iter,P3  (LAI=4.7),STATIC_ALS,2021-06-02,23.5672241210938
v3.2.3 iter,P3  (LAI=4.7),STATIC_ALS,2021-06-03,26.1193786621094
v3.2.3 iter,P3  (LAI=4.7),STATIC_ALS,2021-06-04,17.4144836425782
v3.2.3 iter,P3  (LAI=4.7),STATIC_ALS,2021-06-05,21.5364318847656
v3.2.3 iter,P3  (LAI=4.7),STATIC_ALS,2021-06-06,22.1625610351563
v3.2.3 iter,P3  (LAI=4.7),STATIC_ALS,2021-06-07,23.0717407226563
v3.2.3 iter,P3  (LAI=4.7),STATIC_ALS,2021-06-08,25.5809265136719
v3.2.3 iter,P3  (LAI=4.7),STATIC_ALS,2021-06-09,27.5681701660157
v3.2.3 iter,P3  (LAI=4.7),STATIC_ALS,2021-06-10,28.1032348632813
v3.2.3 iter,P3  (LAI=4.7),STATIC_ALS,2021-06-11,27.4692016601563
v3.2.3 iter,P3  (LAI=4.7),STATIC_ALS,2021-06-12,27.2216430664063
v3.2.3 iter,P3  (LAI=4.7),STATIC_ALS,2021-06-13,28.0693603515625
v3.2.3 iter,P3  (LAI=4.7),STATIC_ALS,2021-06-14,30.387353515625
v3.2.3 iter,P3  (LAI=4.7),STATIC_ALS,2021-06-15,29.9030090332032
v3.2.3 iter,P3  (LAI=4.7),STATIC_ALS,2021-06-16,31.8103271484375
v3.2.3 iter,P3  (LAI=4.7),STATIC_ALS,2021-06-17,26.9266906738282
v3.2.3 iter,P3  (LAI=4.7),STATIC_ALS,2021-06-18,24.3475280761719
v3.2.3 iter,P3  (LAI=4.7),STATIC_ALS,2021-06-19,22.1937805175781
v3.2.3 iter,P3  (LAI=4.7),STATIC_ALS,2021-06-20,22.4455810546875
v3.2.3 iter,P3  (LAI=4.7),STATIC_ALS,2021-06-21,23.5007568359375
v3.2.3 iter,P3  (LAI=4.7),STATIC_ALS,2021-06-22,21.4614501953125
v3.2.3 iter,P3  (LAI=4.7),STATIC_ALS,2021-06-23,18.2566162109375
v3.2.3 iter,P3  (LAI=4.7),STATIC_ALS,2021-06-24,22.3712097167969
v3.2.3 iter,P3  (LAI=4.7),STATIC_ALS,2021-06-25,21.9402099609375
v3.2.3 iter,P3  (LAI=4.7),STATIC_ALS,2021-06-26,23.5973449707031
v3.2.3 iter,P3  (LAI=4.7),STATIC_ALS,2021-06-27,18.7646118164063
v3.2.3 iter,P3  (LAI=4.7),STATIC_ALS,2021-06-28,21.9688049316406
v3.2.3 iter,P3  (LAI=4.7),STATIC_ALS,2021-06-29,19.5421997070313
v3.2.3 iter,P3  (LAI=4.7),STATIC_ALS,2021-06-30,19.8457580566406
v3.2.3 iter,P3  (LAI=4.7),STATIC_ALS,2021-07-01,24.9992004394532
v3.2.3 iter,P3  (LAI=4.7),STATIC_ALS,2021-07-02,25.4753356933594
v3.2.3 iter,P3  (LAI=4.7),STATIC_ALS,2021-07-03,22.4051452636719
v3.2.3 iter,P3  (LAI=4.7),STATIC_ALS,2021-07-04,20.7646118164063
v3.2.3 iter,P3  (LAI=4.7),STATIC_ALS,2021-07-05,22.6636596679688
v3.2.3 iter,P3  (LAI=4.7),STATIC_ALS,2021-07-06,21.767236328125
v3.2.3 iter,P3  (LAI=4.7),STATIC_ALS,2021-07-07,21.8407836914063
v3.2.3 iter,P3  (LAI=4.7),STATIC_ALS,2021-07-08,21.0075622558594
v3.2.3 iter,P3  (LAI=4.7),STATIC_ALS,2021-07-09,21.938134765625
v3.2.3 iter,P3  (LAI=4.7),STATIC_ALS,2021-07-10,19.1426635742188
v3.2.3 iter,P3  (LAI=4.7),STATIC_ALS,2021-07-11,24.4790893554688
v3.2.3 iter,P3  (LAI=4.7),STATIC_ALS,2021-07-12,20.7679077148438
v3.2.3 iter,P3  (LAI=4.7),STATIC_ALS,2021-07-13,17.4841552734375
v3.2.3 iter,P3  (LAI=4.7),STATIC_ALS,2021-07-14,22.0786987304688
v3.2.3 iter,P3  (LAI=4.7),STATIC_ALS,2021-07-15,24.5729309082032
v3.2.3 iter,P3  (LAI=4.7),STATIC_ALS,2021-07-16,21.2432800292969
v3.2.3 iter,P3  (LAI=4.7),STATIC_ALS,2021-07-17,23.238916015625
v3.2.3 iter,P3  (LAI=4.7),STATIC_ALS,2021-07-18,29.2669006347657
v3.2.3 iter,P3  (LAI=4.7),STATIC_ALS,2021-07-19,30.5705200195313
v3.2.3 iter,P3  (LAI=4.7),STATIC_ALS,2021-07-20,29.9910827636719
v3.2.3 iter,P3  (LAI=4.7),STATIC_ALS,2021-07-21,30.2968688964844
v3.2.3 iter,P3  (LAI=4.7),STATIC_ALS,2021-07-22,30.2971435546875
v3.2.3 iter,P3  (LAI=4.7),STATIC_ALS,2021-07-23,31.1649108886719
v3.2.3 iter,P3  (LAI=4.7),STATIC_ALS,2021-07-24,25.0908447265625
v3.2.3 iter,P3  (LAI=4.7),STATIC_ALS,2021-07-25,24.2091918945313
v3.2.3 iter,P3  (LAI=4.7),STATIC_ALS,2021-07-26,24.4535461425782
v3.2.3 iter,P3  (LAI=4.7),STATIC_ALS,2021-07-27,19.1935974121094
v3.2.3 iter,P3  (LAI=4.7),STATIC_ALS,2021-07-28,22.7979370117188
v3.2.3 iter,P3  (LAI=4.7),STATIC_ALS,2021-07-29,24.3460327148438
v3.2.3 iter,P3  (LAI=4.7),STATIC_ALS,2021-07-30,23.8279357910157
v3.2.3 iter,P3  (LAI=4.7),STATIC_ALS,2021-07-31,22.3975463867188
v3.2.3 iter,P3  (LAI=4.7),STATIC_ALS,2021-08-01,22.2567687988282
v3.2.3 iter,P3  (LAI=4.7),STATIC_ALS,2021-08-02,22.0584655761719
v3.2.3 iter,P3  (LAI=4.7),STATIC_ALS,2021-08-03,18.8147827148438
v3.2.3 iter,P3  (LAI=4.7),STATIC_ALS,2021-08-04,19.1924377441407
v3.2.3 iter,P3  (LAI=4.7),STATIC_ALS,2021-08-05,21.3587585449219
v3.2.3 iter,P3  (LAI=4.7),STATIC_ALS,2021-08-06,22.0281616210938
v3.2.3 iter,P3  (LAI=4.7),STATIC_ALS,2021-08-07,21.4926696777344
v3.2.3 iter,P3  (LAI=4.7),STATIC_ALS,2021-08-08,22.0351501464844
v3.2.3 iter,P3  (LAI=4.7),STATIC_ALS,2021-08-09,22.5266052246094
v3.2.3 iter,P3  (LAI=4.7),STATIC_ALS,2021-08-10,26.5981384277344
v3.2.3 iter,P3  (LAI=4.7),STATIC_ALS,2021-08-11,29.0631958007813
v3.2.3 iter,P3  (LAI=4.7),STATIC_ALS,2021-08-12,29.7714172363282
v3.2.3 iter,P3  (LAI=4.7),STATIC_ALS,2021-08-13,29.9096313476563
v3.2.3 iter,P3  (LAI=4.7),STATIC_ALS,2021-08-14,32.2028747558594
v3.2.3 iter,P3  (LAI=4.7),STATIC_ALS,2021-08-15,29.1105590820313
v3.2.3 iter,P3  (LAI=4.7),STATIC_ALS,2021-08-16,22.7512756347657
v3.2.3 iter,P3  (LAI=4.7),STATIC_ALS,2021-08-17,19.6437316894531
v3.2.3 iter,P3  (LAI=4.7),STATIC_ALS,2021-08-18,20.4859252929688
v3.2.3 iter,P3  (LAI=4.7),STATIC_ALS,2021-08-19,19.960595703125
v3.2.3 iter,P3  (LAI=4.7),STATIC_ALS,2021-08-20,23.8913208007813
v3.2.3 iter,P3  (LAI=4.7),STATIC_ALS,2021-08-21,24.96328125
v3.2.3 iter,P3  (LAI=4.7),STATIC_ALS,2021-08-22,22.9002624511719
v3.2.3 iter,P3  (LAI=4.7),STATIC_ALS,2021-08-23,22.9380432128907
v3.2.3 iter,P3  (LAI=4.7),STATIC_ALS,2021-08-24,25.4845520019532
v3.2.3 iter,P3  (LAI=4.7),STATIC_ALS,2021-08-25,26.03701171875
v3.2.3 iter,P3  (LAI=4.7),STATIC_ALS,2021-08-26,23.8003479003907
v3.2.3 iter,P3  (LAI=4.7),STATIC_ALS,2021-08-27,21.7903381347656
v3.2.3 iter,P3  (LAI=4.7),STATIC_ALS,2021-08-28,21.4741455078125
v3.2.3 iter,P3  (LAI=4.7),STATIC_ALS,2021-08-29,21.0384460449219
v3.2.3 iter,P3  (LAI=4.7),STATIC_ALS,2021-08-30,21.9861694335938
v3.2.3 iter,P3  (LAI=4.7),STATIC_ALS,2021-08-31,23.3390441894532
v3.2.3 iter,P3  (LAI=4.7),STATIC_ALS,2021-09-01,25.1458679199219
v3.2.3 iter,P3  (LAI=4.7),STATIC_ALS,2021-09-02,27.4135375976563
v3.2.3 iter,P3  (LAI=4.7),STATIC_ALS,2021-09-03,27.1237731933594
v3.2.3 iter,P3  (LAI=4.7),STATIC_ALS,2021-09-04,26.3337951660157
v3.2.3 iter,P3  (LAI=4.7),STATIC_ALS,2021-09-05,27.7426391601563
v3.2.3 iter,P3  (LAI=4.7),STATIC_ALS,2021-09-06,30.8993469238282
v3.2.3 iter,P3  (LAI=4.7),STATIC_ALS,2021-09-07,31.9338623046875
v3.2.3 iter,P3  (LAI=4.7),STATIC_ALS,2021-09-08,27.778466796875
v3.2.3 iter,P3  (LAI=4.7),STATIC_ALS,2021-09-09,24.2858215332032
v3.2.3 iter,P3  (LAI=4.7),STATIC_ALS,2021-09-10,23.9772888183594
v3.2.3 iter,P3  (LAI=4.7),STATIC_ALS,2021-09-11,23.2462707519532
v3.2.3 iter,P3  (LAI=4.7),STATIC_ALS,2021-09-12,25.213525390625
v3.2.3 iter,P3  (LAI=4.7),STATIC_ALS,2021-09-13,28.0698181152344
v3.2.3 iter,P3  (LAI=4.7),STATIC_ALS,2021-09-14,26.4823547363282
v3.2.3 iter,P3  (LAI=4.7),STATIC_ALS,2021-09-15,23.5830627441407
v3.2.3 iter,P3  (LAI=4.7),STATIC_ALS,2021-09-16,22.7806030273438
v3.2.3 iter,P3  (LAI=4.7),STATIC_ALS,2021-09-17,23.1100402832032
v3.2.3 iter,P3  (LAI=4.7),STATIC_ALS,2021-09-18,21.26650390625
v3.2.3 iter,P3  (LAI=4.7),STATIC_ALS,2021-09-19,17.777001953125
v3.2.3 iter,P3  (LAI=4.7),STATIC_ALS,2021-09-20,18.7234741210938
v3.2.3 iter,P3  (LAI=4.7),STATIC_ALS,2021-09-21,19.3476806640625
v3.2.3 iter,P3  (LAI=4.7),STATIC_ALS,2021-09-22,21.7105041503907
v3.2.3 iter,P3  (LAI=4.7),STATIC_ALS,2021-09-23,23.6441589355469
v3.2.3 iter,P3  (LAI=4.7),STATIC_ALS,2021-09-24,24.036279296875
v3.2.3 iter,P3  (LAI=4.7),STATIC_ALS,2021-09-25,22.649072265625
v3.2.3 iter,P3  (LAI=4.7),STATIC_ALS,2021-09-26,21.5136657714844
v3.2.3 iter,P3  (LAI=4.7),STATIC_ALS,2021-09-27,20.09853515625
v3.2.3 iter,P3  (LAI=4.7),STATIC_ALS,2021-09-28,19.1879516601563
v3.2.3 iter,P3  (LAI=4.7),STATIC_ALS,2021-09-29,18.2274719238282
v3.2.3 iter,P3  (LAI=4.7),STATIC_ALS,2021-09-30,19.2773986816407
v3.2.3 iter,P3  (LAI=4.7),STATIC_ALS_DOPT,2021-06-01,28.8434997558594
v3.2.3 iter,P3  (LAI=4.7),STATIC_ALS_DOPT,2021-06-02,24.6890502929688
v3.2.3 iter,P3  (LAI=4.7),STATIC_ALS_DOPT,2021-06-03,26.8564392089844
v3.2.3 iter,P3  (LAI=4.7),STATIC_ALS_DOPT,2021-06-04,17.9611450195313
v3.2.3 iter,P3  (LAI=4.7),STATIC_ALS_DOPT,2021-06-05,22.028466796875
v3.2.3 iter,P3  (LAI=4.7),STATIC_ALS_DOPT,2021-06-06,22.6590209960938
v3.2.3 iter,P3  (LAI=4.7),STATIC_ALS_DOPT,2021-06-07,23.7351928710938
v3.2.3 iter,P3  (LAI=4.7),STATIC_ALS_DOPT,2021-06-08,26.2410217285157
v3.2.3 iter,P3  (LAI=4.7),STATIC_ALS_DOPT,2021-06-09,27.9704223632813
v3.2.3 iter,P3  (LAI=4.7),STATIC_ALS_DOPT,2021-06-10,28.641259765625
v3.2.3 iter,P3  (LAI=4.7),STATIC_ALS_DOPT,2021-06-11,28.0606323242188
v3.2.3 iter,P3  (LAI=4.7),STATIC_ALS_DOPT,2021-06-12,27.8627868652344
v3.2.3 iter,P3  (LAI=4.7),STATIC_ALS_DOPT,2021-06-13,28.4947143554688
v3.2.3 iter,P3  (LAI=4.7),STATIC_ALS_DOPT,2021-06-14,30.7897583007813
v3.2.3 iter,P3  (LAI=4.7),STATIC_ALS_DOPT,2021-06-15,30.3616577148438
v3.2.3 iter,P3  (LAI=4.7),STATIC_ALS_DOPT,2021-06-16,32.4126525878907
v3.2.3 iter,P3  (LAI=4.7),STATIC_ALS_DOPT,2021-06-17,27.0599609375
v3.2.3 iter,P3  (LAI=4.7),STATIC_ALS_DOPT,2021-06-18,24.7695861816407
v3.2.3 iter,P3  (LAI=4.7),STATIC_ALS_DOPT,2021-06-19,24.4190002441407
v3.2.3 iter,P3  (LAI=4.7),STATIC_ALS_DOPT,2021-06-20,23.4477478027344
v3.2.3 iter,P3  (LAI=4.7),STATIC_ALS_DOPT,2021-06-21,23.8457580566406
v3.2.3 iter,P3  (LAI=4.7),STATIC_ALS_DOPT,2021-06-22,21.7590576171875
v3.2.3 iter,P3  (LAI=4.7),STATIC_ALS_DOPT,2021-06-23,18.5498901367188
v3.2.3 iter,P3  (LAI=4.7),STATIC_ALS_DOPT,2021-06-24,22.6282287597657
v3.2.3 iter,P3  (LAI=4.7),STATIC_ALS_DOPT,2021-06-25,22.4502197265625
v3.2.3 iter,P3  (LAI=4.7),STATIC_ALS_DOPT,2021-06-26,24.3937622070313
v3.2.3 iter,P3  (LAI=4.7),STATIC_ALS_DOPT,2021-06-27,20.1759887695313
v3.2.3 iter,P3  (LAI=4.7),STATIC_ALS_DOPT,2021-06-28,22.3254028320313
v3.2.3 iter,P3  (LAI=4.7),STATIC_ALS_DOPT,2021-06-29,20.0060974121094
v3.2.3 iter,P3  (LAI=4.7),STATIC_ALS_DOPT,2021-06-30,20.2524658203125
v3.2.3 iter,P3  (LAI=4.7),STATIC_ALS_DOPT,2021-07-01,25.3328796386719
v3.2.3 iter,P3  (LAI=4.7),STATIC_ALS_DOPT,2021-07-02,26.299951171875
v3.2.3 iter,P3  (LAI=4.7),STATIC_ALS_DOPT,2021-07-03,23.4487548828125
v3.2.3 iter,P3  (LAI=4.7),STATIC_ALS_DOPT,2021-07-04,21.1781555175781
v3.2.3 iter,P3  (LAI=4.7),STATIC_ALS_DOPT,2021-07-05,23.1219421386719
v3.2.3 iter,P3  (LAI=4.7),STATIC_ALS_DOPT,2021-07-06,22.1010681152344
v3.2.3 iter,P3  (LAI=4.7),STATIC_ALS_DOPT,2021-07-07,22.2945495605469
v3.2.3 iter,P3  (LAI=4.7),STATIC_ALS_DOPT,2021-07-08,21.6301818847656
v3.2.3 iter,P3  (LAI=4.7),STATIC_ALS_DOPT,2021-07-09,22.4548583984375
v3.2.3 iter,P3  (LAI=4.7),STATIC_ALS_DOPT,2021-07-10,20.0749755859375
v3.2.3 iter,P3  (LAI=4.7),STATIC_ALS_DOPT,2021-07-11,25.1088806152344
v3.2.3 iter,P3  (LAI=4.7),STATIC_ALS_DOPT,2021-07-12,21.1362548828125
v3.2.3 iter,P3  (LAI=4.7),STATIC_ALS_DOPT,2021-07-13,18.2263427734375
v3.2.3 iter,P3  (LAI=4.7),STATIC_ALS_DOPT,2021-07-14,22.9014831542969
v3.2.3 iter,P3  (LAI=4.7),STATIC_ALS_DOPT,2021-07-15,25.1746154785157
v3.2.3 iter,P3  (LAI=4.7),STATIC_ALS_DOPT,2021-07-16,21.6259399414063
v3.2.3 iter,P3  (LAI=4.7),STATIC_ALS_DOPT,2021-07-17,23.675927734375
v3.2.3 iter,P3  (LAI=4.7),STATIC_ALS_DOPT,2021-07-18,29.8049865722657
v3.2.3 iter,P3  (LAI=4.7),STATIC_ALS_DOPT,2021-07-19,31.0563903808594
v3.2.3 iter,P3  (LAI=4.7),STATIC_ALS_DOPT,2021-07-20,30.3860107421875
v3.2.3 iter,P3  (LAI=4.7),STATIC_ALS_DOPT,2021-07-21,30.7087036132813
v3.2.3 iter,P3  (LAI=4.7),STATIC_ALS_DOPT,2021-07-22,30.6097045898438
v3.2.3 iter,P3  (LAI=4.7),STATIC_ALS_DOPT,2021-07-23,32.04580078125
v3.2.3 iter,P3  (LAI=4.7),STATIC_ALS_DOPT,2021-07-24,25.4050842285157
v3.2.3 iter,P3  (LAI=4.7),STATIC_ALS_DOPT,2021-07-25,24.766015625
v3.2.3 iter,P3  (LAI=4.7),STATIC_ALS_DOPT,2021-07-26,24.9389587402344
v3.2.3 iter,P3  (LAI=4.7),STATIC_ALS_DOPT,2021-07-27,20.6325927734375
v3.2.3 iter,P3  (LAI=4.7),STATIC_ALS_DOPT,2021-07-28,23.1783386230469
v3.2.3 iter,P3  (LAI=4.7),STATIC_ALS_DOPT,2021-07-29,24.7635131835938
v3.2.3 iter,P3  (LAI=4.7),STATIC_ALS_DOPT,2021-07-30,24.0816589355469
v3.2.3 iter,P3  (LAI=4.7),STATIC_ALS_DOPT,2021-07-31,22.6919189453125
v3.2.3 iter,P3  (LAI=4.7),STATIC_ALS_DOPT,2021-08-01,22.6221252441407
v3.2.3 iter,P3  (LAI=4.7),STATIC_ALS_DOPT,2021-08-02,22.5909362792969
v3.2.3 iter,P3  (LAI=4.7),STATIC_ALS_DOPT,2021-08-03,18.9322448730469
v3.2.3 iter,P3  (LAI=4.7),STATIC_ALS_DOPT,2021-08-04,20.6643615722657
v3.2.3 iter,P3  (LAI=4.7),STATIC_ALS_DOPT,2021-08-05,21.7155090332031
v3.2.3 iter,P3  (LAI=4.7),STATIC_ALS_DOPT,2021-08-06,22.4412475585938
v3.2.3 iter,P3  (LAI=4.7),STATIC_ALS_DOPT,2021-08-07,21.9043823242188
v3.2.3 iter,P3  (LAI=4.7),STATIC_ALS_DOPT,2021-08-08,22.4318786621094
v3.2.3 iter,P3  (LAI=4.7),STATIC_ALS_DOPT,2021-08-09,23.1350646972657
v3.2.3 iter,P3  (LAI=4.7),STATIC_ALS_DOPT,2021-08-10,27.1894165039063
v3.2.3 iter,P3  (LAI=4.7),STATIC_ALS_DOPT,2021-08-11,29.4812255859375
v3.2.3 iter,P3  (LAI=4.7),STATIC_ALS_DOPT,2021-08-12,30.3938232421875
v3.2.3 iter,P3  (LAI=4.7),STATIC_ALS_DOPT,2021-08-13,30.4888244628907
v3.2.3 iter,P3  (LAI=4.7),STATIC_ALS_DOPT,2021-08-14,32.7217346191407
v3.2.3 iter,P3  (LAI=4.7),STATIC_ALS_DOPT,2021-08-15,29.547509765625
v3.2.3 iter,P3  (LAI=4.7),STATIC_ALS_DOPT,2021-08-16,23.03505859375
v3.2.3 iter,P3  (LAI=4.7),STATIC_ALS_DOPT,2021-08-17,19.7849060058594
v3.2.3 iter,P3  (LAI=4.7),STATIC_ALS_DOPT,2021-08-18,20.8160949707032
v3.2.3 iter,P3  (LAI=4.7),STATIC_ALS_DOPT,2021-08-19,20.285546875
v3.2.3 iter,P3  (LAI=4.7),STATIC_ALS_DOPT,2021-08-20,24.7452941894532
v3.2.3 iter,P3  (LAI=4.7),STATIC_ALS_DOPT,2021-08-21,25.5966430664063
v3.2.3 iter,P3  (LAI=4.7),STATIC_ALS_DOPT,2021-08-22,23.2010437011719
v3.2.3 iter,P3  (LAI=4.7),STATIC_ALS_DOPT,2021-08-23,23.3952270507813
v3.2.3 iter,P3  (LAI=4.7),STATIC_ALS_DOPT,2021-08-24,25.875634765625
v3.2.3 iter,P3  (LAI=4.7),STATIC_ALS_DOPT,2021-08-25,26.4753967285157
v3.2.3 iter,P3  (LAI=4.7),STATIC_ALS_DOPT,2021-08-26,24.2073303222657
v3.2.3 iter,P3  (LAI=4.7),STATIC_ALS_DOPT,2021-08-27,22.3264099121094
v3.2.3 iter,P3  (LAI=4.7),STATIC_ALS_DOPT,2021-08-28,22.0458618164063
v3.2.3 iter,P3  (LAI=4.7),STATIC_ALS_DOPT,2021-08-29,21.5075622558594
v3.2.3 iter,P3  (LAI=4.7),STATIC_ALS_DOPT,2021-08-30,22.5840087890625
v3.2.3 iter,P3  (LAI=4.7),STATIC_ALS_DOPT,2021-08-31,23.9174133300782
v3.2.3 iter,P3  (LAI=4.7),STATIC_ALS_DOPT,2021-09-01,25.5988098144532
v3.2.3 iter,P3  (LAI=4.7),STATIC_ALS_DOPT,2021-09-02,28.0500122070313
v3.2.3 iter,P3  (LAI=4.7),STATIC_ALS_DOPT,2021-09-03,27.8275390625
v3.2.3 iter,P3  (LAI=4.7),STATIC_ALS_DOPT,2021-09-04,26.9569030761719
v3.2.3 iter,P3  (LAI=4.7),STATIC_ALS_DOPT,2021-09-05,28.8778015136719
v3.2.3 iter,P3  (LAI=4.7),STATIC_ALS_DOPT,2021-09-06,31.6343933105469
v3.2.3 iter,P3  (LAI=4.7),STATIC_ALS_DOPT,2021-09-07,32.7210327148438
v3.2.3 iter,P3  (LAI=4.7),STATIC_ALS_DOPT,2021-09-08,28.7685791015625
v3.2.3 iter,P3  (LAI=4.7),STATIC_ALS_DOPT,2021-09-09,24.5989624023438
v3.2.3 iter,P3  (LAI=4.7),STATIC_ALS_DOPT,2021-09-10,24.5443969726563
v3.2.3 iter,P3  (LAI=4.7),STATIC_ALS_DOPT,2021-09-11,23.721337890625
v3.2.3 iter,P3  (LAI=4.7),STATIC_ALS_DOPT,2021-09-12,25.6523376464844
v3.2.3 iter,P3  (LAI=4.7),STATIC_ALS_DOPT,2021-09-13,28.4966979980469
v3.2.3 iter,P3  (LAI=4.7),STATIC_ALS_DOPT,2021-09-14,27.8142944335938
v3.2.3 iter,P3  (LAI=4.7),STATIC_ALS_DOPT,2021-09-15,24.175927734375
v3.2.3 iter,P3  (LAI=4.7),STATIC_ALS_DOPT,2021-09-16,23.2314086914063
v3.2.3 iter,P3  (LAI=4.7),STATIC_ALS_DOPT,2021-09-17,23.6862426757813
v3.2.3 iter,P3  (LAI=4.7),STATIC_ALS_DOPT,2021-09-18,21.7990051269532
v3.2.3 iter,P3  (LAI=4.7),STATIC_ALS_DOPT,2021-09-19,18.5746704101563
v3.2.3 iter,P3  (LAI=4.7),STATIC_ALS_DOPT,2021-09-20,18.9921813964844
v3.2.3 iter,P3  (LAI=4.7),STATIC_ALS_DOPT,2021-09-21,19.4908081054688
v3.2.3 iter,P3  (LAI=4.7),STATIC_ALS_DOPT,2021-09-22,22.1389404296875
v3.2.3 iter,P3  (LAI=4.7),STATIC_ALS_DOPT,2021-09-23,24.2910095214844
v3.2.3 iter,P3  (LAI=4.7),STATIC_ALS_DOPT,2021-09-24,24.5573974609375
v3.2.3 iter,P3  (LAI=4.7),STATIC_ALS_DOPT,2021-09-25,23.2903381347656
v3.2.3 iter,P3  (LAI=4.7),STATIC_ALS_DOPT,2021-09-26,22.0548034667969
v3.2.3 iter,P3  (LAI=4.7),STATIC_ALS_DOPT,2021-09-27,20.2844482421875
v3.2.3 iter,P3  (LAI=4.7),STATIC_ALS_DOPT,2021-09-28,19.4655700683594
v3.2.3 iter,P3  (LAI=4.7),STATIC_ALS_DOPT,2021-09-29,18.2729125976563
v3.2.3 iter,P3  (LAI=4.7),STATIC_ALS_DOPT,2021-09-30,19.372705078125
v3.2.3 iter,P3  (LAI=4.7),DYN_S2_ATBD_NM,2021-06-01,28.4152770996094
v3.2.3 iter,P3  (LAI=4.7),DYN_S2_ATBD_NM,2021-06-02,23.9501586914063
v3.2.3 iter,P3  (LAI=4.7),DYN_S2_ATBD_NM,2021-06-03,26.3282104492188
v3.2.3 iter,P3  (LAI=4.7),DYN_S2_ATBD_NM,2021-06-04,17.51259765625
v3.2.3 iter,P3  (LAI=4.7),DYN_S2_ATBD_NM,2021-06-05,21.6356140136719
v3.2.3 iter,P3  (LAI=4.7),DYN_S2_ATBD_NM,2021-06-06,22.2543579101563
v3.2.3 iter,P3  (LAI=4.7),DYN_S2_ATBD_NM,2021-06-07,23.1447082519532
v3.2.3 iter,P3  (LAI=4.7),DYN_S2_ATBD_NM,2021-06-08,25.6471801757813
v3.2.3 iter,P3  (LAI=4.7),DYN_S2_ATBD_NM,2021-06-09,27.6101928710938
v3.2.3 iter,P3  (LAI=4.7),DYN_S2_ATBD_NM,2021-06-10,28.1251159667969
v3.2.3 iter,P3  (LAI=4.7),DYN_S2_ATBD_NM,2021-06-11,27.4665161132813
v3.2.3 iter,P3  (LAI=4.7),DYN_S2_ATBD_NM,2021-06-12,27.2024475097657
v3.2.3 iter,P3  (LAI=4.7),DYN_S2_ATBD_NM,2021-06-13,28.0347534179688
v3.2.3 iter,P3  (LAI=4.7),DYN_S2_ATBD_NM,2021-06-14,30.3103271484375
v3.2.3 iter,P3  (LAI=4.7),DYN_S2_ATBD_NM,2021-06-15,29.8134704589844
v3.2.3 iter,P3  (LAI=4.7),DYN_S2_ATBD_NM,2021-06-16,31.6750122070313
v3.2.3 iter,P3  (LAI=4.7),DYN_S2_ATBD_NM,2021-06-17,26.8472229003907
v3.2.3 iter,P3  (LAI=4.7),DYN_S2_ATBD_NM,2021-06-18,24.2944885253907
v3.2.3 iter,P3  (LAI=4.7),DYN_S2_ATBD_NM,2021-06-19,22.0797668457032
v3.2.3 iter,P3  (LAI=4.7),DYN_S2_ATBD_NM,2021-06-20,22.3661743164063
v3.2.3 iter,P3  (LAI=4.7),DYN_S2_ATBD_NM,2021-06-21,23.4248596191407
v3.2.3 iter,P3  (LAI=4.7),DYN_S2_ATBD_NM,2021-06-22,21.3922668457032
v3.2.3 iter,P3  (LAI=4.7),DYN_S2_ATBD_NM,2021-06-23,18.2277160644531
v3.2.3 iter,P3  (LAI=4.7),DYN_S2_ATBD_NM,2021-06-24,22.2979370117188
v3.2.3 iter,P3  (LAI=4.7),DYN_S2_ATBD_NM,2021-06-25,21.8830200195313
v3.2.3 iter,P3  (LAI=4.7),DYN_S2_ATBD_NM,2021-06-26,23.4906555175782
v3.2.3 iter,P3  (LAI=4.7),DYN_S2_ATBD_NM,2021-06-27,18.7120300292969
v3.2.3 iter,P3  (LAI=4.7),DYN_S2_ATBD_NM,2021-06-28,21.9113708496094
v3.2.3 iter,P3  (LAI=4.7),DYN_S2_ATBD_NM,2021-06-29,19.5114379882813
v3.2.3 iter,P3  (LAI=4.7),DYN_S2_ATBD_NM,2021-06-30,19.8332763671875
v3.2.3 iter,P3  (LAI=4.7),DYN_S2_ATBD_NM,2021-07-01,24.9932189941407
v3.2.3 iter,P3  (LAI=4.7),DYN_S2_ATBD_NM,2021-07-02,25.4867492675782
v3.2.3 iter,P3  (LAI=4.7),DYN_S2_ATBD_NM,2021-07-03,22.4209228515625
v3.2.3 iter,P3  (LAI=4.7),DYN_S2_ATBD_NM,2021-07-04,20.7844177246094
v3.2.3 iter,P3  (LAI=4.7),DYN_S2_ATBD_NM,2021-07-05,22.6932312011719
v3.2.3 iter,P3  (LAI=4.7),DYN_S2_ATBD_NM,2021-07-06,21.8047424316406
v3.2.3 iter,P3  (LAI=4.7),DYN_S2_ATBD_NM,2021-07-07,21.9069458007813
v3.2.3 iter,P3  (LAI=4.7),DYN_S2_ATBD_NM,2021-07-08,21.0910583496094
v3.2.3 iter,P3  (LAI=4.7),DYN_S2_ATBD_NM,2021-07-09,22.0405822753906
v3.2.3 iter,P3  (LAI=4.7),DYN_S2_ATBD_NM,2021-07-10,19.2522521972657
v3.2.3 iter,P3  (LAI=4.7),DYN_S2_ATBD_NM,2021-07-11,24.674462890625
v3.2.3 iter,P3  (LAI=4.7),DYN_S2_ATBD_NM,2021-07-12,20.848046875
v3.2.3 iter,P3  (LAI=4.7),DYN_S2_ATBD_NM,2021-07-13,17.5908752441407
v3.2.3 iter,P3  (LAI=4.7),DYN_S2_ATBD_NM,2021-07-14,22.245263671875
v3.2.3 iter,P3  (LAI=4.7),DYN_S2_ATBD_NM,2021-07-15,24.77138671875
v3.2.3 iter,P3  (LAI=4.7),DYN_S2_ATBD_NM,2021-07-16,21.3754211425782
v3.2.3 iter,P3  (LAI=4.7),DYN_S2_ATBD_NM,2021-07-17,23.411767578125
v3.2.3 iter,P3  (LAI=4.7),DYN_S2_ATBD_NM,2021-07-18,29.5429931640625
v3.2.3 iter,P3  (LAI=4.7),DYN_S2_ATBD_NM,2021-07-19,30.8514343261719
v3.2.3 iter,P3  (LAI=4.7),DYN_S2_ATBD_NM,2021-07-20,30.2852111816407
v3.2.3 iter,P3  (LAI=4.7),DYN_S2_ATBD_NM,2021-07-21,30.6150146484375
v3.2.3 iter,P3  (LAI=4.7),DYN_S2_ATBD_NM,2021-07-22,30.6334777832032
v3.2.3 iter,P3  (LAI=4.7),DYN_S2_ATBD_NM,2021-07-23,31.5977722167969
v3.2.3 iter,P3  (LAI=4.7),DYN_S2_ATBD_NM,2021-07-24,25.2645812988282
v3.2.3 iter,P3  (LAI=4.7),DYN_S2_ATBD_NM,2021-07-25,24.4477478027344
v3.2.3 iter,P3  (LAI=4.7),DYN_S2_ATBD_NM,2021-07-26,24.7004638671875
v3.2.3 iter,P3  (LAI=4.7),DYN_S2_ATBD_NM,2021-07-27,19.6085754394531
v3.2.3 iter,P3  (LAI=4.7),DYN_S2_ATBD_NM,2021-07-28,22.969140625
v3.2.3 iter,P3  (LAI=4.7),DYN_S2_ATBD_NM,2021-07-29,24.6009460449219
v3.2.3 iter,P3  (LAI=4.7),DYN_S2_ATBD_NM,2021-07-30,24.0347229003907
v3.2.3 iter,P3  (LAI=4.7),DYN_S2_ATBD_NM,2021-07-31,22.5891967773438
v3.2.3 iter,P3  (LAI=4.7),DYN_S2_ATBD_NM,2021-08-01,22.4676452636719
v3.2.3 iter,P3  (LAI=4.7),DYN_S2_ATBD_NM,2021-08-02,22.2475524902344
v3.2.3 iter,P3  (LAI=4.7),DYN_S2_ATBD_NM,2021-08-03,18.7622314453125
v3.2.3 iter,P3  (LAI=4.7),DYN_S2_ATBD_NM,2021-08-04,19.7481018066406
v3.2.3 iter,P3  (LAI=4.7),DYN_S2_ATBD_NM,2021-08-05,21.5426574707032
v3.2.3 iter,P3  (LAI=4.7),DYN_S2_ATBD_NM,2021-08-06,22.2146240234375
v3.2.3 iter,P3  (LAI=4.7),DYN_S2_ATBD_NM,2021-08-07,21.68154296875
v3.2.3 iter,P3  (LAI=4.7),DYN_S2_ATBD_NM,2021-08-08,22.2314086914063
v3.2.3 iter,P3  (LAI=4.7),DYN_S2_ATBD_NM,2021-08-09,22.8120666503907
v3.2.3 iter,P3  (LAI=4.7),DYN_S2_ATBD_NM,2021-08-10,26.9416748046875
v3.2.3 iter,P3  (LAI=4.7),DYN_S2_ATBD_NM,2021-08-11,29.4999328613282
v3.2.3 iter,P3  (LAI=4.7),DYN_S2_ATBD_NM,2021-08-12,30.1921630859375
v3.2.3 iter,P3  (LAI=4.7),DYN_S2_ATBD_NM,2021-08-13,30.3142944335938
v3.2.3 iter,P3  (LAI=4.7),DYN_S2_ATBD_NM,2021-08-14,32.7497802734375
v3.2.3 iter,P3  (LAI=4.7),DYN_S2_ATBD_NM,2021-08-15,29.423974609375
v3.2.3 iter,P3  (LAI=4.7),DYN_S2_ATBD_NM,2021-08-16,22.9090515136719
v3.2.3 iter,P3  (LAI=4.7),DYN_S2_ATBD_NM,2021-08-17,19.7331787109375
v3.2.3 iter,P3  (LAI=4.7),DYN_S2_ATBD_NM,2021-08-18,20.6412902832031
v3.2.3 iter,P3  (LAI=4.7),DYN_S2_ATBD_NM,2021-08-19,20.1172729492188
v3.2.3 iter,P3  (LAI=4.7),DYN_S2_ATBD_NM,2021-08-20,24.2719970703125
v3.2.3 iter,P3  (LAI=4.7),DYN_S2_ATBD_NM,2021-08-21,25.2927490234375
v3.2.3 iter,P3  (LAI=4.7),DYN_S2_ATBD_NM,2021-08-22,23.0921569824219
v3.2.3 iter,P3  (LAI=4.7),DYN_S2_ATBD_NM,2021-08-23,23.1656127929688
v3.2.3 iter,P3  (LAI=4.7),DYN_S2_ATBD_NM,2021-08-24,25.7294250488282
v3.2.3 iter,P3  (LAI=4.7),DYN_S2_ATBD_NM,2021-08-25,26.3165222167969
v3.2.3 iter,P3  (LAI=4.7),DYN_S2_ATBD_NM,2021-08-26,24.0321899414063
v3.2.3 iter,P3  (LAI=4.7),DYN_S2_ATBD_NM,2021-08-27,22.0138488769532
v3.2.3 iter,P3  (LAI=4.7),DYN_S2_ATBD_NM,2021-08-28,21.6925903320313
v3.2.3 iter,P3  (LAI=4.7),DYN_S2_ATBD_NM,2021-08-29,21.3049865722657
v3.2.3 iter,P3  (LAI=4.7),DYN_S2_ATBD_NM,2021-08-30,22.2364135742188
v3.2.3 iter,P3  (LAI=4.7),DYN_S2_ATBD_NM,2021-08-31,23.5977416992188
v3.2.3 iter,P3  (LAI=4.7),DYN_S2_ATBD_NM,2021-09-01,25.379296875
v3.2.3 iter,P3  (LAI=4.7),DYN_S2_ATBD_NM,2021-09-02,27.7824645996094
v3.2.3 iter,P3  (LAI=4.7),DYN_S2_ATBD_NM,2021-09-03,27.6648193359375
v3.2.3 iter,P3  (LAI=4.7),DYN_S2_ATBD_NM,2021-09-04,26.7455383300782
v3.2.3 iter,P3  (LAI=4.7),DYN_S2_ATBD_NM,2021-09-05,28.4012084960938
v3.2.3 iter,P3  (LAI=4.7),DYN_S2_ATBD_NM,2021-09-06,31.3805786132813
v3.2.3 iter,P3  (LAI=4.7),DYN_S2_ATBD_NM,2021-09-07,32.4570251464844
v3.2.3 iter,P3  (LAI=4.7),DYN_S2_ATBD_NM,2021-09-08,28.4332824707032
v3.2.3 iter,P3  (LAI=4.7),DYN_S2_ATBD_NM,2021-09-09,24.5131469726563
v3.2.3 iter,P3  (LAI=4.7),DYN_S2_ATBD_NM,2021-09-10,24.2559448242188
v3.2.3 iter,P3  (LAI=4.7),DYN_S2_ATBD_NM,2021-09-11,23.5664916992188
v3.2.3 iter,P3  (LAI=4.7),DYN_S2_ATBD_NM,2021-09-12,25.6181579589844
v3.2.3 iter,P3  (LAI=4.7),DYN_S2_ATBD_NM,2021-09-13,28.5714050292969
v3.2.3 iter,P3  (LAI=4.7),DYN_S2_ATBD_NM,2021-09-14,27.1289001464844
v3.2.3 iter,P3  (LAI=4.7),DYN_S2_ATBD_NM,2021-09-15,23.9936767578125
v3.2.3 iter,P3  (LAI=4.7),DYN_S2_ATBD_NM,2021-09-16,23.0707946777344
v3.2.3 iter,P3  (LAI=4.7),DYN_S2_ATBD_NM,2021-09-17,23.5443664550782
v3.2.3 iter,P3  (LAI=4.7),DYN_S2_ATBD_NM,2021-09-18,21.5970703125
v3.2.3 iter,P3  (LAI=4.7),DYN_S2_ATBD_NM,2021-09-19,18.10390625
v3.2.3 iter,P3  (LAI=4.7),DYN_S2_ATBD_NM,2021-09-20,18.9173522949219
v3.2.3 iter,P3  (LAI=4.7),DYN_S2_ATBD_NM,2021-09-21,19.4992004394531
v3.2.3 iter,P3  (LAI=4.7),DYN_S2_ATBD_NM,2021-09-22,22.0253845214844
v3.2.3 iter,P3  (LAI=4.7),DYN_S2_ATBD_NM,2021-09-23,24.255029296875
v3.2.3 iter,P3  (LAI=4.7),DYN_S2_ATBD_NM,2021-09-24,24.5780578613282
v3.2.3 iter,P3  (LAI=4.7),DYN_S2_ATBD_NM,2021-09-25,23.0445190429688
v3.2.3 iter,P3  (LAI=4.7),DYN_S2_ATBD_NM,2021-09-26,21.8113342285156
v3.2.3 iter,P3  (LAI=4.7),DYN_S2_ATBD_NM,2021-09-27,20.2484069824219
v3.2.3 iter,P3  (LAI=4.7),DYN_S2_ATBD_NM,2021-09-28,19.4364562988281
v3.2.3 iter,P3  (LAI=4.7),DYN_S2_ATBD_NM,2021-09-29,18.3034912109375
v3.2.3 iter,P3  (LAI=4.7),DYN_S2_ATBD_NM,2021-09-30,19.4521728515625
v3.2.3 iter,P3  (LAI=4.7),DYN_S2_OPT_NM,2021-06-01,28.667138671875
v3.2.3 iter,P3  (LAI=4.7),DYN_S2_OPT_NM,2021-06-02,24.2661682128907
v3.2.3 iter,P3  (LAI=4.7),DYN_S2_OPT_NM,2021-06-03,26.53310546875
v3.2.3 iter,P3  (LAI=4.7),DYN_S2_OPT_NM,2021-06-04,17.6019226074219
v3.2.3 iter,P3  (LAI=4.7),DYN_S2_OPT_NM,2021-06-05,21.7813049316407
v3.2.3 iter,P3  (LAI=4.7),DYN_S2_OPT_NM,2021-06-06,22.40712890625
v3.2.3 iter,P3  (LAI=4.7),DYN_S2_OPT_NM,2021-06-07,23.319970703125
v3.2.3 iter,P3  (LAI=4.7),DYN_S2_OPT_NM,2021-06-08,25.8586669921875
v3.2.3 iter,P3  (LAI=4.7),DYN_S2_OPT_NM,2021-06-09,27.8233581542969
v3.2.3 iter,P3  (LAI=4.7),DYN_S2_OPT_NM,2021-06-10,28.3878723144532
v3.2.3 iter,P3  (LAI=4.7),DYN_S2_OPT_NM,2021-06-11,27.7267395019532
v3.2.3 iter,P3  (LAI=4.7),DYN_S2_OPT_NM,2021-06-12,27.4310241699219
v3.2.3 iter,P3  (LAI=4.7),DYN_S2_OPT_NM,2021-06-13,28.2412048339844
v3.2.3 iter,P3  (LAI=4.7),DYN_S2_OPT_NM,2021-06-14,30.6215759277344
v3.2.3 iter,P3  (LAI=4.7),DYN_S2_OPT_NM,2021-06-15,30.1057983398438
v3.2.3 iter,P3  (LAI=4.7),DYN_S2_OPT_NM,2021-06-16,32.0615173339844
v3.2.3 iter,P3  (LAI=4.7),DYN_S2_OPT_NM,2021-06-17,27.0567565917969
v3.2.3 iter,P3  (LAI=4.7),DYN_S2_OPT_NM,2021-06-18,24.4291320800782
v3.2.3 iter,P3  (LAI=4.7),DYN_S2_OPT_NM,2021-06-19,22.4131103515625
v3.2.3 iter,P3  (LAI=4.7),DYN_S2_OPT_NM,2021-06-20,22.5554443359375
v3.2.3 iter,P3  (LAI=4.7),DYN_S2_OPT_NM,2021-06-21,23.5947204589844
v3.2.3 iter,P3  (LAI=4.7),DYN_S2_OPT_NM,2021-06-22,21.4771667480469
v3.2.3 iter,P3  (LAI=4.7),DYN_S2_OPT_NM,2021-06-23,18.2842956542969
v3.2.3 iter,P3  (LAI=4.7),DYN_S2_OPT_NM,2021-06-24,22.4856811523438
v3.2.3 iter,P3  (LAI=4.7),DYN_S2_OPT_NM,2021-06-25,22.0416198730469
v3.2.3 iter,P3  (LAI=4.7),DYN_S2_OPT_NM,2021-06-26,23.81044921875
v3.2.3 iter,P3  (LAI=4.7),DYN_S2_OPT_NM,2021-06-27,18.9150024414063
v3.2.3 iter,P3  (LAI=4.7),DYN_S2_OPT_NM,2021-06-28,22.1455322265625
v3.2.3 iter,P3  (LAI=4.7),DYN_S2_OPT_NM,2021-06-29,19.6485229492188
v3.2.3 iter,P3  (LAI=4.7),DYN_S2_OPT_NM,2021-06-30,19.9539123535156
v3.2.3 iter,P3  (LAI=4.7),DYN_S2_OPT_NM,2021-07-01,25.1698852539063
v3.2.3 iter,P3  (LAI=4.7),DYN_S2_OPT_NM,2021-07-02,25.7198425292969
v3.2.3 iter,P3  (LAI=4.7),DYN_S2_OPT_NM,2021-07-03,22.5643249511719
v3.2.3 iter,P3  (LAI=4.7),DYN_S2_OPT_NM,2021-07-04,20.8808227539063
v3.2.3 iter,P3  (LAI=4.7),DYN_S2_OPT_NM,2021-07-05,22.7929321289063
v3.2.3 iter,P3  (LAI=4.7),DYN_S2_OPT_NM,2021-07-06,21.8955627441406
v3.2.3 iter,P3  (LAI=4.7),DYN_S2_OPT_NM,2021-07-07,22.0369506835938
v3.2.3 iter,P3  (LAI=4.7),DYN_S2_OPT_NM,2021-07-08,21.2156921386719
v3.2.3 iter,P3  (LAI=4.7),DYN_S2_OPT_NM,2021-07-09,22.1798950195313
v3.2.3 iter,P3  (LAI=4.7),DYN_S2_OPT_NM,2021-07-10,19.4327026367188
v3.2.3 iter,P3  (LAI=4.7),DYN_S2_OPT_NM,2021-07-11,24.8691345214844
v3.2.3 iter,P3  (LAI=4.7),DYN_S2_OPT_NM,2021-07-12,20.9204650878907
v3.2.3 iter,P3  (LAI=4.7),DYN_S2_OPT_NM,2021-07-13,17.6920104980469
v3.2.3 iter,P3  (LAI=4.7),DYN_S2_OPT_NM,2021-07-14,22.3654113769532
v3.2.3 iter,P3  (LAI=4.7),DYN_S2_OPT_NM,2021-07-15,24.8914428710938
v3.2.3 iter,P3  (LAI=4.7),DYN_S2_OPT_NM,2021-07-16,21.4531799316406
v3.2.3 iter,P3  (LAI=4.7),DYN_S2_OPT_NM,2021-07-17,23.5021301269531
v3.2.3 iter,P3  (LAI=4.7),DYN_S2_OPT_NM,2021-07-18,29.6630493164063
v3.2.3 iter,P3  (LAI=4.7),DYN_S2_OPT_NM,2021-07-19,30.9655395507813
v3.2.3 iter,P3  (LAI=4.7),DYN_S2_OPT_NM,2021-07-20,30.3865600585938
v3.2.3 iter,P3  (LAI=4.7),DYN_S2_OPT_NM,2021-07-21,30.7274719238282
v3.2.3 iter,P3  (LAI=4.7),DYN_S2_OPT_NM,2021-07-22,30.7708068847657
v3.2.3 iter,P3  (LAI=4.7),DYN_S2_OPT_NM,2021-07-23,31.7798095703125
v3.2.3 iter,P3  (LAI=4.7),DYN_S2_OPT_NM,2021-07-24,25.3183227539063
v3.2.3 iter,P3  (LAI=4.7),DYN_S2_OPT_NM,2021-07-25,24.5451293945313
v3.2.3 iter,P3  (LAI=4.7),DYN_S2_OPT_NM,2021-07-26,24.7839294433594
v3.2.3 iter,P3  (LAI=4.7),DYN_S2_OPT_NM,2021-07-27,19.7970520019531
v3.2.3 iter,P3  (LAI=4.7),DYN_S2_OPT_NM,2021-07-28,23.0329528808594
v3.2.3 iter,P3  (LAI=4.7),DYN_S2_OPT_NM,2021-07-29,24.6723266601563
v3.2.3 iter,P3  (LAI=4.7),DYN_S2_OPT_NM,2021-07-30,24.0919738769532
v3.2.3 iter,P3  (LAI=4.7),DYN_S2_OPT_NM,2021-07-31,22.617822265625
v3.2.3 iter,P3  (LAI=4.7),DYN_S2_OPT_NM,2021-08-01,22.5166259765625
v3.2.3 iter,P3  (LAI=4.7),DYN_S2_OPT_NM,2021-08-02,22.3156677246094
v3.2.3 iter,P3  (LAI=4.7),DYN_S2_OPT_NM,2021-08-03,18.9373413085938
v3.2.3 iter,P3  (LAI=4.7),DYN_S2_OPT_NM,2021-08-04,19.9464965820313
v3.2.3 iter,P3  (LAI=4.7),DYN_S2_OPT_NM,2021-08-05,21.6040588378907
v3.2.3 iter,P3  (LAI=4.7),DYN_S2_OPT_NM,2021-08-06,22.2832275390625
v3.2.3 iter,P3  (LAI=4.7),DYN_S2_OPT_NM,2021-08-07,21.7507568359375
v3.2.3 iter,P3  (LAI=4.7),DYN_S2_OPT_NM,2021-08-08,22.2991271972656
v3.2.3 iter,P3  (LAI=4.7),DYN_S2_OPT_NM,2021-08-09,22.9117065429688
v3.2.3 iter,P3  (LAI=4.7),DYN_S2_OPT_NM,2021-08-10,27.0503173828125
v3.2.3 iter,P3  (LAI=4.7),DYN_S2_OPT_NM,2021-08-11,29.594140625
v3.2.3 iter,P3  (LAI=4.7),DYN_S2_OPT_NM,2021-08-12,30.3265625
v3.2.3 iter,P3  (LAI=4.7),DYN_S2_OPT_NM,2021-08-13,30.4408813476563
v3.2.3 iter,P3  (LAI=4.7),DYN_S2_OPT_NM,2021-08-14,32.913720703125
v3.2.3 iter,P3  (LAI=4.7),DYN_S2_OPT_NM,2021-08-15,29.5190673828125
v3.2.3 iter,P3  (LAI=4.7),DYN_S2_OPT_NM,2021-08-16,22.9621215820313
v3.2.3 iter,P3  (LAI=4.7),DYN_S2_OPT_NM,2021-08-17,19.7656188964844
v3.2.3 iter,P3  (LAI=4.7),DYN_S2_OPT_NM,2021-08-18,20.6946350097657
v3.2.3 iter,P3  (LAI=4.7),DYN_S2_OPT_NM,2021-08-19,20.1779724121094
v3.2.3 iter,P3  (LAI=4.7),DYN_S2_OPT_NM,2021-08-20,24.4183898925782
v3.2.3 iter,P3  (LAI=4.7),DYN_S2_OPT_NM,2021-08-21,25.4199157714844
v3.2.3 iter,P3  (LAI=4.7),DYN_S2_OPT_NM,2021-08-22,23.148583984375
v3.2.3 iter,P3  (LAI=4.7),DYN_S2_OPT_NM,2021-08-23,23.2565856933594
v3.2.3 iter,P3  (LAI=4.7),DYN_S2_OPT_NM,2021-08-24,25.8091064453125
v3.2.3 iter,P3  (LAI=4.7),DYN_S2_OPT_NM,2021-08-25,26.4043518066407
v3.2.3 iter,P3  (LAI=4.7),DYN_S2_OPT_NM,2021-08-26,24.0981079101563
v3.2.3 iter,P3  (LAI=4.7),DYN_S2_OPT_NM,2021-08-27,22.0935913085938
v3.2.3 iter,P3  (LAI=4.7),DYN_S2_OPT_NM,2021-08-28,21.7729431152344
v3.2.3 iter,P3  (LAI=4.7),DYN_S2_OPT_NM,2021-08-29,21.3887878417969
v3.2.3 iter,P3  (LAI=4.7),DYN_S2_OPT_NM,2021-08-30,22.3234802246094
v3.2.3 iter,P3  (LAI=4.7),DYN_S2_OPT_NM,2021-08-31,23.6837707519532
v3.2.3 iter,P3  (LAI=4.7),DYN_S2_OPT_NM,2021-09-01,25.45400390625
v3.2.3 iter,P3  (LAI=4.7),DYN_S2_OPT_NM,2021-09-02,27.8892456054688
v3.2.3 iter,P3  (LAI=4.7),DYN_S2_OPT_NM,2021-09-03,27.7823120117188
v3.2.3 iter,P3  (LAI=4.7),DYN_S2_OPT_NM,2021-09-04,26.8537536621094
v3.2.3 iter,P3  (LAI=4.7),DYN_S2_OPT_NM,2021-09-05,28.5939880371094
v3.2.3 iter,P3  (LAI=4.7),DYN_S2_OPT_NM,2021-09-06,31.5201354980469
v3.2.3 iter,P3  (LAI=4.7),DYN_S2_OPT_NM,2021-09-07,32.5794006347657
v3.2.3 iter,P3  (LAI=4.7),DYN_S2_OPT_NM,2021-09-08,28.6071105957032
v3.2.3 iter,P3  (LAI=4.7),DYN_S2_OPT_NM,2021-09-09,24.561181640625
v3.2.3 iter,P3  (LAI=4.7),DYN_S2_OPT_NM,2021-09-10,24.32412109375
v3.2.3 iter,P3  (LAI=4.7),DYN_S2_OPT_NM,2021-09-11,23.6272521972656
v3.2.3 iter,P3  (LAI=4.7),DYN_S2_OPT_NM,2021-09-12,25.676416015625
v3.2.3 iter,P3  (LAI=4.7),DYN_S2_OPT_NM,2021-09-13,28.6323486328125
v3.2.3 iter,P3  (LAI=4.7),DYN_S2_OPT_NM,2021-09-14,27.2973876953125
v3.2.3 iter,P3  (LAI=4.7),DYN_S2_OPT_NM,2021-09-15,24.0658813476563
v3.2.3 iter,P3  (LAI=4.7),DYN_S2_OPT_NM,2021-09-16,23.1191650390625
v3.2.3 iter,P3  (LAI=4.7),DYN_S2_OPT_NM,2021-09-17,23.61025390625
v3.2.3 iter,P3  (LAI=4.7),DYN_S2_OPT_NM,2021-09-18,21.6699768066407
v3.2.3 iter,P3  (LAI=4.7),DYN_S2_OPT_NM,2021-09-19,18.2017150878906
v3.2.3 iter,P3  (LAI=4.7),DYN_S2_OPT_NM,2021-09-20,18.9511962890625
v3.2.3 iter,P3  (LAI=4.7),DYN_S2_OPT_NM,2021-09-21,19.5022521972656
v3.2.3 iter,P3  (LAI=4.7),DYN_S2_OPT_NM,2021-09-22,22.0638061523438
v3.2.3 iter,P3  (LAI=4.7),DYN_S2_OPT_NM,2021-09-23,24.3257080078125
v3.2.3 iter,P3  (LAI=4.7),DYN_S2_OPT_NM,2021-09-24,24.6330200195313
v3.2.3 iter,P3  (LAI=4.7),DYN_S2_OPT_NM,2021-09-25,23.1128173828125
v3.2.3 iter,P3  (LAI=4.7),DYN_S2_OPT_NM,2021-09-26,21.8669982910156
v3.2.3 iter,P3  (LAI=4.7),DYN_S2_OPT_NM,2021-09-27,20.2677551269531
v3.2.3 iter,P3  (LAI=4.7),DYN_S2_OPT_NM,2021-09-28,19.465478515625
v3.2.3 iter,P3  (LAI=4.7),DYN_S2_OPT_NM,2021-09-29,18.31923828125
v3.2.3 iter,P3  (LAI=4.7),DYN_S2_OPT_NM,2021-09-30,19.4410339355469
v3.2.3 iter,P3  (LAI=4.7),DYN_ATBD_rfull_NM,2021-06-01,28.8877807617188
v3.2.3 iter,P3  (LAI=4.7),DYN_ATBD_rfull_NM,2021-06-02,24.5149169921875
v3.2.3 iter,P3  (LAI=4.7),DYN_ATBD_rfull_NM,2021-06-03,26.7325988769532
v3.2.3 iter,P3  (LAI=4.7),DYN_ATBD_rfull_NM,2021-06-04,17.6767822265625
v3.2.3 iter,P3  (LAI=4.7),DYN_ATBD_rfull_NM,2021-06-05,21.880029296875
v3.2.3 iter,P3  (LAI=4.7),DYN_ATBD_rfull_NM,2021-06-06,22.5387512207032
v3.2.3 iter,P3  (LAI=4.7),DYN_ATBD_rfull_NM,2021-06-07,23.5148559570313
v3.2.3 iter,P3  (LAI=4.7),DYN_ATBD_rfull_NM,2021-06-08,26.0689331054688
v3.2.3 iter,P3  (LAI=4.7),DYN_ATBD_rfull_NM,2021-06-09,27.9782043457032
v3.2.3 iter,P3  (LAI=4.7),DYN_ATBD_rfull_NM,2021-06-10,28.6463256835938
v3.2.3 iter,P3  (LAI=4.7),DYN_ATBD_rfull_NM,2021-06-11,27.9621520996094
v3.2.3 iter,P3  (LAI=4.7),DYN_ATBD_rfull_NM,2021-06-12,27.6681457519532
v3.2.3 iter,P3  (LAI=4.7),DYN_ATBD_rfull_NM,2021-06-13,28.4585510253907
v3.2.3 iter,P3  (LAI=4.7),DYN_ATBD_rfull_NM,2021-06-14,30.9184204101563
v3.2.3 iter,P3  (LAI=4.7),DYN_ATBD_rfull_NM,2021-06-15,30.3677917480469
v3.2.3 iter,P3  (LAI=4.7),DYN_ATBD_rfull_NM,2021-06-16,32.4625183105469
v3.2.3 iter,P3  (LAI=4.7),DYN_ATBD_rfull_NM,2021-06-17,27.1260620117188
v3.2.3 iter,P3  (LAI=4.7),DYN_ATBD_rfull_NM,2021-06-18,24.5754638671875
v3.2.3 iter,P3  (LAI=4.7),DYN_ATBD_rfull_NM,2021-06-19,22.9446350097657
v3.2.3 iter,P3  (LAI=4.7),DYN_ATBD_rfull_NM,2021-06-20,22.7830444335938
v3.2.3 iter,P3  (LAI=4.7),DYN_ATBD_rfull_NM,2021-06-21,23.5444885253907
v3.2.3 iter,P3  (LAI=4.7),DYN_ATBD_rfull_NM,2021-06-22,21.60927734375
v3.2.3 iter,P3  (LAI=4.7),DYN_ATBD_rfull_NM,2021-06-23,18.3768249511719
v3.2.3 iter,P3  (LAI=4.7),DYN_ATBD_rfull_NM,2021-06-24,22.5944763183594
v3.2.3 iter,P3  (LAI=4.7),DYN_ATBD_rfull_NM,2021-06-25,22.2310424804688
v3.2.3 iter,P3  (LAI=4.7),DYN_ATBD_rfull_NM,2021-06-26,24.138330078125
v3.2.3 iter,P3  (LAI=4.7),DYN_ATBD_rfull_NM,2021-06-27,19.2034851074219
v3.2.3 iter,P3  (LAI=4.7),DYN_ATBD_rfull_NM,2021-06-28,22.3420349121094
v3.2.3 iter,P3  (LAI=4.7),DYN_ATBD_rfull_NM,2021-06-29,19.7154174804688
v3.2.3 iter,P3  (LAI=4.7),DYN_ATBD_rfull_NM,2021-06-30,20.0745178222657
v3.2.3 iter,P3  (LAI=4.7),DYN_ATBD_rfull_NM,2021-07-01,25.3179260253907
v3.2.3 iter,P3  (LAI=4.7),DYN_ATBD_rfull_NM,2021-07-02,25.9728942871094
v3.2.3 iter,P3  (LAI=4.7),DYN_ATBD_rfull_NM,2021-07-03,22.7509704589844
v3.2.3 iter,P3  (LAI=4.7),DYN_ATBD_rfull_NM,2021-07-04,20.9856506347656
v3.2.3 iter,P3  (LAI=4.7),DYN_ATBD_rfull_NM,2021-07-05,22.9123474121094
v3.2.3 iter,P3  (LAI=4.7),DYN_ATBD_rfull_NM,2021-07-06,21.9916625976563
v3.2.3 iter,P3  (LAI=4.7),DYN_ATBD_rfull_NM,2021-07-07,22.1429077148438
v3.2.3 iter,P3  (LAI=4.7),DYN_ATBD_rfull_NM,2021-07-08,21.3396545410156
v3.2.3 iter,P3  (LAI=4.7),DYN_ATBD_rfull_NM,2021-07-09,22.3238464355469
v3.2.3 iter,P3  (LAI=4.7),DYN_ATBD_rfull_NM,2021-07-10,19.6708618164063
v3.2.3 iter,P3  (LAI=4.7),DYN_ATBD_rfull_NM,2021-07-11,25.0400939941407
v3.2.3 iter,P3  (LAI=4.7),DYN_ATBD_rfull_NM,2021-07-12,20.988916015625
v3.2.3 iter,P3  (LAI=4.7),DYN_ATBD_rfull_NM,2021-07-13,17.824853515625
v3.2.3 iter,P3  (LAI=4.7),DYN_ATBD_rfull_NM,2021-07-14,22.5087829589844
v3.2.3 iter,P3  (LAI=4.7),DYN_ATBD_rfull_NM,2021-07-15,25.0179077148438
v3.2.3 iter,P3  (LAI=4.7),DYN_ATBD_rfull_NM,2021-07-16,21.5303894042969
v3.2.3 iter,P3  (LAI=4.7),DYN_ATBD_rfull_NM,2021-07-17,23.5845275878906
v3.2.3 iter,P3  (LAI=4.7),DYN_ATBD_rfull_NM,2021-07-18,29.7719360351563
v3.2.3 iter,P3  (LAI=4.7),DYN_ATBD_rfull_NM,2021-07-19,31.0668884277344
v3.2.3 iter,P3  (LAI=4.7),DYN_ATBD_rfull_NM,2021-07-20,30.4604125976563
v3.2.3 iter,P3  (LAI=4.7),DYN_ATBD_rfull_NM,2021-07-21,30.8025451660157
v3.2.3 iter,P3  (LAI=4.7),DYN_ATBD_rfull_NM,2021-07-22,30.8400207519532
v3.2.3 iter,P3  (LAI=4.7),DYN_ATBD_rfull_NM,2021-07-23,31.9590087890625
v3.2.3 iter,P3  (LAI=4.7),DYN_ATBD_rfull_NM,2021-07-24,25.3283020019532
v3.2.3 iter,P3  (LAI=4.7),DYN_ATBD_rfull_NM,2021-07-25,24.6307922363282
v3.2.3 iter,P3  (LAI=4.7),DYN_ATBD_rfull_NM,2021-07-26,24.8510375976563
v3.2.3 iter,P3  (LAI=4.7),DYN_ATBD_rfull_NM,2021-07-27,20.0376220703125
v3.2.3 iter,P3  (LAI=4.7),DYN_ATBD_rfull_NM,2021-07-28,23.0968872070313
v3.2.3 iter,P3  (LAI=4.7),DYN_ATBD_rfull_NM,2021-07-29,24.7157836914063
v3.2.3 iter,P3  (LAI=4.7),DYN_ATBD_rfull_NM,2021-07-30,24.15517578125
v3.2.3 iter,P3  (LAI=4.7),DYN_ATBD_rfull_NM,2021-07-31,22.6221252441407
v3.2.3 iter,P3  (LAI=4.7),DYN_ATBD_rfull_NM,2021-08-01,22.5214172363282
v3.2.3 iter,P3  (LAI=4.7),DYN_ATBD_rfull_NM,2021-08-02,22.3648620605469
v3.2.3 iter,P3  (LAI=4.7),DYN_ATBD_rfull_NM,2021-08-03,18.9664245605469
v3.2.3 iter,P3  (LAI=4.7),DYN_ATBD_rfull_NM,2021-08-04,20.1491638183594
v3.2.3 iter,P3  (LAI=4.7),DYN_ATBD_rfull_NM,2021-08-05,21.6607299804688
v3.2.3 iter,P3  (LAI=4.7),DYN_ATBD_rfull_NM,2021-08-06,22.3533874511719
v3.2.3 iter,P3  (LAI=4.7),DYN_ATBD_rfull_NM,2021-08-07,21.8050170898438
v3.2.3 iter,P3  (LAI=4.7),DYN_ATBD_rfull_NM,2021-08-08,22.3626037597656
v3.2.3 iter,P3  (LAI=4.7),DYN_ATBD_rfull_NM,2021-08-09,23.0147338867188
v3.2.3 iter,P3  (LAI=4.7),DYN_ATBD_rfull_NM,2021-08-10,27.1446472167969
v3.2.3 iter,P3  (LAI=4.7),DYN_ATBD_rfull_NM,2021-08-11,29.6225524902344
v3.2.3 iter,P3  (LAI=4.7),DYN_ATBD_rfull_NM,2021-08-12,30.4448486328125
v3.2.3 iter,P3  (LAI=4.7),DYN_ATBD_rfull_NM,2021-08-13,30.5409790039063
v3.2.3 iter,P3  (LAI=4.7),DYN_ATBD_rfull_NM,2021-08-14,33.0249877929688
v3.2.3 iter,P3  (LAI=4.7),DYN_ATBD_rfull_NM,2021-08-15,29.5868774414063
v3.2.3 iter,P3  (LAI=4.7),DYN_ATBD_rfull_NM,2021-08-16,22.9920288085938
v3.2.3 iter,P3  (LAI=4.7),DYN_ATBD_rfull_NM,2021-08-17,19.7659240722656
v3.2.3 iter,P3  (LAI=4.7),DYN_ATBD_rfull_NM,2021-08-18,20.7338806152344
v3.2.3 iter,P3  (LAI=4.7),DYN_ATBD_rfull_NM,2021-08-19,20.2302185058594
v3.2.3 iter,P3  (LAI=4.7),DYN_ATBD_rfull_NM,2021-08-20,24.5729309082032
v3.2.3 iter,P3  (LAI=4.7),DYN_ATBD_rfull_NM,2021-08-21,25.5251708984375
v3.2.3 iter,P3  (LAI=4.7),DYN_ATBD_rfull_NM,2021-08-22,23.1830688476563
v3.2.3 iter,P3  (LAI=4.7),DYN_ATBD_rfull_NM,2021-08-23,23.3403259277344
v3.2.3 iter,P3  (LAI=4.7),DYN_ATBD_rfull_NM,2021-08-24,25.8760925292969
v3.2.3 iter,P3  (LAI=4.7),DYN_ATBD_rfull_NM,2021-08-25,26.4766479492188
v3.2.3 iter,P3  (LAI=4.7),DYN_ATBD_rfull_NM,2021-08-26,24.1442199707032
v3.2.3 iter,P3  (LAI=4.7),DYN_ATBD_rfull_NM,2021-08-27,22.184228515625
v3.2.3 iter,P3  (LAI=4.7),DYN_ATBD_rfull_NM,2021-08-28,21.8688293457031
v3.2.3 iter,P3  (LAI=4.7),DYN_ATBD_rfull_NM,2021-08-29,21.4681030273438
v3.2.3 iter,P3  (LAI=4.7),DYN_ATBD_rfull_NM,2021-08-30,22.4244018554688
v3.2.3 iter,P3  (LAI=4.7),DYN_ATBD_rfull_NM,2021-08-31,23.7799926757813
v3.2.3 iter,P3  (LAI=4.7),DYN_ATBD_rfull_NM,2021-09-01,25.52822265625
v3.2.3 iter,P3  (LAI=4.7),DYN_ATBD_rfull_NM,2021-09-02,27.9929138183594
v3.2.3 iter,P3  (LAI=4.7),DYN_ATBD_rfull_NM,2021-09-03,27.8761535644532
v3.2.3 iter,P3  (LAI=4.7),DYN_ATBD_rfull_NM,2021-09-04,26.9294982910157
v3.2.3 iter,P3  (LAI=4.7),DYN_ATBD_rfull_NM,2021-09-05,28.7495361328125
v3.2.3 iter,P3  (LAI=4.7),DYN_ATBD_rfull_NM,2021-09-06,31.6272216796875
v3.2.3 iter,P3  (LAI=4.7),DYN_ATBD_rfull_NM,2021-09-07,32.6924072265625
v3.2.3 iter,P3  (LAI=4.7),DYN_ATBD_rfull_NM,2021-09-08,28.7559143066407
v3.2.3 iter,P3  (LAI=4.7),DYN_ATBD_rfull_NM,2021-09-09,24.5920349121094
v3.2.3 iter,P3  (LAI=4.7),DYN_ATBD_rfull_NM,2021-09-10,24.3838134765625
v3.2.3 iter,P3  (LAI=4.7),DYN_ATBD_rfull_NM,2021-09-11,23.6713195800782
v3.2.3 iter,P3  (LAI=4.7),DYN_ATBD_rfull_NM,2021-09-12,25.6995483398438
v3.2.3 iter,P3  (LAI=4.7),DYN_ATBD_rfull_NM,2021-09-13,28.6556030273438
v3.2.3 iter,P3  (LAI=4.7),DYN_ATBD_rfull_NM,2021-09-14,27.4878173828125
v3.2.3 iter,P3  (LAI=4.7),DYN_ATBD_rfull_NM,2021-09-15,24.1279235839844
v3.2.3 iter,P3  (LAI=4.7),DYN_ATBD_rfull_NM,2021-09-16,23.148828125
v3.2.3 iter,P3  (LAI=4.7),DYN_ATBD_rfull_NM,2021-09-17,23.6488891601563
v3.2.3 iter,P3  (LAI=4.7),DYN_ATBD_rfull_NM,2021-09-18,21.7295776367188
v3.2.3 iter,P3  (LAI=4.7),DYN_ATBD_rfull_NM,2021-09-19,18.3086486816407
v3.2.3 iter,P3  (LAI=4.7),DYN_ATBD_rfull_NM,2021-09-20,18.9727722167969
v3.2.3 iter,P3  (LAI=4.7),DYN_ATBD_rfull_NM,2021-09-21,19.5424438476563
v3.2.3 iter,P3  (LAI=4.7),DYN_ATBD_rfull_NM,2021-09-22,22.0978332519532
v3.2.3 iter,P3  (LAI=4.7),DYN_ATBD_rfull_NM,2021-09-23,24.3621154785157
v3.2.3 iter,P3  (LAI=4.7),DYN_ATBD_rfull_NM,2021-09-24,24.6492858886719
v3.2.3 iter,P3  (LAI=4.7),DYN_ATBD_rfull_NM,2021-09-25,23.1853881835938
v3.2.3 iter,P3  (LAI=4.7),DYN_ATBD_rfull_NM,2021-09-26,21.9318176269532
v3.2.3 iter,P3  (LAI=4.7),DYN_ATBD_rfull_NM,2021-09-27,20.6406494140625
v3.2.3 iter,P3  (LAI=4.7),DYN_ATBD_rfull_NM,2021-09-28,19.4711547851563
v3.2.3 iter,P3  (LAI=4.7),DYN_ATBD_rfull_NM,2021-09-29,18.3461547851563
v3.2.3 iter,P3  (LAI=4.7),DYN_ATBD_rfull_NM,2021-09-30,19.4048706054688
v3.2.3 iter,P3  (LAI=4.7),DYN_OPT_rdopt_NM,2021-06-01,28.8439270019532
v3.2.3 iter,P3  (LAI=4.7),DYN_OPT_rdopt_NM,2021-06-02,24.6856018066407
v3.2.3 iter,P3  (LAI=4.7),DYN_OPT_rdopt_NM,2021-06-03,26.8576293945313
v3.2.3 iter,P3  (LAI=4.7),DYN_OPT_rdopt_NM,2021-06-04,17.9655700683594
v3.2.3 iter,P3  (LAI=4.7),DYN_OPT_rdopt_NM,2021-06-05,22.0350891113281
v3.2.3 iter,P3  (LAI=4.7),DYN_OPT_rdopt_NM,2021-06-06,22.6625
v3.2.3 iter,P3  (LAI=4.7),DYN_OPT_rdopt_NM,2021-06-07,23.7322937011719
v3.2.3 iter,P3  (LAI=4.7),DYN_OPT_rdopt_NM,2021-06-08,26.2477966308594
v3.2.3 iter,P3  (LAI=4.7),DYN_OPT_rdopt_NM,2021-06-09,27.9843994140625
v3.2.3 iter,P3  (LAI=4.7),DYN_OPT_rdopt_NM,2021-06-10,28.6474548339844
v3.2.3 iter,P3  (LAI=4.7),DYN_OPT_rdopt_NM,2021-06-11,28.0796447753907
v3.2.3 iter,P3  (LAI=4.7),DYN_OPT_rdopt_NM,2021-06-12,27.8759094238282
v3.2.3 iter,P3  (LAI=4.7),DYN_OPT_rdopt_NM,2021-06-13,28.5219970703125
v3.2.3 iter,P3  (LAI=4.7),DYN_OPT_rdopt_NM,2021-06-14,30.814599609375
v3.2.3 iter,P3  (LAI=4.7),DYN_OPT_rdopt_NM,2021-06-15,30.3933959960938
v3.2.3 iter,P3  (LAI=4.7),DYN_OPT_rdopt_NM,2021-06-16,32.4543395996094
v3.2.3 iter,P3  (LAI=4.7),DYN_OPT_rdopt_NM,2021-06-17,27.1189514160157
v3.2.3 iter,P3  (LAI=4.7),DYN_OPT_rdopt_NM,2021-06-18,24.7976928710938
v3.2.3 iter,P3  (LAI=4.7),DYN_OPT_rdopt_NM,2021-06-19,24.3430725097657
v3.2.3 iter,P3  (LAI=4.7),DYN_OPT_rdopt_NM,2021-06-20,23.434228515625
v3.2.3 iter,P3  (LAI=4.7),DYN_OPT_rdopt_NM,2021-06-21,23.9041381835938
v3.2.3 iter,P3  (LAI=4.7),DYN_OPT_rdopt_NM,2021-06-22,21.8486877441406
v3.2.3 iter,P3  (LAI=4.7),DYN_OPT_rdopt_NM,2021-06-23,18.5796447753907
v3.2.3 iter,P3  (LAI=4.7),DYN_OPT_rdopt_NM,2021-06-24,22.7257934570313
v3.2.3 iter,P3  (LAI=4.7),DYN_OPT_rdopt_NM,2021-06-25,22.4464965820313
v3.2.3 iter,P3  (LAI=4.7),DYN_OPT_rdopt_NM,2021-06-26,24.3950744628907
v3.2.3 iter,P3  (LAI=4.7),DYN_OPT_rdopt_NM,2021-06-27,20.1466613769531
v3.2.3 iter,P3  (LAI=4.7),DYN_OPT_rdopt_NM,2021-06-28,22.3611694335938
v3.2.3 iter,P3  (LAI=4.7),DYN_OPT_rdopt_NM,2021-06-29,20.0701843261719
v3.2.3 iter,P3  (LAI=4.7),DYN_OPT_rdopt_NM,2021-06-30,20.2448059082032
v3.2.3 iter,P3  (LAI=4.7),DYN_OPT_rdopt_NM,2021-07-01,25.3370300292969
v3.2.3 iter,P3  (LAI=4.7),DYN_OPT_rdopt_NM,2021-07-02,26.2879272460938
v3.2.3 iter,P3  (LAI=4.7),DYN_OPT_rdopt_NM,2021-07-03,23.4433532714844
v3.2.3 iter,P3  (LAI=4.7),DYN_OPT_rdopt_NM,2021-07-04,21.1774841308594
v3.2.3 iter,P3  (LAI=4.7),DYN_OPT_rdopt_NM,2021-07-05,23.1180358886719
v3.2.3 iter,P3  (LAI=4.7),DYN_OPT_rdopt_NM,2021-07-06,22.1032653808594
v3.2.3 iter,P3  (LAI=4.7),DYN_OPT_rdopt_NM,2021-07-07,22.2992492675782
v3.2.3 iter,P3  (LAI=4.7),DYN_OPT_rdopt_NM,2021-07-08,21.6306396484375
v3.2.3 iter,P3  (LAI=4.7),DYN_OPT_rdopt_NM,2021-07-09,22.4532409667969
v3.2.3 iter,P3  (LAI=4.7),DYN_OPT_rdopt_NM,2021-07-10,20.0736022949219
v3.2.3 iter,P3  (LAI=4.7),DYN_OPT_rdopt_NM,2021-07-11,25.1062255859375
v3.2.3 iter,P3  (LAI=4.7),DYN_OPT_rdopt_NM,2021-07-12,21.1297546386719
v3.2.3 iter,P3  (LAI=4.7),DYN_OPT_rdopt_NM,2021-07-13,18.2287536621094
v3.2.3 iter,P3  (LAI=4.7),DYN_OPT_rdopt_NM,2021-07-14,22.9040771484375
v3.2.3 iter,P3  (LAI=4.7),DYN_OPT_rdopt_NM,2021-07-15,25.1740661621094
v3.2.3 iter,P3  (LAI=4.7),DYN_OPT_rdopt_NM,2021-07-16,21.6216369628906
v3.2.3 iter,P3  (LAI=4.7),DYN_OPT_rdopt_NM,2021-07-17,23.6631103515625
v3.2.3 iter,P3  (LAI=4.7),DYN_OPT_rdopt_NM,2021-07-18,29.793603515625
v3.2.3 iter,P3  (LAI=4.7),DYN_OPT_rdopt_NM,2021-07-19,31.0435729980469
v3.2.3 iter,P3  (LAI=4.7),DYN_OPT_rdopt_NM,2021-07-20,30.3621154785157
v3.2.3 iter,P3  (LAI=4.7),DYN_OPT_rdopt_NM,2021-07-21,30.6835571289063
v3.2.3 iter,P3  (LAI=4.7),DYN_OPT_rdopt_NM,2021-07-22,30.5755249023438
v3.2.3 iter,P3  (LAI=4.7),DYN_OPT_rdopt_NM,2021-07-23,32.0459838867188
v3.2.3 iter,P3  (LAI=4.7),DYN_OPT_rdopt_NM,2021-07-24,25.3651672363282
v3.2.3 iter,P3  (LAI=4.7),DYN_OPT_rdopt_NM,2021-07-25,24.7557922363282
v3.2.3 iter,P3  (LAI=4.7),DYN_OPT_rdopt_NM,2021-07-26,24.9171691894532
v3.2.3 iter,P3  (LAI=4.7),DYN_OPT_rdopt_NM,2021-07-27,20.6339050292969
v3.2.3 iter,P3  (LAI=4.7),DYN_OPT_rdopt_NM,2021-07-28,23.1736694335938
v3.2.3 iter,P3  (LAI=4.7),DYN_OPT_rdopt_NM,2021-07-29,24.7351928710938
v3.2.3 iter,P3  (LAI=4.7),DYN_OPT_rdopt_NM,2021-07-30,24.04384765625
v3.2.3 iter,P3  (LAI=4.7),DYN_OPT_rdopt_NM,2021-07-31,22.6467529296875
v3.2.3 iter,P3  (LAI=4.7),DYN_OPT_rdopt_NM,2021-08-01,22.5735107421875
v3.2.3 iter,P3  (LAI=4.7),DYN_OPT_rdopt_NM,2021-08-02,22.5719848632813
v3.2.3 iter,P3  (LAI=4.7),DYN_OPT_rdopt_NM,2021-08-03,18.8986145019531
v3.2.3 iter,P3  (LAI=4.7),DYN_OPT_rdopt_NM,2021-08-04,20.6780639648438
v3.2.3 iter,P3  (LAI=4.7),DYN_OPT_rdopt_NM,2021-08-05,21.7055297851563
v3.2.3 iter,P3  (LAI=4.7),DYN_OPT_rdopt_NM,2021-08-06,22.4373107910156
v3.2.3 iter,P3  (LAI=4.7),DYN_OPT_rdopt_NM,2021-08-07,21.8918701171875
v3.2.3 iter,P3  (LAI=4.7),DYN_OPT_rdopt_NM,2021-08-08,22.4048400878907
v3.2.3 iter,P3  (LAI=4.7),DYN_OPT_rdopt_NM,2021-08-09,23.1352172851563
v3.2.3 iter,P3  (LAI=4.7),DYN_OPT_rdopt_NM,2021-08-10,27.1750732421875
v3.2.3 iter,P3  (LAI=4.7),DYN_OPT_rdopt_NM,2021-08-11,29.4569030761719
v3.2.3 iter,P3  (LAI=4.7),DYN_OPT_rdopt_NM,2021-08-12,30.38125
v3.2.3 iter,P3  (LAI=4.7),DYN_OPT_rdopt_NM,2021-08-13,30.4701782226563
v3.2.3 iter,P3  (LAI=4.7),DYN_OPT_rdopt_NM,2021-08-14,32.7183166503907
v3.2.3 iter,P3  (LAI=4.7),DYN_OPT_rdopt_NM,2021-08-15,29.5271850585938
v3.2.3 iter,P3  (LAI=4.7),DYN_OPT_rdopt_NM,2021-08-16,23.0171752929688
v3.2.3 iter,P3  (LAI=4.7),DYN_OPT_rdopt_NM,2021-08-17,19.7610107421875
v3.2.3 iter,P3  (LAI=4.7),DYN_OPT_rdopt_NM,2021-08-18,20.8070922851563
v3.2.3 iter,P3  (LAI=4.7),DYN_OPT_rdopt_NM,2021-08-19,20.2841430664063
v3.2.3 iter,P3  (LAI=4.7),DYN_OPT_rdopt_NM,2021-08-20,24.7597290039063
v3.2.3 iter,P3  (LAI=4.7),DYN_OPT_rdopt_NM,2021-08-21,25.5830017089844
v3.2.3 iter,P3  (LAI=4.7),DYN_OPT_rdopt_NM,2021-08-22,23.1745544433594
v3.2.3 iter,P3  (LAI=4.7),DYN_OPT_rdopt_NM,2021-08-23,23.3960815429688
v3.2.3 iter,P3  (LAI=4.7),DYN_OPT_rdopt_NM,2021-08-24,25.8616271972657
v3.2.3 iter,P3  (LAI=4.7),DYN_OPT_rdopt_NM,2021-08-25,26.460107421875
v3.2.3 iter,P3  (LAI=4.7),DYN_OPT_rdopt_NM,2021-08-26,24.1776062011719
v3.2.3 iter,P3  (LAI=4.7),DYN_OPT_rdopt_NM,2021-08-27,22.3292785644531
v3.2.3 iter,P3  (LAI=4.7),DYN_OPT_rdopt_NM,2021-08-28,22.0537353515625
v3.2.3 iter,P3  (LAI=4.7),DYN_OPT_rdopt_NM,2021-08-29,21.4992309570313
v3.2.3 iter,P3  (LAI=4.7),DYN_OPT_rdopt_NM,2021-08-30,22.5953002929688
v3.2.3 iter,P3  (LAI=4.7),DYN_OPT_rdopt_NM,2021-08-31,23.9233337402344
v3.2.3 iter,P3  (LAI=4.7),DYN_OPT_rdopt_NM,2021-09-01,25.5909973144532
v3.2.3 iter,P3  (LAI=4.7),DYN_OPT_rdopt_NM,2021-09-02,28.0473266601563
v3.2.3 iter,P3  (LAI=4.7),DYN_OPT_rdopt_NM,2021-09-03,27.8331848144532
v3.2.3 iter,P3  (LAI=4.7),DYN_OPT_rdopt_NM,2021-09-04,26.9402404785157
v3.2.3 iter,P3  (LAI=4.7),DYN_OPT_rdopt_NM,2021-09-05,28.8901000976563
v3.2.3 iter,P3  (LAI=4.7),DYN_OPT_rdopt_NM,2021-09-06,31.6286560058594
v3.2.3 iter,P3  (LAI=4.7),DYN_OPT_rdopt_NM,2021-09-07,32.7000061035157
v3.2.3 iter,P3  (LAI=4.7),DYN_OPT_rdopt_NM,2021-09-08,28.7411437988282
v3.2.3 iter,P3  (LAI=4.7),DYN_OPT_rdopt_NM,2021-09-09,24.5732971191407
v3.2.3 iter,P3  (LAI=4.7),DYN_OPT_rdopt_NM,2021-09-10,24.5425354003907
v3.2.3 iter,P3  (LAI=4.7),DYN_OPT_rdopt_NM,2021-09-11,23.7033325195313
v3.2.3 iter,P3  (LAI=4.7),DYN_OPT_rdopt_NM,2021-09-12,25.6345764160157
v3.2.3 iter,P3  (LAI=4.7),DYN_OPT_rdopt_NM,2021-09-13,28.4729248046875
v3.2.3 iter,P3  (LAI=4.7),DYN_OPT_rdopt_NM,2021-09-14,27.8588195800782
v3.2.3 iter,P3  (LAI=4.7),DYN_OPT_rdopt_NM,2021-09-15,24.1634460449219
v3.2.3 iter,P3  (LAI=4.7),DYN_OPT_rdopt_NM,2021-09-16,23.201318359375
v3.2.3 iter,P3  (LAI=4.7),DYN_OPT_rdopt_NM,2021-09-17,23.688134765625
v3.2.3 iter,P3  (LAI=4.7),DYN_OPT_rdopt_NM,2021-09-18,21.8052001953125
v3.2.3 iter,P3  (LAI=4.7),DYN_OPT_rdopt_NM,2021-09-19,18.598291015625
v3.2.3 iter,P3  (LAI=4.7),DYN_OPT_rdopt_NM,2021-09-20,18.9752136230469
v3.2.3 iter,P3  (LAI=4.7),DYN_OPT_rdopt_NM,2021-09-21,19.4074951171875
v3.2.3 iter,P3  (LAI=4.7),DYN_OPT_rdopt_NM,2021-09-22,22.1175476074219
v3.2.3 iter,P3  (LAI=4.7),DYN_OPT_rdopt_NM,2021-09-23,24.3098693847657
v3.2.3 iter,P3  (LAI=4.7),DYN_OPT_rdopt_NM,2021-09-24,24.5516906738282
v3.2.3 iter,P3  (LAI=4.7),DYN_OPT_rdopt_NM,2021-09-25,23.3022705078125
v3.2.3 iter,P3  (LAI=4.7),DYN_OPT_rdopt_NM,2021-09-26,22.0722290039063
v3.2.3 iter,P3  (LAI=4.7),DYN_OPT_rdopt_NM,2021-09-27,20.2645202636719
v3.2.3 iter,P3  (LAI=4.7),DYN_OPT_rdopt_NM,2021-09-28,19.4404846191406
v3.2.3 iter,P3  (LAI=4.7),DYN_OPT_rdopt_NM,2021-09-29,18.2232604980469
v3.2.3 iter,P3  (LAI=4.7),DYN_OPT_rdopt_NM,2021-09-30,19.3154846191406
v3.2.3 iter,P3  (LAI=4.7),DYN_ALS_S2TIMING_NM,2021-06-01,28.4039245605469
v3.2.3 iter,P3  (LAI=4.7),DYN_ALS_S2TIMING_NM,2021-06-02,23.936181640625
v3.2.3 iter,P3  (LAI=4.7),DYN_ALS_S2TIMING_NM,2021-06-03,26.3192687988282
v3.2.3 iter,P3  (LAI=4.7),DYN_ALS_S2TIMING_NM,2021-06-04,17.5085693359375
v3.2.3 iter,P3  (LAI=4.7),DYN_ALS_S2TIMING_NM,2021-06-05,21.6295715332031
v3.2.3 iter,P3  (LAI=4.7),DYN_ALS_S2TIMING_NM,2021-06-06,22.2474304199219
v3.2.3 iter,P3  (LAI=4.7),DYN_ALS_S2TIMING_NM,2021-06-07,23.1372619628907
v3.2.3 iter,P3  (LAI=4.7),DYN_ALS_S2TIMING_NM,2021-06-08,25.6374755859375
v3.2.3 iter,P3  (LAI=4.7),DYN_ALS_S2TIMING_NM,2021-06-09,27.6002136230469
v3.2.3 iter,P3  (LAI=4.7),DYN_ALS_S2TIMING_NM,2021-06-10,28.1134582519532
v3.2.3 iter,P3  (LAI=4.7),DYN_ALS_S2TIMING_NM,2021-06-11,27.4555297851563
v3.2.3 iter,P3  (LAI=4.7),DYN_ALS_S2TIMING_NM,2021-06-12,27.1927429199219
v3.2.3 iter,P3  (LAI=4.7),DYN_ALS_S2TIMING_NM,2021-06-13,28.0257202148438
v3.2.3 iter,P3  (LAI=4.7),DYN_ALS_S2TIMING_NM,2021-06-14,30.2965026855469
v3.2.3 iter,P3  (LAI=4.7),DYN_ALS_S2TIMING_NM,2021-06-15,29.8005310058594
v3.2.3 iter,P3  (LAI=4.7),DYN_ALS_S2TIMING_NM,2021-06-16,31.6583801269532
v3.2.3 iter,P3  (LAI=4.7),DYN_ALS_S2TIMING_NM,2021-06-17,26.8383117675782
v3.2.3 iter,P3  (LAI=4.7),DYN_ALS_S2TIMING_NM,2021-06-18,24.2889343261719
v3.2.3 iter,P3  (LAI=4.7),DYN_ALS_S2TIMING_NM,2021-06-19,22.0671020507813
v3.2.3 iter,P3  (LAI=4.7),DYN_ALS_S2TIMING_NM,2021-06-20,22.3584228515625
v3.2.3 iter,P3  (LAI=4.7),DYN_ALS_S2TIMING_NM,2021-06-21,23.4170166015625
v3.2.3 iter,P3  (LAI=4.7),DYN_ALS_S2TIMING_NM,2021-06-22,21.3825317382813
v3.2.3 iter,P3  (LAI=4.7),DYN_ALS_S2TIMING_NM,2021-06-23,18.2247863769531
v3.2.3 iter,P3  (LAI=4.7),DYN_ALS_S2TIMING_NM,2021-06-24,22.2898193359375
v3.2.3 iter,P3  (LAI=4.7),DYN_ALS_S2TIMING_NM,2021-06-25,21.8763366699219
v3.2.3 iter,P3  (LAI=4.7),DYN_ALS_S2TIMING_NM,2021-06-26,23.4767700195313
v3.2.3 iter,P3  (LAI=4.7),DYN_ALS_S2TIMING_NM,2021-06-27,18.7043090820313
v3.2.3 iter,P3  (LAI=4.7),DYN_ALS_S2TIMING_NM,2021-06-28,21.9006896972657
v3.2.3 iter,P3  (LAI=4.7),DYN_ALS_S2TIMING_NM,2021-06-29,19.5053955078125
v3.2.3 iter,P3  (LAI=4.7),DYN_ALS_S2TIMING_NM,2021-06-30,19.8283325195313
v3.2.3 iter,P3  (LAI=4.7),DYN_ALS_S2TIMING_NM,2021-07-01,24.9849487304688
v3.2.3 iter,P3  (LAI=4.7),DYN_ALS_S2TIMING_NM,2021-07-02,25.4768005371094
v3.2.3 iter,P3  (LAI=4.7),DYN_ALS_S2TIMING_NM,2021-07-03,22.4150634765625
v3.2.3 iter,P3  (LAI=4.7),DYN_ALS_S2TIMING_NM,2021-07-04,20.7803283691407
v3.2.3 iter,P3  (LAI=4.7),DYN_ALS_S2TIMING_NM,2021-07-05,22.689111328125
v3.2.3 iter,P3  (LAI=4.7),DYN_ALS_S2TIMING_NM,2021-07-06,21.8008361816407
v3.2.3 iter,P3  (LAI=4.7),DYN_ALS_S2TIMING_NM,2021-07-07,21.9015441894532
v3.2.3 iter,P3  (LAI=4.7),DYN_ALS_S2TIMING_NM,2021-07-08,21.0789733886719
v3.2.3 iter,P3  (LAI=4.7),DYN_ALS_S2TIMING_NM,2021-07-09,22.0347534179688
v3.2.3 iter,P3  (LAI=4.7),DYN_ALS_S2TIMING_NM,2021-07-10,19.2442260742188
v3.2.3 iter,P3  (LAI=4.7),DYN_ALS_S2TIMING_NM,2021-07-11,24.6657958984375
v3.2.3 iter,P3  (LAI=4.7),DYN_ALS_S2TIMING_NM,2021-07-12,20.8449035644531
v3.2.3 iter,P3  (LAI=4.7),DYN_ALS_S2TIMING_NM,2021-07-13,17.58681640625
v3.2.3 iter,P3  (LAI=4.7),DYN_ALS_S2TIMING_NM,2021-07-14,22.2402893066407
v3.2.3 iter,P3  (LAI=4.7),DYN_ALS_S2TIMING_NM,2021-07-15,24.7663818359375
v3.2.3 iter,P3  (LAI=4.7),DYN_ALS_S2TIMING_NM,2021-07-16,21.3720642089844
v3.2.3 iter,P3  (LAI=4.7),DYN_ALS_S2TIMING_NM,2021-07-17,23.4077392578125
v3.2.3 iter,P3  (LAI=4.7),DYN_ALS_S2TIMING_NM,2021-07-18,29.5375915527344
v3.2.3 iter,P3  (LAI=4.7),DYN_ALS_S2TIMING_NM,2021-07-19,30.8463684082032
v3.2.3 iter,P3  (LAI=4.7),DYN_ALS_S2TIMING_NM,2021-07-20,30.2800842285157
v3.2.3 iter,P3  (LAI=4.7),DYN_ALS_S2TIMING_NM,2021-07-21,30.6097961425782
v3.2.3 iter,P3  (LAI=4.7),DYN_ALS_S2TIMING_NM,2021-07-22,30.6277404785157
v3.2.3 iter,P3  (LAI=4.7),DYN_ALS_S2TIMING_NM,2021-07-23,31.5899291992188
v3.2.3 iter,P3  (LAI=4.7),DYN_ALS_S2TIMING_NM,2021-07-24,25.2619567871094
v3.2.3 iter,P3  (LAI=4.7),DYN_ALS_S2TIMING_NM,2021-07-25,24.443505859375
v3.2.3 iter,P3  (LAI=4.7),DYN_ALS_S2TIMING_NM,2021-07-26,24.6966186523438
v3.2.3 iter,P3  (LAI=4.7),DYN_ALS_S2TIMING_NM,2021-07-27,19.6005493164063
v3.2.3 iter,P3  (LAI=4.7),DYN_ALS_S2TIMING_NM,2021-07-28,22.9655700683594
v3.2.3 iter,P3  (LAI=4.7),DYN_ALS_S2TIMING_NM,2021-07-29,24.5972229003907
v3.2.3 iter,P3  (LAI=4.7),DYN_ALS_S2TIMING_NM,2021-07-30,24.0306030273438
v3.2.3 iter,P3  (LAI=4.7),DYN_ALS_S2TIMING_NM,2021-07-31,22.5861755371094
v3.2.3 iter,P3  (LAI=4.7),DYN_ALS_S2TIMING_NM,2021-08-01,22.4652648925782
v3.2.3 iter,P3  (LAI=4.7),DYN_ALS_S2TIMING_NM,2021-08-02,22.2442260742188
v3.2.3 iter,P3  (LAI=4.7),DYN_ALS_S2TIMING_NM,2021-08-03,18.912255859375
v3.2.3 iter,P3  (LAI=4.7),DYN_ALS_S2TIMING_NM,2021-08-04,19.7390991210938
v3.2.3 iter,P3  (LAI=4.7),DYN_ALS_S2TIMING_NM,2021-08-05,21.5397277832031
v3.2.3 iter,P3  (LAI=4.7),DYN_ALS_S2TIMING_NM,2021-08-06,22.2115112304688
v3.2.3 iter,P3  (LAI=4.7),DYN_ALS_S2TIMING_NM,2021-08-07,21.6784301757813
v3.2.3 iter,P3  (LAI=4.7),DYN_ALS_S2TIMING_NM,2021-08-08,22.2282653808594
v3.2.3 iter,P3  (LAI=4.7),DYN_ALS_S2TIMING_NM,2021-08-09,22.8076110839844
v3.2.3 iter,P3  (LAI=4.7),DYN_ALS_S2TIMING_NM,2021-08-10,26.9366394042969
v3.2.3 iter,P3  (LAI=4.7),DYN_ALS_S2TIMING_NM,2021-08-11,29.4941650390625
v3.2.3 iter,P3  (LAI=4.7),DYN_ALS_S2TIMING_NM,2021-08-12,30.1859680175782
v3.2.3 iter,P3  (LAI=4.7),DYN_ALS_S2TIMING_NM,2021-08-13,30.308251953125
v3.2.3 iter,P3  (LAI=4.7),DYN_ALS_S2TIMING_NM,2021-08-14,32.7419067382813
v3.2.3 iter,P3  (LAI=4.7),DYN_ALS_S2TIMING_NM,2021-08-15,29.4195190429688
v3.2.3 iter,P3  (LAI=4.7),DYN_ALS_S2TIMING_NM,2021-08-16,22.9065490722657
v3.2.3 iter,P3  (LAI=4.7),DYN_ALS_S2TIMING_NM,2021-08-17,19.7319274902344
v3.2.3 iter,P3  (LAI=4.7),DYN_ALS_S2TIMING_NM,2021-08-18,20.6387573242188
v3.2.3 iter,P3  (LAI=4.7),DYN_ALS_S2TIMING_NM,2021-08-19,20.1145263671875
v3.2.3 iter,P3  (LAI=4.7),DYN_ALS_S2TIMING_NM,2021-08-20,24.26552734375
v3.2.3 iter,P3  (LAI=4.7),DYN_ALS_S2TIMING_NM,2021-08-21,25.2874389648438
v3.2.3 iter,P3  (LAI=4.7),DYN_ALS_S2TIMING_NM,2021-08-22,23.0893188476563
v3.2.3 iter,P3  (LAI=4.7),DYN_ALS_S2TIMING_NM,2021-08-23,23.1615234375
v3.2.3 iter,P3  (LAI=4.7),DYN_ALS_S2TIMING_NM,2021-08-24,25.7257019042969
v3.2.3 iter,P3  (LAI=4.7),DYN_ALS_S2TIMING_NM,2021-08-25,26.3123718261719
v3.2.3 iter,P3  (LAI=4.7),DYN_ALS_S2TIMING_NM,2021-08-26,24.0290466308594
v3.2.3 iter,P3  (LAI=4.7),DYN_ALS_S2TIMING_NM,2021-08-27,22.0104309082031
v3.2.3 iter,P3  (LAI=4.7),DYN_ALS_S2TIMING_NM,2021-08-28,21.6892944335938
v3.2.3 iter,P3  (LAI=4.7),DYN_ALS_S2TIMING_NM,2021-08-29,21.3012634277344
v3.2.3 iter,P3  (LAI=4.7),DYN_ALS_S2TIMING_NM,2021-08-30,22.2326904296875
v3.2.3 iter,P3  (LAI=4.7),DYN_ALS_S2TIMING_NM,2021-08-31,23.5940490722657
v3.2.3 iter,P3  (LAI=4.7),DYN_ALS_S2TIMING_NM,2021-09-01,25.3760620117188
v3.2.3 iter,P3  (LAI=4.7),DYN_ALS_S2TIMING_NM,2021-09-02,27.7779479980469
v3.2.3 iter,P3  (LAI=4.7),DYN_ALS_S2TIMING_NM,2021-09-03,27.6644836425782
v3.2.3 iter,P3  (LAI=4.7),DYN_ALS_S2TIMING_NM,2021-09-04,26.740869140625
v3.2.3 iter,P3  (LAI=4.7),DYN_ALS_S2TIMING_NM,2021-09-05,28.3897033691407
v3.2.3 iter,P3  (LAI=4.7),DYN_ALS_S2TIMING_NM,2021-09-06,31.3750549316407
v3.2.3 iter,P3  (LAI=4.7),DYN_ALS_S2TIMING_NM,2021-09-07,32.4291320800782
v3.2.3 iter,P3  (LAI=4.7),DYN_ALS_S2TIMING_NM,2021-09-08,28.4262329101563
v3.2.3 iter,P3  (LAI=4.7),DYN_ALS_S2TIMING_NM,2021-09-09,24.5109191894532
v3.2.3 iter,P3  (LAI=4.7),DYN_ALS_S2TIMING_NM,2021-09-10,24.2529541015625
v3.2.3 iter,P3  (LAI=4.7),DYN_ALS_S2TIMING_NM,2021-09-11,23.5614868164063
v3.2.3 iter,P3  (LAI=4.7),DYN_ALS_S2TIMING_NM,2021-09-12,25.6133056640625
v3.2.3 iter,P3  (LAI=4.7),DYN_ALS_S2TIMING_NM,2021-09-13,28.5666137695313
v3.2.3 iter,P3  (LAI=4.7),DYN_ALS_S2TIMING_NM,2021-09-14,27.1204162597657
v3.2.3 iter,P3  (LAI=4.7),DYN_ALS_S2TIMING_NM,2021-09-15,23.9917236328125
v3.2.3 iter,P3  (LAI=4.7),DYN_ALS_S2TIMING_NM,2021-09-16,23.0683532714844
v3.2.3 iter,P3  (LAI=4.7),DYN_ALS_S2TIMING_NM,2021-09-17,23.5408874511719
v3.2.3 iter,P3  (LAI=4.7),DYN_ALS_S2TIMING_NM,2021-09-18,21.5942932128907
v3.2.3 iter,P3  (LAI=4.7),DYN_ALS_S2TIMING_NM,2021-09-19,18.7325073242188
v3.2.3 iter,P3  (LAI=4.7),DYN_ALS_S2TIMING_NM,2021-09-20,18.9161010742188
v3.2.3 iter,P3  (LAI=4.7),DYN_ALS_S2TIMING_NM,2021-09-21,19.4989868164063
v3.2.3 iter,P3  (LAI=4.7),DYN_ALS_S2TIMING_NM,2021-09-22,22.0234924316406
v3.2.3 iter,P3  (LAI=4.7),DYN_ALS_S2TIMING_NM,2021-09-23,24.2514587402344
v3.2.3 iter,P3  (LAI=4.7),DYN_ALS_S2TIMING_NM,2021-09-24,24.5751892089844
v3.2.3 iter,P3  (LAI=4.7),DYN_ALS_S2TIMING_NM,2021-09-25,23.0416198730469
v3.2.3 iter,P3  (LAI=4.7),DYN_ALS_S2TIMING_NM,2021-09-26,21.8090759277344
v3.2.3 iter,P3  (LAI=4.7),DYN_ALS_S2TIMING_NM,2021-09-27,20.2474609375
v3.2.3 iter,P3  (LAI=4.7),DYN_ALS_S2TIMING_NM,2021-09-28,19.4350524902344
v3.2.3 iter,P3  (LAI=4.7),DYN_ALS_S2TIMING_NM,2021-09-29,18.3029113769531
v3.2.3 iter,P3  (LAI=4.7),DYN_ALS_S2TIMING_NM,2021-09-30,19.4518371582032
v3.2.3 iter,P3  (LAI=4.7),DYN_ALSoOPT_S2TIMING_NM,2021-06-01,28.0523620605469
v3.2.3 iter,P3  (LAI=4.7),DYN_ALSoOPT_S2TIMING_NM,2021-06-02,23.5256896972657
v3.2.3 iter,P3  (LAI=4.7),DYN_ALSoOPT_S2TIMING_NM,2021-06-03,26.0439697265625
v3.2.3 iter,P3  (LAI=4.7),DYN_ALSoOPT_S2TIMING_NM,2021-06-04,17.3877197265625
v3.2.3 iter,P3  (LAI=4.7),DYN_ALSoOPT_S2TIMING_NM,2021-06-05,21.4481750488281
v3.2.3 iter,P3  (LAI=4.7),DYN_ALSoOPT_S2TIMING_NM,2021-06-06,22.0266357421875
v3.2.3 iter,P3  (LAI=4.7),DYN_ALSoOPT_S2TIMING_NM,2021-06-07,22.9174438476563
v3.2.3 iter,P3  (LAI=4.7),DYN_ALSoOPT_S2TIMING_NM,2021-06-08,25.3528991699219
v3.2.3 iter,P3  (LAI=4.7),DYN_ALSoOPT_S2TIMING_NM,2021-06-09,27.2806335449219
v3.2.3 iter,P3  (LAI=4.7),DYN_ALSoOPT_S2TIMING_NM,2021-06-10,27.7300659179688
v3.2.3 iter,P3  (LAI=4.7),DYN_ALSoOPT_S2TIMING_NM,2021-06-11,27.0961547851563
v3.2.3 iter,P3  (LAI=4.7),DYN_ALSoOPT_S2TIMING_NM,2021-06-12,26.8922058105469
v3.2.3 iter,P3  (LAI=4.7),DYN_ALSoOPT_S2TIMING_NM,2021-06-13,27.7484069824219
v3.2.3 iter,P3  (LAI=4.7),DYN_ALSoOPT_S2TIMING_NM,2021-06-14,29.8666625976563
v3.2.3 iter,P3  (LAI=4.7),DYN_ALSoOPT_S2TIMING_NM,2021-06-15,29.4201293945313
v3.2.3 iter,P3  (LAI=4.7),DYN_ALSoOPT_S2TIMING_NM,2021-06-16,31.1579833984375
v3.2.3 iter,P3  (LAI=4.7),DYN_ALSoOPT_S2TIMING_NM,2021-06-17,26.5378662109375
v3.2.3 iter,P3  (LAI=4.7),DYN_ALSoOPT_S2TIMING_NM,2021-06-18,24.1204162597657
v3.2.3 iter,P3  (LAI=4.7),DYN_ALSoOPT_S2TIMING_NM,2021-06-19,21.77138671875
v3.2.3 iter,P3  (LAI=4.7),DYN_ALSoOPT_S2TIMING_NM,2021-06-20,22.1298767089844
v3.2.3 iter,P3  (LAI=4.7),DYN_ALSoOPT_S2TIMING_NM,2021-06-21,23.1665283203125
v3.2.3 iter,P3  (LAI=4.7),DYN_ALSoOPT_S2TIMING_NM,2021-06-22,21.1692749023438
v3.2.3 iter,P3  (LAI=4.7),DYN_ALSoOPT_S2TIMING_NM,2021-06-23,18.1320739746094
v3.2.3 iter,P3  (LAI=4.7),DYN_ALSoOPT_S2TIMING_NM,2021-06-24,22.0346618652344
v3.2.3 iter,P3  (LAI=4.7),DYN_ALSoOPT_S2TIMING_NM,2021-06-25,21.6819091796875
v3.2.3 iter,P3  (LAI=4.7),DYN_ALSoOPT_S2TIMING_NM,2021-06-26,23.0446411132813
v3.2.3 iter,P3  (LAI=4.7),DYN_ALSoOPT_S2TIMING_NM,2021-06-27,18.4932800292969
v3.2.3 iter,P3  (LAI=4.7),DYN_ALSoOPT_S2TIMING_NM,2021-06-28,21.549951171875
v3.2.3 iter,P3  (LAI=4.7),DYN_ALSoOPT_S2TIMING_NM,2021-06-29,19.3183837890625
v3.2.3 iter,P3  (LAI=4.7),DYN_ALSoOPT_S2TIMING_NM,2021-06-30,19.6855102539063
v3.2.3 iter,P3  (LAI=4.7),DYN_ALSoOPT_S2TIMING_NM,2021-07-01,24.7209716796875
v3.2.3 iter,P3  (LAI=4.7),DYN_ALSoOPT_S2TIMING_NM,2021-07-02,25.189599609375
v3.2.3 iter,P3  (LAI=4.7),DYN_ALSoOPT_S2TIMING_NM,2021-07-03,22.2510620117188
v3.2.3 iter,P3  (LAI=4.7),DYN_ALSoOPT_S2TIMING_NM,2021-07-04,20.6577392578125
v3.2.3 iter,P3  (LAI=4.7),DYN_ALSoOPT_S2TIMING_NM,2021-07-05,22.5692687988282
v3.2.3 iter,P3  (LAI=4.7),DYN_ALSoOPT_S2TIMING_NM,2021-07-06,21.6843200683594
v3.2.3 iter,P3  (LAI=4.7),DYN_ALSoOPT_S2TIMING_NM,2021-07-07,21.7365051269532
v3.2.3 iter,P3  (LAI=4.7),DYN_ALSoOPT_S2TIMING_NM,2021-07-08,20.9236083984375
v3.2.3 iter,P3  (LAI=4.7),DYN_ALSoOPT_S2TIMING_NM,2021-07-09,21.8611694335938
v3.2.3 iter,P3  (LAI=4.7),DYN_ALSoOPT_S2TIMING_NM,2021-07-10,19.0942016601563
v3.2.3 iter,P3  (LAI=4.7),DYN_ALSoOPT_S2TIMING_NM,2021-07-11,24.4173828125
v3.2.3 iter,P3  (LAI=4.7),DYN_ALSoOPT_S2TIMING_NM,2021-07-12,20.7506958007813
v3.2.3 iter,P3  (LAI=4.7),DYN_ALSoOPT_S2TIMING_NM,2021-07-13,17.4771057128906
v3.2.3 iter,P3  (LAI=4.7),DYN_ALSoOPT_S2TIMING_NM,2021-07-14,22.0839477539063
v3.2.3 iter,P3  (LAI=4.7),DYN_ALSoOPT_S2TIMING_NM,2021-07-15,24.5947509765625
v3.2.3 iter,P3  (LAI=4.7),DYN_ALSoOPT_S2TIMING_NM,2021-07-16,21.2629943847656
v3.2.3 iter,P3  (LAI=4.7),DYN_ALSoOPT_S2TIMING_NM,2021-07-17,23.2798706054688
v3.2.3 iter,P3  (LAI=4.7),DYN_ALSoOPT_S2TIMING_NM,2021-07-18,29.3642517089844
v3.2.3 iter,P3  (LAI=4.7),DYN_ALSoOPT_S2TIMING_NM,2021-07-19,30.6833435058594
v3.2.3 iter,P3  (LAI=4.7),DYN_ALSoOPT_S2TIMING_NM,2021-07-20,30.0937744140625
v3.2.3 iter,P3  (LAI=4.7),DYN_ALSoOPT_S2TIMING_NM,2021-07-21,30.4190612792969
v3.2.3 iter,P3  (LAI=4.7),DYN_ALSoOPT_S2TIMING_NM,2021-07-22,30.4327331542969
v3.2.3 iter,P3  (LAI=4.7),DYN_ALSoOPT_S2TIMING_NM,2021-07-23,31.3496948242188
v3.2.3 iter,P3  (LAI=4.7),DYN_ALSoOPT_S2TIMING_NM,2021-07-24,25.1718383789063
v3.2.3 iter,P3  (LAI=4.7),DYN_ALSoOPT_S2TIMING_NM,2021-07-25,24.3155456542969
v3.2.3 iter,P3  (LAI=4.7),DYN_ALSoOPT_S2TIMING_NM,2021-07-26,24.5746704101563
v3.2.3 iter,P3  (LAI=4.7),DYN_ALSoOPT_S2TIMING_NM,2021-07-27,19.3926025390625
v3.2.3 iter,P3  (LAI=4.7),DYN_ALSoOPT_S2TIMING_NM,2021-07-28,22.8774658203125
v3.2.3 iter,P3  (LAI=4.7),DYN_ALSoOPT_S2TIMING_NM,2021-07-29,24.4665161132813
v3.2.3 iter,P3  (LAI=4.7),DYN_ALSoOPT_S2TIMING_NM,2021-07-30,23.9327331542969
v3.2.3 iter,P3  (LAI=4.7),DYN_ALSoOPT_S2TIMING_NM,2021-07-31,22.5006652832032
v3.2.3 iter,P3  (LAI=4.7),DYN_ALSoOPT_S2TIMING_NM,2021-08-01,22.3705078125
v3.2.3 iter,P3  (LAI=4.7),DYN_ALSoOPT_S2TIMING_NM,2021-08-02,22.1492553710938
v3.2.3 iter,P3  (LAI=4.7),DYN_ALSoOPT_S2TIMING_NM,2021-08-03,18.8692565917969
v3.2.3 iter,P3  (LAI=4.7),DYN_ALSoOPT_S2TIMING_NM,2021-08-04,19.4697509765625
v3.2.3 iter,P3  (LAI=4.7),DYN_ALSoOPT_S2TIMING_NM,2021-08-05,21.4507080078125
v3.2.3 iter,P3  (LAI=4.7),DYN_ALSoOPT_S2TIMING_NM,2021-08-06,22.11806640625
v3.2.3 iter,P3  (LAI=4.7),DYN_ALSoOPT_S2TIMING_NM,2021-08-07,21.5842529296875
v3.2.3 iter,P3  (LAI=4.7),DYN_ALSoOPT_S2TIMING_NM,2021-08-08,22.13125
v3.2.3 iter,P3  (LAI=4.7),DYN_ALSoOPT_S2TIMING_NM,2021-08-09,22.6567932128906
v3.2.3 iter,P3  (LAI=4.7),DYN_ALSoOPT_S2TIMING_NM,2021-08-10,26.758203125
v3.2.3 iter,P3  (LAI=4.7),DYN_ALSoOPT_S2TIMING_NM,2021-08-11,29.2903686523438
v3.2.3 iter,P3  (LAI=4.7),DYN_ALSoOPT_S2TIMING_NM,2021-08-12,29.9794860839844
v3.2.3 iter,P3  (LAI=4.7),DYN_ALSoOPT_S2TIMING_NM,2021-08-13,30.1097351074219
v3.2.3 iter,P3  (LAI=4.7),DYN_ALSoOPT_S2TIMING_NM,2021-08-14,32.476708984375
v3.2.3 iter,P3  (LAI=4.7),DYN_ALSoOPT_S2TIMING_NM,2021-08-15,29.2571655273438
v3.2.3 iter,P3  (LAI=4.7),DYN_ALSoOPT_S2TIMING_NM,2021-08-16,22.8264404296875
v3.2.3 iter,P3  (LAI=4.7),DYN_ALSoOPT_S2TIMING_NM,2021-08-17,19.6879516601563
v3.2.3 iter,P3  (LAI=4.7),DYN_ALSoOPT_S2TIMING_NM,2021-08-18,20.5543151855469
v3.2.3 iter,P3  (LAI=4.7),DYN_ALSoOPT_S2TIMING_NM,2021-08-19,20.0317016601563
v3.2.3 iter,P3  (LAI=4.7),DYN_ALSoOPT_S2TIMING_NM,2021-08-20,24.0698486328125
v3.2.3 iter,P3  (LAI=4.7),DYN_ALSoOPT_S2TIMING_NM,2021-08-21,25.1223083496094
v3.2.3 iter,P3  (LAI=4.7),DYN_ALSoOPT_S2TIMING_NM,2021-08-22,22.9960571289063
v3.2.3 iter,P3  (LAI=4.7),DYN_ALSoOPT_S2TIMING_NM,2021-08-23,23.0501342773438
v3.2.3 iter,P3  (LAI=4.7),DYN_ALSoOPT_S2TIMING_NM,2021-08-24,25.6075988769532
v3.2.3 iter,P3  (LAI=4.7),DYN_ALSoOPT_S2TIMING_NM,2021-08-25,26.1793151855469
v3.2.3 iter,P3  (LAI=4.7),DYN_ALSoOPT_S2TIMING_NM,2021-08-26,23.9268432617188
v3.2.3 iter,P3  (LAI=4.7),DYN_ALSoOPT_S2TIMING_NM,2021-08-27,21.8925109863281
v3.2.3 iter,P3  (LAI=4.7),DYN_ALSoOPT_S2TIMING_NM,2021-08-28,21.5770812988281
v3.2.3 iter,P3  (LAI=4.7),DYN_ALSoOPT_S2TIMING_NM,2021-08-29,21.1723876953125
v3.2.3 iter,P3  (LAI=4.7),DYN_ALSoOPT_S2TIMING_NM,2021-08-30,22.1262756347656
v3.2.3 iter,P3  (LAI=4.7),DYN_ALSoOPT_S2TIMING_NM,2021-08-31,23.4868408203125
v3.2.3 iter,P3  (LAI=4.7),DYN_ALSoOPT_S2TIMING_NM,2021-09-01,25.2793212890625
v3.2.3 iter,P3  (LAI=4.7),DYN_ALSoOPT_S2TIMING_NM,2021-09-02,27.6146179199219
v3.2.3 iter,P3  (LAI=4.7),DYN_ALSoOPT_S2TIMING_NM,2021-09-03,27.4442077636719
v3.2.3 iter,P3  (LAI=4.7),DYN_ALSoOPT_S2TIMING_NM,2021-09-04,26.5814758300782
v3.2.3 iter,P3  (LAI=4.7),DYN_ALSoOPT_S2TIMING_NM,2021-09-05,28.1323486328125
v3.2.3 iter,P3  (LAI=4.7),DYN_ALSoOPT_S2TIMING_NM,2021-09-06,31.198876953125
v3.2.3 iter,P3  (LAI=4.7),DYN_ALSoOPT_S2TIMING_NM,2021-09-07,32.2449279785157
v3.2.3 iter,P3  (LAI=4.7),DYN_ALSoOPT_S2TIMING_NM,2021-09-08,28.1785217285157
v3.2.3 iter,P3  (LAI=4.7),DYN_ALSoOPT_S2TIMING_NM,2021-09-09,24.4331909179688
v3.2.3 iter,P3  (LAI=4.7),DYN_ALSoOPT_S2TIMING_NM,2021-09-10,24.1552062988282
v3.2.3 iter,P3  (LAI=4.7),DYN_ALSoOPT_S2TIMING_NM,2021-09-11,23.4587951660156
v3.2.3 iter,P3  (LAI=4.7),DYN_ALSoOPT_S2TIMING_NM,2021-09-12,25.4984375
v3.2.3 iter,P3  (LAI=4.7),DYN_ALSoOPT_S2TIMING_NM,2021-09-13,28.4291320800782
v3.2.3 iter,P3  (LAI=4.7),DYN_ALSoOPT_S2TIMING_NM,2021-09-14,26.9002624511719
v3.2.3 iter,P3  (LAI=4.7),DYN_ALSoOPT_S2TIMING_NM,2021-09-15,23.8664489746094
v3.2.3 iter,P3  (LAI=4.7),DYN_ALSoOPT_S2TIMING_NM,2021-09-16,22.9848876953125
v3.2.3 iter,P3  (LAI=4.7),DYN_ALSoOPT_S2TIMING_NM,2021-09-17,23.427880859375
v3.2.3 iter,P3  (LAI=4.7),DYN_ALSoOPT_S2TIMING_NM,2021-09-18,21.4987426757813
v3.2.3 iter,P3  (LAI=4.7),DYN_ALSoOPT_S2TIMING_NM,2021-09-19,17.9882141113282
v3.2.3 iter,P3  (LAI=4.7),DYN_ALSoOPT_S2TIMING_NM,2021-09-20,18.865625
v3.2.3 iter,P3  (LAI=4.7),DYN_ALSoOPT_S2TIMING_NM,2021-09-21,19.4744201660157
v3.2.3 iter,P3  (LAI=4.7),DYN_ALSoOPT_S2TIMING_NM,2021-09-22,21.9522338867188
v3.2.3 iter,P3  (LAI=4.7),DYN_ALSoOPT_S2TIMING_NM,2021-09-23,24.119287109375
v3.2.3 iter,P3  (LAI=4.7),DYN_ALSoOPT_S2TIMING_NM,2021-09-24,24.4628234863282
v3.2.3 iter,P3  (LAI=4.7),DYN_ALSoOPT_S2TIMING_NM,2021-09-25,22.9514709472657
v3.2.3 iter,P3  (LAI=4.7),DYN_ALSoOPT_S2TIMING_NM,2021-09-26,21.7383666992188
v3.2.3 iter,P3  (LAI=4.7),DYN_ALSoOPT_S2TIMING_NM,2021-09-27,20.2141357421875
v3.2.3 iter,P3  (LAI=4.7),DYN_ALSoOPT_S2TIMING_NM,2021-09-28,19.3844848632813
v3.2.3 iter,P3  (LAI=4.7),DYN_ALSoOPT_S2TIMING_NM,2021-09-29,18.2987609863281
v3.2.3 iter,P3  (LAI=4.7),DYN_ALSoOPT_S2TIMING_NM,2021-09-30,19.4332214355469
v3.2.3 iter,P4  (LAI=5.7),STATIC_ALS,2021-06-01,27.8932443902455
v3.2.3 iter,P4  (LAI=5.7),STATIC_ALS,2021-06-02,23.1480946731668
v3.2.3 iter,P4  (LAI=5.7),STATIC_ALS,2021-06-03,25.9716407658247
v3.2.3 iter,P4  (LAI=5.7),STATIC_ALS,2021-06-04,17.2198525031535
v3.2.3 iter,P4  (LAI=5.7),STATIC_ALS,2021-06-05,21.4651009207624
v3.2.3 iter,P4  (LAI=5.7),STATIC_ALS,2021-06-06,22.0510219435746
v3.2.3 iter,P4  (LAI=5.7),STATIC_ALS,2021-06-07,22.9685027391334
v3.2.3 iter,P4  (LAI=5.7),STATIC_ALS,2021-06-08,25.5054313270144
v3.2.3 iter,P4  (LAI=5.7),STATIC_ALS,2021-06-09,27.497731067223
v3.2.3 iter,P4  (LAI=5.7),STATIC_ALS,2021-06-10,27.9217850310233
v3.2.3 iter,P4  (LAI=5.7),STATIC_ALS,2021-06-11,27.293125223846
v3.2.3 iter,P4  (LAI=5.7),STATIC_ALS,2021-06-12,27.1025150275794
v3.2.3 iter,P4  (LAI=5.7),STATIC_ALS,2021-06-13,28.0401163479631
v3.2.3 iter,P4  (LAI=5.7),STATIC_ALS,2021-06-14,30.3179529486126
v3.2.3 iter,P4  (LAI=5.7),STATIC_ALS,2021-06-15,29.8032579686023
v3.2.3 iter,P4  (LAI=5.7),STATIC_ALS,2021-06-16,31.5600289524726
v3.2.3 iter,P4  (LAI=5.7),STATIC_ALS,2021-06-17,26.7790731626642
v3.2.3 iter,P4  (LAI=5.7),STATIC_ALS,2021-06-18,24.2267056107621
v3.2.3 iter,P4  (LAI=5.7),STATIC_ALS,2021-06-19,21.8965682865495
v3.2.3 iter,P4  (LAI=5.7),STATIC_ALS,2021-06-20,22.186925199839
v3.2.3 iter,P4  (LAI=5.7),STATIC_ALS,2021-06-21,23.4254592893896
v3.2.3 iter,P4  (LAI=5.7),STATIC_ALS,2021-06-22,21.3077811063379
v3.2.3 iter,P4  (LAI=5.7),STATIC_ALS,2021-06-23,18.1479008616174
v3.2.3 iter,P4  (LAI=5.7),STATIC_ALS,2021-06-24,22.2964389513928
v3.2.3 iter,P4  (LAI=5.7),STATIC_ALS,2021-06-25,21.8326161178078
v3.2.3 iter,P4  (LAI=5.7),STATIC_ALS,2021-06-26,23.1789240994621
v3.2.3 iter,P4  (LAI=5.7),STATIC_ALS,2021-06-27,18.5395489224789
v3.2.3 iter,P4  (LAI=5.7),STATIC_ALS,2021-06-28,21.6153877864275
v3.2.3 iter,P4  (LAI=5.7),STATIC_ALS,2021-06-29,19.3672640090902
v3.2.3 iter,P4  (LAI=5.7),STATIC_ALS,2021-06-30,19.7583102735621
v3.2.3 iter,P4  (LAI=5.7),STATIC_ALS,2021-07-01,24.9249285203186
v3.2.3 iter,P4  (LAI=5.7),STATIC_ALS,2021-07-02,25.3045266286136
v3.2.3 iter,P4  (LAI=5.7),STATIC_ALS,2021-07-03,22.2323286535497
v3.2.3 iter,P4  (LAI=5.7),STATIC_ALS,2021-07-04,20.6359674984533
v3.2.3 iter,P4  (LAI=5.7),STATIC_ALS,2021-07-05,22.6178901282296
v3.2.3 iter,P4  (LAI=5.7),STATIC_ALS,2021-07-06,21.7106547881975
v3.2.3 iter,P4  (LAI=5.7),STATIC_ALS,2021-07-07,21.7208161354439
v3.2.3 iter,P4  (LAI=5.7),STATIC_ALS,2021-07-08,20.8363656137793
v3.2.3 iter,P4  (LAI=5.7),STATIC_ALS,2021-07-09,21.8055513197494
v3.2.3 iter,P4  (LAI=5.7),STATIC_ALS,2021-07-10,18.9733588690767
v3.2.3 iter,P4  (LAI=5.7),STATIC_ALS,2021-07-11,24.3147875319077
v3.2.3 iter,P4  (LAI=5.7),STATIC_ALS,2021-07-12,20.6822796795182
v3.2.3 iter,P4  (LAI=5.7),STATIC_ALS,2021-07-13,17.3439865855837
v3.2.3 iter,P4  (LAI=5.7),STATIC_ALS,2021-07-14,21.9603244734524
v3.2.3 iter,P4  (LAI=5.7),STATIC_ALS,2021-07-15,24.5479384115589
v3.2.3 iter,P4  (LAI=5.7),STATIC_ALS,2021-07-16,21.1912751569685
v3.2.3 iter,P4  (LAI=5.7),STATIC_ALS,2021-07-17,23.2015406275081
v3.2.3 iter,P4  (LAI=5.7),STATIC_ALS,2021-07-18,29.2892233348843
v3.2.3 iter,P4  (LAI=5.7),STATIC_ALS,2021-07-19,30.5968592947705
v3.2.3 iter,P4  (LAI=5.7),STATIC_ALS,2021-07-20,29.9850063731685
v3.2.3 iter,P4  (LAI=5.7),STATIC_ALS,2021-07-21,30.2540553326933
v3.2.3 iter,P4  (LAI=5.7),STATIC_ALS,2021-07-22,30.2445686897853
v3.2.3 iter,P4  (LAI=5.7),STATIC_ALS,2021-07-23,31.0543524465837
v3.2.3 iter,P4  (LAI=5.7),STATIC_ALS,2021-07-24,25.0207527976593
v3.2.3 iter,P4  (LAI=5.7),STATIC_ALS,2021-07-25,24.0364363728669
v3.2.3 iter,P4  (LAI=5.7),STATIC_ALS,2021-07-26,24.3391624710467
v3.2.3 iter,P4  (LAI=5.7),STATIC_ALS,2021-07-27,18.9482259313793
v3.2.3 iter,P4  (LAI=5.7),STATIC_ALS,2021-07-28,22.7399381466702
v3.2.3 iter,P4  (LAI=5.7),STATIC_ALS,2021-07-29,24.2711365636612
v3.2.3 iter,P4  (LAI=5.7),STATIC_ALS,2021-07-30,23.7722511729496
v3.2.3 iter,P4  (LAI=5.7),STATIC_ALS,2021-07-31,22.3291513561916
v3.2.3 iter,P4  (LAI=5.7),STATIC_ALS,2021-08-01,22.1364138205909
v3.2.3 iter,P4  (LAI=5.7),STATIC_ALS,2021-08-02,21.9432769436203
v3.2.3 iter,P4  (LAI=5.7),STATIC_ALS,2021-08-03,18.7140936554744
v3.2.3 iter,P4  (LAI=5.7),STATIC_ALS,2021-08-04,18.9528406536157
v3.2.3 iter,P4  (LAI=5.7),STATIC_ALS,2021-08-05,21.2493600286953
v3.2.3 iter,P4  (LAI=5.7),STATIC_ALS,2021-08-06,21.9559630634819
v3.2.3 iter,P4  (LAI=5.7),STATIC_ALS,2021-08-07,21.3630757791881
v3.2.3 iter,P4  (LAI=5.7),STATIC_ALS,2021-08-08,21.974942945234
v3.2.3 iter,P4  (LAI=5.7),STATIC_ALS,2021-08-09,22.4156613474796
v3.2.3 iter,P4  (LAI=5.7),STATIC_ALS,2021-08-10,26.5521959184417
v3.2.3 iter,P4  (LAI=5.7),STATIC_ALS,2021-08-11,28.9789646297693
v3.2.3 iter,P4  (LAI=5.7),STATIC_ALS,2021-08-12,29.6544478076352
v3.2.3 iter,P4  (LAI=5.7),STATIC_ALS,2021-08-13,29.7967147660792
v3.2.3 iter,P4  (LAI=5.7),STATIC_ALS,2021-08-14,32.0229307616518
v3.2.3 iter,P4  (LAI=5.7),STATIC_ALS,2021-08-15,29.0140910185003
v3.2.3 iter,P4  (LAI=5.7),STATIC_ALS,2021-08-16,22.6463991337116
v3.2.3 iter,P4  (LAI=5.7),STATIC_ALS,2021-08-17,19.557566892128
v3.2.3 iter,P4  (LAI=5.7),STATIC_ALS,2021-08-18,20.4270176241133
v3.2.3 iter,P4  (LAI=5.7),STATIC_ALS,2021-08-19,19.867813121443
v3.2.3 iter,P4  (LAI=5.7),STATIC_ALS,2021-08-20,23.7284769003791
v3.2.3 iter,P4  (LAI=5.7),STATIC_ALS,2021-08-21,24.7740907731192
v3.2.3 iter,P4  (LAI=5.7),STATIC_ALS,2021-08-22,22.819444116344
v3.2.3 iter,P4  (LAI=5.7),STATIC_ALS,2021-08-23,22.8737758869742
v3.2.3 iter,P4  (LAI=5.7),STATIC_ALS,2021-08-24,25.4426086564694
v3.2.3 iter,P4  (LAI=5.7),STATIC_ALS,2021-08-25,26.0143255863766
v3.2.3 iter,P4  (LAI=5.7),STATIC_ALS,2021-08-26,23.7744239952232
v3.2.3 iter,P4  (LAI=5.7),STATIC_ALS,2021-08-27,21.7339467598054
v3.2.3 iter,P4  (LAI=5.7),STATIC_ALS,2021-08-28,21.4356295277706
v3.2.3 iter,P4  (LAI=5.7),STATIC_ALS,2021-08-29,20.943218590772
v3.2.3 iter,P4  (LAI=5.7),STATIC_ALS,2021-08-30,21.9273361075229
v3.2.3 iter,P4  (LAI=5.7),STATIC_ALS,2021-08-31,23.3138695866101
v3.2.3 iter,P4  (LAI=5.7),STATIC_ALS,2021-09-01,25.1475770012094
v3.2.3 iter,P4  (LAI=5.7),STATIC_ALS,2021-09-02,27.4286100486983
v3.2.3 iter,P4  (LAI=5.7),STATIC_ALS,2021-09-03,26.8815785008771
v3.2.3 iter,P4  (LAI=5.7),STATIC_ALS,2021-09-04,26.1742655794779
v3.2.3 iter,P4  (LAI=5.7),STATIC_ALS,2021-09-05,27.3363636308535
v3.2.3 iter,P4  (LAI=5.7),STATIC_ALS,2021-09-06,30.8211160701189
v3.2.3 iter,P4  (LAI=5.7),STATIC_ALS,2021-09-07,31.9321781846936
v3.2.3 iter,P4  (LAI=5.7),STATIC_ALS,2021-09-08,27.3872673964226
v3.2.3 iter,P4  (LAI=5.7),STATIC_ALS,2021-09-09,24.1012767903874
v3.2.3 iter,P4  (LAI=5.7),STATIC_ALS,2021-09-10,23.8427766606848
v3.2.3 iter,P4  (LAI=5.7),STATIC_ALS,2021-09-11,23.064019190689
v3.2.3 iter,P4  (LAI=5.7),STATIC_ALS,2021-09-12,25.0430828313214
v3.2.3 iter,P4  (LAI=5.7),STATIC_ALS,2021-09-13,27.8569968641277
v3.2.3 iter,P4  (LAI=5.7),STATIC_ALS,2021-09-14,26.1204009966704
v3.2.3 iter,P4  (LAI=5.7),STATIC_ALS,2021-09-15,23.0857133284093
v3.2.3 iter,P4  (LAI=5.7),STATIC_ALS,2021-09-16,22.620615461774
v3.2.3 iter,P4  (LAI=5.7),STATIC_ALS,2021-09-17,22.8806232611631
v3.2.3 iter,P4  (LAI=5.7),STATIC_ALS,2021-09-18,21.0735070902221
v3.2.3 iter,P4  (LAI=5.7),STATIC_ALS,2021-09-19,17.6053527106271
v3.2.3 iter,P4  (LAI=5.7),STATIC_ALS,2021-09-20,18.6133265297475
v3.2.3 iter,P4  (LAI=5.7),STATIC_ALS,2021-09-21,19.2755891812515
v3.2.3 iter,P4  (LAI=5.7),STATIC_ALS,2021-09-22,21.6717003132742
v3.2.3 iter,P4  (LAI=5.7),STATIC_ALS,2021-09-23,23.4256527832833
v3.2.3 iter,P4  (LAI=5.7),STATIC_ALS,2021-09-24,23.8951485294765
v3.2.3 iter,P4  (LAI=5.7),STATIC_ALS,2021-09-25,22.5632430453653
v3.2.3 iter,P4  (LAI=5.7),STATIC_ALS,2021-09-26,21.3167614558305
v3.2.3 iter,P4  (LAI=5.7),STATIC_ALS,2021-09-27,20.0433175316437
v3.2.3 iter,P4  (LAI=5.7),STATIC_ALS,2021-09-28,19.0743872522357
v3.2.3 iter,P4  (LAI=5.7),STATIC_ALS,2021-09-29,18.1803161865529
v3.2.3 iter,P4  (LAI=5.7),STATIC_ALS,2021-09-30,19.1927971060945
v3.2.3 iter,P4  (LAI=5.7),STATIC_ALS_DOPT,2021-06-01,28.7799140715624
v3.2.3 iter,P4  (LAI=5.7),STATIC_ALS_DOPT,2021-06-02,24.5443007762234
v3.2.3 iter,P4  (LAI=5.7),STATIC_ALS_DOPT,2021-06-03,26.7237065305251
v3.2.3 iter,P4  (LAI=5.7),STATIC_ALS_DOPT,2021-06-04,17.7193813182509
v3.2.3 iter,P4  (LAI=5.7),STATIC_ALS_DOPT,2021-06-05,21.803524823776
v3.2.3 iter,P4  (LAI=5.7),STATIC_ALS_DOPT,2021-06-06,22.5307304046631
v3.2.3 iter,P4  (LAI=5.7),STATIC_ALS_DOPT,2021-06-07,23.6782369828536
v3.2.3 iter,P4  (LAI=5.7),STATIC_ALS_DOPT,2021-06-08,26.0534507868028
v3.2.3 iter,P4  (LAI=5.7),STATIC_ALS_DOPT,2021-06-09,27.7765970893881
v3.2.3 iter,P4  (LAI=5.7),STATIC_ALS_DOPT,2021-06-10,28.32583146935
v3.2.3 iter,P4  (LAI=5.7),STATIC_ALS_DOPT,2021-06-11,27.7695324450322
v3.2.3 iter,P4  (LAI=5.7),STATIC_ALS_DOPT,2021-06-12,27.7055180006611
v3.2.3 iter,P4  (LAI=5.7),STATIC_ALS_DOPT,2021-06-13,28.3103821766669
v3.2.3 iter,P4  (LAI=5.7),STATIC_ALS_DOPT,2021-06-14,30.57328604641
v3.2.3 iter,P4  (LAI=5.7),STATIC_ALS_DOPT,2021-06-15,30.0866212659301
v3.2.3 iter,P4  (LAI=5.7),STATIC_ALS_DOPT,2021-06-16,32.3758822981688
v3.2.3 iter,P4  (LAI=5.7),STATIC_ALS_DOPT,2021-06-17,26.7655714521545
v3.2.3 iter,P4  (LAI=5.7),STATIC_ALS_DOPT,2021-06-18,24.6189350271252
v3.2.3 iter,P4  (LAI=5.7),STATIC_ALS_DOPT,2021-06-19,24.1941083562225
v3.2.3 iter,P4  (LAI=5.7),STATIC_ALS_DOPT,2021-06-20,23.2141748983905
v3.2.3 iter,P4  (LAI=5.7),STATIC_ALS_DOPT,2021-06-21,23.3404509404016
v3.2.3 iter,P4  (LAI=5.7),STATIC_ALS_DOPT,2021-06-22,21.1895475213465
v3.2.3 iter,P4  (LAI=5.7),STATIC_ALS_DOPT,2021-06-23,18.4134105126878
v3.2.3 iter,P4  (LAI=5.7),STATIC_ALS_DOPT,2021-06-24,22.4059308961386
v3.2.3 iter,P4  (LAI=5.7),STATIC_ALS_DOPT,2021-06-25,22.4019234926589
v3.2.3 iter,P4  (LAI=5.7),STATIC_ALS_DOPT,2021-06-26,24.369665526913
v3.2.3 iter,P4  (LAI=5.7),STATIC_ALS_DOPT,2021-06-27,20.0637354308364
v3.2.3 iter,P4  (LAI=5.7),STATIC_ALS_DOPT,2021-06-28,22.0960027932741
v3.2.3 iter,P4  (LAI=5.7),STATIC_ALS_DOPT,2021-06-29,19.582158201768
v3.2.3 iter,P4  (LAI=5.7),STATIC_ALS_DOPT,2021-06-30,20.1756671074094
v3.2.3 iter,P4  (LAI=5.7),STATIC_ALS_DOPT,2021-07-01,25.1995254384692
v3.2.3 iter,P4  (LAI=5.7),STATIC_ALS_DOPT,2021-07-02,26.1953358453388
v3.2.3 iter,P4  (LAI=5.7),STATIC_ALS_DOPT,2021-07-03,23.1842962883163
v3.2.3 iter,P4  (LAI=5.7),STATIC_ALS_DOPT,2021-07-04,21.1315538497024
v3.2.3 iter,P4  (LAI=5.7),STATIC_ALS_DOPT,2021-07-05,23.1041699049262
v3.2.3 iter,P4  (LAI=5.7),STATIC_ALS_DOPT,2021-07-06,22.0175456980407
v3.2.3 iter,P4  (LAI=5.7),STATIC_ALS_DOPT,2021-07-07,22.0527867982358
v3.2.3 iter,P4  (LAI=5.7),STATIC_ALS_DOPT,2021-07-08,21.4345882350759
v3.2.3 iter,P4  (LAI=5.7),STATIC_ALS_DOPT,2021-07-09,22.3784672805734
v3.2.3 iter,P4  (LAI=5.7),STATIC_ALS_DOPT,2021-07-10,20.0245781902368
v3.2.3 iter,P4  (LAI=5.7),STATIC_ALS_DOPT,2021-07-11,24.9448509791588
v3.2.3 iter,P4  (LAI=5.7),STATIC_ALS_DOPT,2021-07-12,21.0050699600591
v3.2.3 iter,P4  (LAI=5.7),STATIC_ALS_DOPT,2021-07-13,18.1735664834737
v3.2.3 iter,P4  (LAI=5.7),STATIC_ALS_DOPT,2021-07-14,22.7990906054608
v3.2.3 iter,P4  (LAI=5.7),STATIC_ALS_DOPT,2021-07-15,25.1179833946902
v3.2.3 iter,P4  (LAI=5.7),STATIC_ALS_DOPT,2021-07-16,21.5656464599704
v3.2.3 iter,P4  (LAI=5.7),STATIC_ALS_DOPT,2021-07-17,23.573992638554
v3.2.3 iter,P4  (LAI=5.7),STATIC_ALS_DOPT,2021-07-18,29.7253290511209
v3.2.3 iter,P4  (LAI=5.7),STATIC_ALS_DOPT,2021-07-19,30.9792174677039
v3.2.3 iter,P4  (LAI=5.7),STATIC_ALS_DOPT,2021-07-20,30.2604534504648
v3.2.3 iter,P4  (LAI=5.7),STATIC_ALS_DOPT,2021-07-21,30.5814670293947
v3.2.3 iter,P4  (LAI=5.7),STATIC_ALS_DOPT,2021-07-22,30.4477105061641
v3.2.3 iter,P4  (LAI=5.7),STATIC_ALS_DOPT,2021-07-23,32.0166727371246
v3.2.3 iter,P4  (LAI=5.7),STATIC_ALS_DOPT,2021-07-24,25.2159452888792
v3.2.3 iter,P4  (LAI=5.7),STATIC_ALS_DOPT,2021-07-25,24.6943990162065
v3.2.3 iter,P4  (LAI=5.7),STATIC_ALS_DOPT,2021-07-26,24.814546327176
v3.2.3 iter,P4  (LAI=5.7),STATIC_ALS_DOPT,2021-07-27,20.5035817023781
v3.2.3 iter,P4  (LAI=5.7),STATIC_ALS_DOPT,2021-07-28,23.1380066516669
v3.2.3 iter,P4  (LAI=5.7),STATIC_ALS_DOPT,2021-07-29,24.5983889580883
v3.2.3 iter,P4  (LAI=5.7),STATIC_ALS_DOPT,2021-07-30,23.9547635953833
v3.2.3 iter,P4  (LAI=5.7),STATIC_ALS_DOPT,2021-07-31,22.487668117387
v3.2.3 iter,P4  (LAI=5.7),STATIC_ALS_DOPT,2021-08-01,22.4025045369659
v3.2.3 iter,P4  (LAI=5.7),STATIC_ALS_DOPT,2021-08-02,22.4340878075261
v3.2.3 iter,P4  (LAI=5.7),STATIC_ALS_DOPT,2021-08-03,18.8262719304672
v3.2.3 iter,P4  (LAI=5.7),STATIC_ALS_DOPT,2021-08-04,20.5419323705271
v3.2.3 iter,P4  (LAI=5.7),STATIC_ALS_DOPT,2021-08-05,21.6627195212167
v3.2.3 iter,P4  (LAI=5.7),STATIC_ALS_DOPT,2021-08-06,22.3949368150563
v3.2.3 iter,P4  (LAI=5.7),STATIC_ALS_DOPT,2021-08-07,21.8438329871163
v3.2.3 iter,P4  (LAI=5.7),STATIC_ALS_DOPT,2021-08-08,22.3485708903838
v3.2.3 iter,P4  (LAI=5.7),STATIC_ALS_DOPT,2021-08-09,23.095667306122
v3.2.3 iter,P4  (LAI=5.7),STATIC_ALS_DOPT,2021-08-10,27.0904018797957
v3.2.3 iter,P4  (LAI=5.7),STATIC_ALS_DOPT,2021-08-11,29.2498980408586
v3.2.3 iter,P4  (LAI=5.7),STATIC_ALS_DOPT,2021-08-12,30.303782974641
v3.2.3 iter,P4  (LAI=5.7),STATIC_ALS_DOPT,2021-08-13,30.3668007208975
v3.2.3 iter,P4  (LAI=5.7),STATIC_ALS_DOPT,2021-08-14,32.6495128010413
v3.2.3 iter,P4  (LAI=5.7),STATIC_ALS_DOPT,2021-08-15,29.4706062779649
v3.2.3 iter,P4  (LAI=5.7),STATIC_ALS_DOPT,2021-08-16,22.9494198243471
v3.2.3 iter,P4  (LAI=5.7),STATIC_ALS_DOPT,2021-08-17,19.6816755486268
v3.2.3 iter,P4  (LAI=5.7),STATIC_ALS_DOPT,2021-08-18,20.745319170666
v3.2.3 iter,P4  (LAI=5.7),STATIC_ALS_DOPT,2021-08-19,20.241140193703
v3.2.3 iter,P4  (LAI=5.7),STATIC_ALS_DOPT,2021-08-20,24.7358923595907
v3.2.3 iter,P4  (LAI=5.7),STATIC_ALS_DOPT,2021-08-21,25.5066893460911
v3.2.3 iter,P4  (LAI=5.7),STATIC_ALS_DOPT,2021-08-22,23.0817338953373
v3.2.3 iter,P4  (LAI=5.7),STATIC_ALS_DOPT,2021-08-23,23.3549531840474
v3.2.3 iter,P4  (LAI=5.7),STATIC_ALS_DOPT,2021-08-24,25.8181590561355
v3.2.3 iter,P4  (LAI=5.7),STATIC_ALS_DOPT,2021-08-25,26.4055674579602
v3.2.3 iter,P4  (LAI=5.7),STATIC_ALS_DOPT,2021-08-26,24.0707018059204
v3.2.3 iter,P4  (LAI=5.7),STATIC_ALS_DOPT,2021-08-27,22.3219336119264
v3.2.3 iter,P4  (LAI=5.7),STATIC_ALS_DOPT,2021-08-28,22.0435028607035
v3.2.3 iter,P4  (LAI=5.7),STATIC_ALS_DOPT,2021-08-29,21.47629337687
v3.2.3 iter,P4  (LAI=5.7),STATIC_ALS_DOPT,2021-08-30,22.5750937033187
v3.2.3 iter,P4  (LAI=5.7),STATIC_ALS_DOPT,2021-08-31,23.9062385501742
v3.2.3 iter,P4  (LAI=5.7),STATIC_ALS_DOPT,2021-09-01,25.5479626745457
v3.2.3 iter,P4  (LAI=5.7),STATIC_ALS_DOPT,2021-09-02,28.0145960649813
v3.2.3 iter,P4  (LAI=5.7),STATIC_ALS_DOPT,2021-09-03,27.7150410081692
v3.2.3 iter,P4  (LAI=5.7),STATIC_ALS_DOPT,2021-09-04,26.8041025989196
v3.2.3 iter,P4  (LAI=5.7),STATIC_ALS_DOPT,2021-09-05,28.8647304637881
v3.2.3 iter,P4  (LAI=5.7),STATIC_ALS_DOPT,2021-09-06,31.6262892880465
v3.2.3 iter,P4  (LAI=5.7),STATIC_ALS_DOPT,2021-09-07,32.7155511823709
v3.2.3 iter,P4  (LAI=5.7),STATIC_ALS_DOPT,2021-09-08,28.7638187001821
v3.2.3 iter,P4  (LAI=5.7),STATIC_ALS_DOPT,2021-09-09,24.5191889825635
v3.2.3 iter,P4  (LAI=5.7),STATIC_ALS_DOPT,2021-09-10,24.4385685080509
v3.2.3 iter,P4  (LAI=5.7),STATIC_ALS_DOPT,2021-09-11,23.5717391995231
v3.2.3 iter,P4  (LAI=5.7),STATIC_ALS_DOPT,2021-09-12,25.5119853271449
v3.2.3 iter,P4  (LAI=5.7),STATIC_ALS_DOPT,2021-09-13,28.4491686495286
v3.2.3 iter,P4  (LAI=5.7),STATIC_ALS_DOPT,2021-09-14,27.7917645550747
v3.2.3 iter,P4  (LAI=5.7),STATIC_ALS_DOPT,2021-09-15,24.1048971845445
v3.2.3 iter,P4  (LAI=5.7),STATIC_ALS_DOPT,2021-09-16,23.0932195079893
v3.2.3 iter,P4  (LAI=5.7),STATIC_ALS_DOPT,2021-09-17,23.5609099500816
v3.2.3 iter,P4  (LAI=5.7),STATIC_ALS_DOPT,2021-09-18,21.7864529361983
v3.2.3 iter,P4  (LAI=5.7),STATIC_ALS_DOPT,2021-09-19,18.5588205566277
v3.2.3 iter,P4  (LAI=5.7),STATIC_ALS_DOPT,2021-09-20,18.9516598906035
v3.2.3 iter,P4  (LAI=5.7),STATIC_ALS_DOPT,2021-09-21,19.3255002064827
v3.2.3 iter,P4  (LAI=5.7),STATIC_ALS_DOPT,2021-09-22,22.0622203581528
v3.2.3 iter,P4  (LAI=5.7),STATIC_ALS_DOPT,2021-09-23,24.2513587739261
v3.2.3 iter,P4  (LAI=5.7),STATIC_ALS_DOPT,2021-09-24,24.5252957253571
v3.2.3 iter,P4  (LAI=5.7),STATIC_ALS_DOPT,2021-09-25,23.2731024196626
v3.2.3 iter,P4  (LAI=5.7),STATIC_ALS_DOPT,2021-09-26,22.0330650004665
v3.2.3 iter,P4  (LAI=5.7),STATIC_ALS_DOPT,2021-09-27,20.2414520257211
v3.2.3 iter,P4  (LAI=5.7),STATIC_ALS_DOPT,2021-09-28,19.3789537673368
v3.2.3 iter,P4  (LAI=5.7),STATIC_ALS_DOPT,2021-09-29,18.1878411519796
v3.2.3 iter,P4  (LAI=5.7),STATIC_ALS_DOPT,2021-09-30,19.2297033331539
v3.2.3 iter,P4  (LAI=5.7),DYN_S2_ATBD_NM,2021-06-01,28.6596769716569
v3.2.3 iter,P4  (LAI=5.7),DYN_S2_ATBD_NM,2021-06-02,23.9810070451472
v3.2.3 iter,P4  (LAI=5.7),DYN_S2_ATBD_NM,2021-06-03,26.4791372795132
v3.2.3 iter,P4  (LAI=5.7),DYN_S2_ATBD_NM,2021-06-04,17.387295751786
v3.2.3 iter,P4  (LAI=5.7),DYN_S2_ATBD_NM,2021-06-05,21.763373766578
v3.2.3 iter,P4  (LAI=5.7),DYN_S2_ATBD_NM,2021-06-06,22.4217013173896
v3.2.3 iter,P4  (LAI=5.7),DYN_S2_ATBD_NM,2021-06-07,23.3324226513729
v3.2.3 iter,P4  (LAI=5.7),DYN_S2_ATBD_NM,2021-06-08,25.9394297673859
v3.2.3 iter,P4  (LAI=5.7),DYN_S2_ATBD_NM,2021-06-09,27.9586051652609
v3.2.3 iter,P4  (LAI=5.7),DYN_S2_ATBD_NM,2021-06-10,28.4789054057895
v3.2.3 iter,P4  (LAI=5.7),DYN_S2_ATBD_NM,2021-06-11,27.8250034346681
v3.2.3 iter,P4  (LAI=5.7),DYN_S2_ATBD_NM,2021-06-12,27.5288975759487
v3.2.3 iter,P4  (LAI=5.7),DYN_S2_ATBD_NM,2021-06-13,28.3815103949156
v3.2.3 iter,P4  (LAI=5.7),DYN_S2_ATBD_NM,2021-06-14,30.8625829931469
v3.2.3 iter,P4  (LAI=5.7),DYN_S2_ATBD_NM,2021-06-15,30.2974651446642
v3.2.3 iter,P4  (LAI=5.7),DYN_S2_ATBD_NM,2021-06-16,32.3400124142943
v3.2.3 iter,P4  (LAI=5.7),DYN_S2_ATBD_NM,2021-06-17,27.1722516099147
v3.2.3 iter,P4  (LAI=5.7),DYN_S2_ATBD_NM,2021-06-18,24.4518240820871
v3.2.3 iter,P4  (LAI=5.7),DYN_S2_ATBD_NM,2021-06-19,22.489354746864
v3.2.3 iter,P4  (LAI=5.7),DYN_S2_ATBD_NM,2021-06-20,22.5664831300476
v3.2.3 iter,P4  (LAI=5.7),DYN_S2_ATBD_NM,2021-06-21,23.6874138848884
v3.2.3 iter,P4  (LAI=5.7),DYN_S2_ATBD_NM,2021-06-22,21.5684034401173
v3.2.3 iter,P4  (LAI=5.7),DYN_S2_ATBD_NM,2021-06-23,18.2752087770179
v3.2.3 iter,P4  (LAI=5.7),DYN_S2_ATBD_NM,2021-06-24,22.5899740376936
v3.2.3 iter,P4  (LAI=5.7),DYN_S2_ATBD_NM,2021-06-25,22.1276231213553
v3.2.3 iter,P4  (LAI=5.7),DYN_S2_ATBD_NM,2021-06-26,23.9158940885652
v3.2.3 iter,P4  (LAI=5.7),DYN_S2_ATBD_NM,2021-06-27,18.9617397214267
v3.2.3 iter,P4  (LAI=5.7),DYN_S2_ATBD_NM,2021-06-28,22.2125371152373
v3.2.3 iter,P4  (LAI=5.7),DYN_S2_ATBD_NM,2021-06-29,19.6606714144141
v3.2.3 iter,P4  (LAI=5.7),DYN_S2_ATBD_NM,2021-06-30,20.0053407369383
v3.2.3 iter,P4  (LAI=5.7),DYN_S2_ATBD_NM,2021-07-01,25.3403491397656
v3.2.3 iter,P4  (LAI=5.7),DYN_S2_ATBD_NM,2021-07-02,25.8572195016022
v3.2.3 iter,P4  (LAI=5.7),DYN_S2_ATBD_NM,2021-07-03,22.5574072167423
v3.2.3 iter,P4  (LAI=5.7),DYN_S2_ATBD_NM,2021-07-04,20.8878064266995
v3.2.3 iter,P4  (LAI=5.7),DYN_S2_ATBD_NM,2021-07-05,22.847163685026
v3.2.3 iter,P4  (LAI=5.7),DYN_S2_ATBD_NM,2021-07-06,21.9193131378833
v3.2.3 iter,P4  (LAI=5.7),DYN_S2_ATBD_NM,2021-07-07,22.0532323504618
v3.2.3 iter,P4  (LAI=5.7),DYN_S2_ATBD_NM,2021-07-08,21.1789636594644
v3.2.3 iter,P4  (LAI=5.7),DYN_S2_ATBD_NM,2021-07-09,22.2006730247466
v3.2.3 iter,P4  (LAI=5.7),DYN_S2_ATBD_NM,2021-07-10,19.3617109367421
v3.2.3 iter,P4  (LAI=5.7),DYN_S2_ATBD_NM,2021-07-11,24.9231764758033
v3.2.3 iter,P4  (LAI=5.7),DYN_S2_ATBD_NM,2021-07-12,20.890156430967
v3.2.3 iter,P4  (LAI=5.7),DYN_S2_ATBD_NM,2021-07-13,17.6400222375061
v3.2.3 iter,P4  (LAI=5.7),DYN_S2_ATBD_NM,2021-07-14,22.3518792037829
v3.2.3 iter,P4  (LAI=5.7),DYN_S2_ATBD_NM,2021-07-15,24.9240089614368
v3.2.3 iter,P4  (LAI=5.7),DYN_S2_ATBD_NM,2021-07-16,21.4487604121787
v3.2.3 iter,P4  (LAI=5.7),DYN_S2_ATBD_NM,2021-07-17,23.5124226930018
v3.2.3 iter,P4  (LAI=5.7),DYN_S2_ATBD_NM,2021-07-18,29.7168667580037
v3.2.3 iter,P4  (LAI=5.7),DYN_S2_ATBD_NM,2021-07-19,31.0304098155724
v3.2.3 iter,P4  (LAI=5.7),DYN_S2_ATBD_NM,2021-07-20,30.4219277985008
v3.2.3 iter,P4  (LAI=5.7),DYN_S2_ATBD_NM,2021-07-21,30.7639640056771
v3.2.3 iter,P4  (LAI=5.7),DYN_S2_ATBD_NM,2021-07-22,30.8275973663542
v3.2.3 iter,P4  (LAI=5.7),DYN_S2_ATBD_NM,2021-07-23,31.8208771325891
v3.2.3 iter,P4  (LAI=5.7),DYN_S2_ATBD_NM,2021-07-24,25.2961916718966
v3.2.3 iter,P4  (LAI=5.7),DYN_S2_ATBD_NM,2021-07-25,24.4906863549659
v3.2.3 iter,P4  (LAI=5.7),DYN_S2_ATBD_NM,2021-07-26,24.7558983904655
v3.2.3 iter,P4  (LAI=5.7),DYN_S2_ATBD_NM,2021-07-27,19.647562919362
v3.2.3 iter,P4  (LAI=5.7),DYN_S2_ATBD_NM,2021-07-28,23.0229273126616
v3.2.3 iter,P4  (LAI=5.7),DYN_S2_ATBD_NM,2021-07-29,24.6556059137052
v3.2.3 iter,P4  (LAI=5.7),DYN_S2_ATBD_NM,2021-07-30,24.0887164482591
v3.2.3 iter,P4  (LAI=5.7),DYN_S2_ATBD_NM,2021-07-31,22.6007012458339
v3.2.3 iter,P4  (LAI=5.7),DYN_S2_ATBD_NM,2021-08-01,22.4751377081351
v3.2.3 iter,P4  (LAI=5.7),DYN_S2_ATBD_NM,2021-08-02,22.2500083912842
v3.2.3 iter,P4  (LAI=5.7),DYN_S2_ATBD_NM,2021-08-03,18.9134747147119
v3.2.3 iter,P4  (LAI=5.7),DYN_S2_ATBD_NM,2021-08-04,19.9166111278188
v3.2.3 iter,P4  (LAI=5.7),DYN_S2_ATBD_NM,2021-08-05,21.6077968713304
v3.2.3 iter,P4  (LAI=5.7),DYN_S2_ATBD_NM,2021-08-06,22.280499284161
v3.2.3 iter,P4  (LAI=5.7),DYN_S2_ATBD_NM,2021-08-07,21.7330259954463
v3.2.3 iter,P4  (LAI=5.7),DYN_S2_ATBD_NM,2021-08-08,22.310321614226
v3.2.3 iter,P4  (LAI=5.7),DYN_S2_ATBD_NM,2021-08-09,22.9330887582199
v3.2.3 iter,P4  (LAI=5.7),DYN_S2_ATBD_NM,2021-08-10,27.0930763210981
v3.2.3 iter,P4  (LAI=5.7),DYN_S2_ATBD_NM,2021-08-11,29.7517792523345
v3.2.3 iter,P4  (LAI=5.7),DYN_S2_ATBD_NM,2021-08-12,30.4165113908691
v3.2.3 iter,P4  (LAI=5.7),DYN_S2_ATBD_NM,2021-08-13,30.5063283560169
v3.2.3 iter,P4  (LAI=5.7),DYN_S2_ATBD_NM,2021-08-14,33.0100622696212
v3.2.3 iter,P4  (LAI=5.7),DYN_S2_ATBD_NM,2021-08-15,29.5678763133211
v3.2.3 iter,P4  (LAI=5.7),DYN_S2_ATBD_NM,2021-08-16,22.9486942950666
v3.2.3 iter,P4  (LAI=5.7),DYN_S2_ATBD_NM,2021-08-17,19.7176609617952
v3.2.3 iter,P4  (LAI=5.7),DYN_S2_ATBD_NM,2021-08-18,20.695133749432
v3.2.3 iter,P4  (LAI=5.7),DYN_S2_ATBD_NM,2021-08-19,20.1722809451668
v3.2.3 iter,P4  (LAI=5.7),DYN_S2_ATBD_NM,2021-08-20,24.4674411019252
v3.2.3 iter,P4  (LAI=5.7),DYN_S2_ATBD_NM,2021-08-21,25.4389617865007
v3.2.3 iter,P4  (LAI=5.7),DYN_S2_ATBD_NM,2021-08-22,23.1598509916283
v3.2.3 iter,P4  (LAI=5.7),DYN_S2_ATBD_NM,2021-08-23,23.2800782328955
v3.2.3 iter,P4  (LAI=5.7),DYN_S2_ATBD_NM,2021-08-24,25.8672312033128
v3.2.3 iter,P4  (LAI=5.7),DYN_S2_ATBD_NM,2021-08-25,26.4747541574934
v3.2.3 iter,P4  (LAI=5.7),DYN_S2_ATBD_NM,2021-08-26,24.1256740607353
v3.2.3 iter,P4  (LAI=5.7),DYN_S2_ATBD_NM,2021-08-27,22.1290120943422
v3.2.3 iter,P4  (LAI=5.7),DYN_S2_ATBD_NM,2021-08-28,21.8126895746657
v3.2.3 iter,P4  (LAI=5.7),DYN_S2_ATBD_NM,2021-08-29,21.4248206901424
v3.2.3 iter,P4  (LAI=5.7),DYN_S2_ATBD_NM,2021-08-30,22.3670430018898
v3.2.3 iter,P4  (LAI=5.7),DYN_S2_ATBD_NM,2021-08-31,23.7383157606744
v3.2.3 iter,P4  (LAI=5.7),DYN_S2_ATBD_NM,2021-09-01,25.5125436805923
v3.2.3 iter,P4  (LAI=5.7),DYN_S2_ATBD_NM,2021-09-02,27.9935034011494
v3.2.3 iter,P4  (LAI=5.7),DYN_S2_ATBD_NM,2021-09-03,27.853309379969
v3.2.3 iter,P4  (LAI=5.7),DYN_S2_ATBD_NM,2021-09-04,26.8969839941965
v3.2.3 iter,P4  (LAI=5.7),DYN_S2_ATBD_NM,2021-09-05,28.6047811464639
v3.2.3 iter,P4  (LAI=5.7),DYN_S2_ATBD_NM,2021-09-06,31.6387548362736
v3.2.3 iter,P4  (LAI=5.7),DYN_S2_ATBD_NM,2021-09-07,32.7150650175708
v3.2.3 iter,P4  (LAI=5.7),DYN_S2_ATBD_NM,2021-09-08,28.6271604587836
v3.2.3 iter,P4  (LAI=5.7),DYN_S2_ATBD_NM,2021-09-09,24.5703416552113
v3.2.3 iter,P4  (LAI=5.7),DYN_S2_ATBD_NM,2021-09-10,24.3071844522049
v3.2.3 iter,P4  (LAI=5.7),DYN_S2_ATBD_NM,2021-09-11,23.6369547282686
v3.2.3 iter,P4  (LAI=5.7),DYN_S2_ATBD_NM,2021-09-12,25.7314082229985
v3.2.3 iter,P4  (LAI=5.7),DYN_S2_ATBD_NM,2021-09-13,28.7570473055133
v3.2.3 iter,P4  (LAI=5.7),DYN_S2_ATBD_NM,2021-09-14,27.3102036729018
v3.2.3 iter,P4  (LAI=5.7),DYN_S2_ATBD_NM,2021-09-15,24.0709804725103
v3.2.3 iter,P4  (LAI=5.7),DYN_S2_ATBD_NM,2021-09-16,23.1127667226207
v3.2.3 iter,P4  (LAI=5.7),DYN_S2_ATBD_NM,2021-09-17,23.6394100683058
v3.2.3 iter,P4  (LAI=5.7),DYN_S2_ATBD_NM,2021-09-18,21.6678432051783
v3.2.3 iter,P4  (LAI=5.7),DYN_S2_ATBD_NM,2021-09-19,18.1741361417018
v3.2.3 iter,P4  (LAI=5.7),DYN_S2_ATBD_NM,2021-09-20,18.9443884463415
v3.2.3 iter,P4  (LAI=5.7),DYN_S2_ATBD_NM,2021-09-21,19.477724969586
v3.2.3 iter,P4  (LAI=5.7),DYN_S2_ATBD_NM,2021-09-22,22.0908302409157
v3.2.3 iter,P4  (LAI=5.7),DYN_S2_ATBD_NM,2021-09-23,24.3824085109477
v3.2.3 iter,P4  (LAI=5.7),DYN_S2_ATBD_NM,2021-09-24,24.6924991061057
v3.2.3 iter,P4  (LAI=5.7),DYN_S2_ATBD_NM,2021-09-25,23.1450720260933
v3.2.3 iter,P4  (LAI=5.7),DYN_S2_ATBD_NM,2021-09-26,21.8812245040771
v3.2.3 iter,P4  (LAI=5.7),DYN_S2_ATBD_NM,2021-09-27,20.2629525161044
v3.2.3 iter,P4  (LAI=5.7),DYN_S2_ATBD_NM,2021-09-28,19.4682481869322
v3.2.3 iter,P4  (LAI=5.7),DYN_S2_ATBD_NM,2021-09-29,18.2855313507798
v3.2.3 iter,P4  (LAI=5.7),DYN_S2_ATBD_NM,2021-09-30,19.4482267545925
v3.2.3 iter,P4  (LAI=5.7),DYN_S2_OPT_NM,2021-06-01,28.8666316299763
v3.2.3 iter,P4  (LAI=5.7),DYN_S2_OPT_NM,2021-06-02,24.2887945080482
v3.2.3 iter,P4  (LAI=5.7),DYN_S2_OPT_NM,2021-06-03,26.6426400186889
v3.2.3 iter,P4  (LAI=5.7),DYN_S2_OPT_NM,2021-06-04,17.4803708202429
v3.2.3 iter,P4  (LAI=5.7),DYN_S2_OPT_NM,2021-06-05,21.8494608545047
v3.2.3 iter,P4  (LAI=5.7),DYN_S2_OPT_NM,2021-06-06,22.513203556323
v3.2.3 iter,P4  (LAI=5.7),DYN_S2_OPT_NM,2021-06-07,23.4648061016397
v3.2.3 iter,P4  (LAI=5.7),DYN_S2_OPT_NM,2021-06-08,26.064576121145
v3.2.3 iter,P4  (LAI=5.7),DYN_S2_OPT_NM,2021-06-09,28.0589159508449
v3.2.3 iter,P4  (LAI=5.7),DYN_S2_OPT_NM,2021-06-10,28.602833017814
v3.2.3 iter,P4  (LAI=5.7),DYN_S2_OPT_NM,2021-06-11,27.9883583944019
v3.2.3 iter,P4  (LAI=5.7),DYN_S2_OPT_NM,2021-06-12,27.6682026322783
v3.2.3 iter,P4  (LAI=5.7),DYN_S2_OPT_NM,2021-06-13,28.4782946509653
v3.2.3 iter,P4  (LAI=5.7),DYN_S2_OPT_NM,2021-06-14,31.0164922396648
v3.2.3 iter,P4  (LAI=5.7),DYN_S2_OPT_NM,2021-06-15,30.4337875048019
v3.2.3 iter,P4  (LAI=5.7),DYN_S2_OPT_NM,2021-06-16,32.5931277415108
v3.2.3 iter,P4  (LAI=5.7),DYN_S2_OPT_NM,2021-06-17,27.2601256118204
v3.2.3 iter,P4  (LAI=5.7),DYN_S2_OPT_NM,2021-06-18,24.5353540320324
v3.2.3 iter,P4  (LAI=5.7),DYN_S2_OPT_NM,2021-06-19,22.8612673825184
v3.2.3 iter,P4  (LAI=5.7),DYN_S2_OPT_NM,2021-06-20,22.7203114190011
v3.2.3 iter,P4  (LAI=5.7),DYN_S2_OPT_NM,2021-06-21,23.7256599451845
v3.2.3 iter,P4  (LAI=5.7),DYN_S2_OPT_NM,2021-06-22,21.5918722900615
v3.2.3 iter,P4  (LAI=5.7),DYN_S2_OPT_NM,2021-06-23,18.3019988334212
v3.2.3 iter,P4  (LAI=5.7),DYN_S2_OPT_NM,2021-06-24,22.6204605140766
v3.2.3 iter,P4  (LAI=5.7),DYN_S2_OPT_NM,2021-06-25,22.2308346069937
v3.2.3 iter,P4  (LAI=5.7),DYN_S2_OPT_NM,2021-06-26,24.1341728062122
v3.2.3 iter,P4  (LAI=5.7),DYN_S2_OPT_NM,2021-06-27,19.1616543547984
v3.2.3 iter,P4  (LAI=5.7),DYN_S2_OPT_NM,2021-06-28,22.3364431611191
v3.2.3 iter,P4  (LAI=5.7),DYN_S2_OPT_NM,2021-06-29,19.6681997599151
v3.2.3 iter,P4  (LAI=5.7),DYN_S2_OPT_NM,2021-06-30,20.0708907675641
v3.2.3 iter,P4  (LAI=5.7),DYN_S2_OPT_NM,2021-07-01,25.4039813714184
v3.2.3 iter,P4  (LAI=5.7),DYN_S2_OPT_NM,2021-07-02,26.0014844143681
v3.2.3 iter,P4  (LAI=5.7),DYN_S2_OPT_NM,2021-07-03,22.6687203623827
v3.2.3 iter,P4  (LAI=5.7),DYN_S2_OPT_NM,2021-07-04,20.9527478399487
v3.2.3 iter,P4  (LAI=5.7),DYN_S2_OPT_NM,2021-07-05,22.9129627481775
v3.2.3 iter,P4  (LAI=5.7),DYN_S2_OPT_NM,2021-07-06,21.9668738664962
v3.2.3 iter,P4  (LAI=5.7),DYN_S2_OPT_NM,2021-07-07,22.1081367819754
v3.2.3 iter,P4  (LAI=5.7),DYN_S2_OPT_NM,2021-07-08,21.259230871555
v3.2.3 iter,P4  (LAI=5.7),DYN_S2_OPT_NM,2021-07-09,22.2854144620272
v3.2.3 iter,P4  (LAI=5.7),DYN_S2_OPT_NM,2021-07-10,19.5271147866505
v3.2.3 iter,P4  (LAI=5.7),DYN_S2_OPT_NM,2021-07-11,25.0428706716447
v3.2.3 iter,P4  (LAI=5.7),DYN_S2_OPT_NM,2021-07-12,20.9317560770867
v3.2.3 iter,P4  (LAI=5.7),DYN_S2_OPT_NM,2021-07-13,17.7394673397243
v3.2.3 iter,P4  (LAI=5.7),DYN_S2_OPT_NM,2021-07-14,22.4426735869479
v3.2.3 iter,P4  (LAI=5.7),DYN_S2_OPT_NM,2021-07-15,24.9978041447673
v3.2.3 iter,P4  (LAI=5.7),DYN_S2_OPT_NM,2021-07-16,21.4969382320429
v3.2.3 iter,P4  (LAI=5.7),DYN_S2_OPT_NM,2021-07-17,23.5592024516902
v3.2.3 iter,P4  (LAI=5.7),DYN_S2_OPT_NM,2021-07-18,29.7714013131539
v3.2.3 iter,P4  (LAI=5.7),DYN_S2_OPT_NM,2021-07-19,31.0808778541739
v3.2.3 iter,P4  (LAI=5.7),DYN_S2_OPT_NM,2021-07-20,30.4544803680091
v3.2.3 iter,P4  (LAI=5.7),DYN_S2_OPT_NM,2021-07-21,30.7989904905544
v3.2.3 iter,P4  (LAI=5.7),DYN_S2_OPT_NM,2021-07-22,30.8614404355239
v3.2.3 iter,P4  (LAI=5.7),DYN_S2_OPT_NM,2021-07-23,31.9378935738161
v3.2.3 iter,P4  (LAI=5.7),DYN_S2_OPT_NM,2021-07-24,25.3122488168901
v3.2.3 iter,P4  (LAI=5.7),DYN_S2_OPT_NM,2021-07-25,24.5692974546198
v3.2.3 iter,P4  (LAI=5.7),DYN_S2_OPT_NM,2021-07-26,24.8078785943917
v3.2.3 iter,P4  (LAI=5.7),DYN_S2_OPT_NM,2021-07-27,19.8460045457657
v3.2.3 iter,P4  (LAI=5.7),DYN_S2_OPT_NM,2021-07-28,23.0665226039065
v3.2.3 iter,P4  (LAI=5.7),DYN_S2_OPT_NM,2021-07-29,24.682352745218
v3.2.3 iter,P4  (LAI=5.7),DYN_S2_OPT_NM,2021-07-30,24.1036889545281
v3.2.3 iter,P4  (LAI=5.7),DYN_S2_OPT_NM,2021-07-31,22.6039038342001
v3.2.3 iter,P4  (LAI=5.7),DYN_S2_OPT_NM,2021-08-01,22.4645000450361
v3.2.3 iter,P4  (LAI=5.7),DYN_S2_OPT_NM,2021-08-02,22.2964161916172
v3.2.3 iter,P4  (LAI=5.7),DYN_S2_OPT_NM,2021-08-03,18.9164962424517
v3.2.3 iter,P4  (LAI=5.7),DYN_S2_OPT_NM,2021-08-04,20.0585984758583
v3.2.3 iter,P4  (LAI=5.7),DYN_S2_OPT_NM,2021-08-05,21.6426827638649
v3.2.3 iter,P4  (LAI=5.7),DYN_S2_OPT_NM,2021-08-06,22.3238737281102
v3.2.3 iter,P4  (LAI=5.7),DYN_S2_OPT_NM,2021-08-07,21.7795145121406
v3.2.3 iter,P4  (LAI=5.7),DYN_S2_OPT_NM,2021-08-08,22.3440313153016
v3.2.3 iter,P4  (LAI=5.7),DYN_S2_OPT_NM,2021-08-09,22.9976420907312
v3.2.3 iter,P4  (LAI=5.7),DYN_S2_OPT_NM,2021-08-10,27.1366356951531
v3.2.3 iter,P4  (LAI=5.7),DYN_S2_OPT_NM,2021-08-11,29.7504244300475
v3.2.3 iter,P4  (LAI=5.7),DYN_S2_OPT_NM,2021-08-12,30.4616366345531
v3.2.3 iter,P4  (LAI=5.7),DYN_S2_OPT_NM,2021-08-13,30.5422145657894
v3.2.3 iter,P4  (LAI=5.7),DYN_S2_OPT_NM,2021-08-14,33.0523764578964
v3.2.3 iter,P4  (LAI=5.7),DYN_S2_OPT_NM,2021-08-15,29.594378436197
v3.2.3 iter,P4  (LAI=5.7),DYN_S2_OPT_NM,2021-08-16,22.9710284744069
v3.2.3 iter,P4  (LAI=5.7),DYN_S2_OPT_NM,2021-08-17,19.7246211350517
v3.2.3 iter,P4  (LAI=5.7),DYN_S2_OPT_NM,2021-08-18,20.7174014035533
v3.2.3 iter,P4  (LAI=5.7),DYN_S2_OPT_NM,2021-08-19,20.2027748358536
v3.2.3 iter,P4  (LAI=5.7),DYN_S2_OPT_NM,2021-08-20,24.566282856624
v3.2.3 iter,P4  (LAI=5.7),DYN_S2_OPT_NM,2021-08-21,25.4992116860869
v3.2.3 iter,P4  (LAI=5.7),DYN_S2_OPT_NM,2021-08-22,23.1727399956142
v3.2.3 iter,P4  (LAI=5.7),DYN_S2_OPT_NM,2021-08-23,23.3305282340265
v3.2.3 iter,P4  (LAI=5.7),DYN_S2_OPT_NM,2021-08-24,25.892373287346
v3.2.3 iter,P4  (LAI=5.7),DYN_S2_OPT_NM,2021-08-25,26.4991472961614
v3.2.3 iter,P4  (LAI=5.7),DYN_S2_OPT_NM,2021-08-26,24.1403739837941
v3.2.3 iter,P4  (LAI=5.7),DYN_S2_OPT_NM,2021-08-27,22.1848034668617
v3.2.3 iter,P4  (LAI=5.7),DYN_S2_OPT_NM,2021-08-28,21.8714021306601
v3.2.3 iter,P4  (LAI=5.7),DYN_S2_OPT_NM,2021-08-29,21.4748668521115
v3.2.3 iter,P4  (LAI=5.7),DYN_S2_OPT_NM,2021-08-30,22.4280952867914
v3.2.3 iter,P4  (LAI=5.7),DYN_S2_OPT_NM,2021-08-31,23.7915345845945
v3.2.3 iter,P4  (LAI=5.7),DYN_S2_OPT_NM,2021-09-01,25.5424760854219
v3.2.3 iter,P4  (LAI=5.7),DYN_S2_OPT_NM,2021-09-02,28.0407444521821
v3.2.3 iter,P4  (LAI=5.7),DYN_S2_OPT_NM,2021-09-03,27.9196848388837
v3.2.3 iter,P4  (LAI=5.7),DYN_S2_OPT_NM,2021-09-04,26.9430721169492
v3.2.3 iter,P4  (LAI=5.7),DYN_S2_OPT_NM,2021-09-05,28.7239314556612
v3.2.3 iter,P4  (LAI=5.7),DYN_S2_OPT_NM,2021-09-06,31.6931506538683
v3.2.3 iter,P4  (LAI=5.7),DYN_S2_OPT_NM,2021-09-07,32.771107504608
v3.2.3 iter,P4  (LAI=5.7),DYN_S2_OPT_NM,2021-09-08,28.7640923914194
v3.2.3 iter,P4  (LAI=5.7),DYN_S2_OPT_NM,2021-09-09,24.5886105977792
v3.2.3 iter,P4  (LAI=5.7),DYN_S2_OPT_NM,2021-09-10,24.3486011064582
v3.2.3 iter,P4  (LAI=5.7),DYN_S2_OPT_NM,2021-09-11,23.6620333010449
v3.2.3 iter,P4  (LAI=5.7),DYN_S2_OPT_NM,2021-09-12,25.7411855167376
v3.2.3 iter,P4  (LAI=5.7),DYN_S2_OPT_NM,2021-09-13,28.765245363848
v3.2.3 iter,P4  (LAI=5.7),DYN_S2_OPT_NM,2021-09-14,27.4449529553139
v3.2.3 iter,P4  (LAI=5.7),DYN_S2_OPT_NM,2021-09-15,24.1132039797205
v3.2.3 iter,P4  (LAI=5.7),DYN_S2_OPT_NM,2021-09-16,23.1339547435204
v3.2.3 iter,P4  (LAI=5.7),DYN_S2_OPT_NM,2021-09-17,23.6652513533305
v3.2.3 iter,P4  (LAI=5.7),DYN_S2_OPT_NM,2021-09-18,21.7148400251348
v3.2.3 iter,P4  (LAI=5.7),DYN_S2_OPT_NM,2021-09-19,18.2668857781613
v3.2.3 iter,P4  (LAI=5.7),DYN_S2_OPT_NM,2021-09-20,18.9597988310238
v3.2.3 iter,P4  (LAI=5.7),DYN_S2_OPT_NM,2021-09-21,19.4585483592347
v3.2.3 iter,P4  (LAI=5.7),DYN_S2_OPT_NM,2021-09-22,22.0887157434937
v3.2.3 iter,P4  (LAI=5.7),DYN_S2_OPT_NM,2021-09-23,24.3926213276009
v3.2.3 iter,P4  (LAI=5.7),DYN_S2_OPT_NM,2021-09-24,24.6880221011573
v3.2.3 iter,P4  (LAI=5.7),DYN_S2_OPT_NM,2021-09-25,23.1835762281013
v3.2.3 iter,P4  (LAI=5.7),DYN_S2_OPT_NM,2021-09-26,21.9167258371291
v3.2.3 iter,P4  (LAI=5.7),DYN_S2_OPT_NM,2021-09-27,20.2647256098984
v3.2.3 iter,P4  (LAI=5.7),DYN_S2_OPT_NM,2021-09-28,19.4641247620618
v3.2.3 iter,P4  (LAI=5.7),DYN_S2_OPT_NM,2021-09-29,18.2811487687752
v3.2.3 iter,P4  (LAI=5.7),DYN_S2_OPT_NM,2021-09-30,19.4125521068722
v3.2.3 iter,P4  (LAI=5.7),DYN_ATBD_rfull_NM,2021-06-01,28.9761311973869
v3.2.3 iter,P4  (LAI=5.7),DYN_ATBD_rfull_NM,2021-06-02,24.4775042218946
v3.2.3 iter,P4  (LAI=5.7),DYN_ATBD_rfull_NM,2021-06-03,26.7538818979613
v3.2.3 iter,P4  (LAI=5.7),DYN_ATBD_rfull_NM,2021-06-04,17.5438358717548
v3.2.3 iter,P4  (LAI=5.7),DYN_ATBD_rfull_NM,2021-06-05,21.8700716612734
v3.2.3 iter,P4  (LAI=5.7),DYN_ATBD_rfull_NM,2021-06-06,22.5434805897953
v3.2.3 iter,P4  (LAI=5.7),DYN_ATBD_rfull_NM,2021-06-07,23.5657597710566
v3.2.3 iter,P4  (LAI=5.7),DYN_ATBD_rfull_NM,2021-06-08,26.1244742582911
v3.2.3 iter,P4  (LAI=5.7),DYN_ATBD_rfull_NM,2021-06-09,28.0658821891753
v3.2.3 iter,P4  (LAI=5.7),DYN_ATBD_rfull_NM,2021-06-10,28.6222554103712
v3.2.3 iter,P4  (LAI=5.7),DYN_ATBD_rfull_NM,2021-06-11,28.0543793945701
v3.2.3 iter,P4  (LAI=5.7),DYN_ATBD_rfull_NM,2021-06-12,27.757420119386
v3.2.3 iter,P4  (LAI=5.7),DYN_ATBD_rfull_NM,2021-06-13,28.5205144695984
v3.2.3 iter,P4  (LAI=5.7),DYN_ATBD_rfull_NM,2021-06-14,31.0626872261657
v3.2.3 iter,P4  (LAI=5.7),DYN_ATBD_rfull_NM,2021-06-15,30.4649211124537
v3.2.3 iter,P4  (LAI=5.7),DYN_ATBD_rfull_NM,2021-06-16,32.7289152035892
v3.2.3 iter,P4  (LAI=5.7),DYN_ATBD_rfull_NM,2021-06-17,27.2510938392236
v3.2.3 iter,P4  (LAI=5.7),DYN_ATBD_rfull_NM,2021-06-18,24.5930283389067
v3.2.3 iter,P4  (LAI=5.7),DYN_ATBD_rfull_NM,2021-06-19,23.2518802572161
v3.2.3 iter,P4  (LAI=5.7),DYN_ATBD_rfull_NM,2021-06-20,22.8558614962954
v3.2.3 iter,P4  (LAI=5.7),DYN_ATBD_rfull_NM,2021-06-21,23.6939995402368
v3.2.3 iter,P4  (LAI=5.7),DYN_ATBD_rfull_NM,2021-06-22,21.584789749834
v3.2.3 iter,P4  (LAI=5.7),DYN_ATBD_rfull_NM,2021-06-23,18.3603706071012
v3.2.3 iter,P4  (LAI=5.7),DYN_ATBD_rfull_NM,2021-06-24,22.5493076898801
v3.2.3 iter,P4  (LAI=5.7),DYN_ATBD_rfull_NM,2021-06-25,22.3101341315668
v3.2.3 iter,P4  (LAI=5.7),DYN_ATBD_rfull_NM,2021-06-26,25.5661816842928
v3.2.3 iter,P4  (LAI=5.7),DYN_ATBD_rfull_NM,2021-06-27,19.3785015793335
v3.2.3 iter,P4  (LAI=5.7),DYN_ATBD_rfull_NM,2021-06-28,22.3741088867188
v3.2.3 iter,P4  (LAI=5.7),DYN_ATBD_rfull_NM,2021-06-29,19.6956188336638
v3.2.3 iter,P4  (LAI=5.7),DYN_ATBD_rfull_NM,2021-06-30,20.1216693514082
v3.2.3 iter,P4  (LAI=5.7),DYN_ATBD_rfull_NM,2021-07-01,25.4245769043228
v3.2.3 iter,P4  (LAI=5.7),DYN_ATBD_rfull_NM,2021-07-02,26.1130242150227
v3.2.3 iter,P4  (LAI=5.7),DYN_ATBD_rfull_NM,2021-07-03,22.7863420290676
v3.2.3 iter,P4  (LAI=5.7),DYN_ATBD_rfull_NM,2021-07-04,21.0055300883831
v3.2.3 iter,P4  (LAI=5.7),DYN_ATBD_rfull_NM,2021-07-05,22.9761629252877
v3.2.3 iter,P4  (LAI=5.7),DYN_ATBD_rfull_NM,2021-07-06,22.0020471315455
v3.2.3 iter,P4  (LAI=5.7),DYN_ATBD_rfull_NM,2021-07-07,22.1314918384275
v3.2.3 iter,P4  (LAI=5.7),DYN_ATBD_rfull_NM,2021-07-08,21.3249501573144
v3.2.3 iter,P4  (LAI=5.7),DYN_ATBD_rfull_NM,2021-07-09,22.3501015265909
v3.2.3 iter,P4  (LAI=5.7),DYN_ATBD_rfull_NM,2021-07-10,19.7426081208688
v3.2.3 iter,P4  (LAI=5.7),DYN_ATBD_rfull_NM,2021-07-11,25.0995169977602
v3.2.3 iter,P4  (LAI=5.7),DYN_ATBD_rfull_NM,2021-07-12,20.9598526187801
v3.2.3 iter,P4  (LAI=5.7),DYN_ATBD_rfull_NM,2021-07-13,17.8489145289094
v3.2.3 iter,P4  (LAI=5.7),DYN_ATBD_rfull_NM,2021-07-14,22.5328882497309
v3.2.3 iter,P4  (LAI=5.7),DYN_ATBD_rfull_NM,2021-07-15,25.0578411330712
v3.2.3 iter,P4  (LAI=5.7),DYN_ATBD_rfull_NM,2021-07-16,21.5341410145646
v3.2.3 iter,P4  (LAI=5.7),DYN_ATBD_rfull_NM,2021-07-17,23.5871007879538
v3.2.3 iter,P4  (LAI=5.7),DYN_ATBD_rfull_NM,2021-07-18,29.7999684232819
v3.2.3 iter,P4  (LAI=5.7),DYN_ATBD_rfull_NM,2021-07-19,31.097280453177
v3.2.3 iter,P4  (LAI=5.7),DYN_ATBD_rfull_NM,2021-07-20,30.451905667964
v3.2.3 iter,P4  (LAI=5.7),DYN_ATBD_rfull_NM,2021-07-21,30.7955658494154
v3.2.3 iter,P4  (LAI=5.7),DYN_ATBD_rfull_NM,2021-07-22,30.8363516988358
v3.2.3 iter,P4  (LAI=5.7),DYN_ATBD_rfull_NM,2021-07-23,32.0257849245789
v3.2.3 iter,P4  (LAI=5.7),DYN_ATBD_rfull_NM,2021-07-24,25.2873535304848
v3.2.3 iter,P4  (LAI=5.7),DYN_ATBD_rfull_NM,2021-07-25,24.6313916610665
v3.2.3 iter,P4  (LAI=5.7),DYN_ATBD_rfull_NM,2021-07-26,24.8367466097137
v3.2.3 iter,P4  (LAI=5.7),DYN_ATBD_rfull_NM,2021-07-27,20.0304472214375
v3.2.3 iter,P4  (LAI=5.7),DYN_ATBD_rfull_NM,2021-07-28,23.100699254293
v3.2.3 iter,P4  (LAI=5.7),DYN_ATBD_rfull_NM,2021-07-29,24.6818424574141
v3.2.3 iter,P4  (LAI=5.7),DYN_ATBD_rfull_NM,2021-07-30,24.0895193622829
v3.2.3 iter,P4  (LAI=5.7),DYN_ATBD_rfull_NM,2021-07-31,22.5661665617261
v3.2.3 iter,P4  (LAI=5.7),DYN_ATBD_rfull_NM,2021-08-01,22.4891101082187
v3.2.3 iter,P4  (LAI=5.7),DYN_ATBD_rfull_NM,2021-08-02,22.3268080641541
v3.2.3 iter,P4  (LAI=5.7),DYN_ATBD_rfull_NM,2021-08-03,18.9195484315225
v3.2.3 iter,P4  (LAI=5.7),DYN_ATBD_rfull_NM,2021-08-04,20.2355414456687
v3.2.3 iter,P4  (LAI=5.7),DYN_ATBD_rfull_NM,2021-08-05,21.6645538332232
v3.2.3 iter,P4  (LAI=5.7),DYN_ATBD_rfull_NM,2021-08-06,22.358161498834
v3.2.3 iter,P4  (LAI=5.7),DYN_ATBD_rfull_NM,2021-08-07,21.8090115911106
v3.2.3 iter,P4  (LAI=5.7),DYN_ATBD_rfull_NM,2021-08-08,22.364031626755
v3.2.3 iter,P4  (LAI=5.7),DYN_ATBD_rfull_NM,2021-08-09,23.0481113186579
v3.2.3 iter,P4  (LAI=5.7),DYN_ATBD_rfull_NM,2021-08-10,27.1563346168528
v3.2.3 iter,P4  (LAI=5.7),DYN_ATBD_rfull_NM,2021-08-11,29.6179635858844
v3.2.3 iter,P4  (LAI=5.7),DYN_ATBD_rfull_NM,2021-08-12,30.4695546350729
v3.2.3 iter,P4  (LAI=5.7),DYN_ATBD_rfull_NM,2021-08-13,30.5409023772299
v3.2.3 iter,P4  (LAI=5.7),DYN_ATBD_rfull_NM,2021-08-14,33.0247668783733
v3.2.3 iter,P4  (LAI=5.7),DYN_ATBD_rfull_NM,2021-08-15,29.5961738913505
v3.2.3 iter,P4  (LAI=5.7),DYN_ATBD_rfull_NM,2021-08-16,22.9740960207939
v3.2.3 iter,P4  (LAI=5.7),DYN_ATBD_rfull_NM,2021-08-17,19.7260536737362
v3.2.3 iter,P4  (LAI=5.7),DYN_ATBD_rfull_NM,2021-08-18,20.7230156456574
v3.2.3 iter,P4  (LAI=5.7),DYN_ATBD_rfull_NM,2021-08-19,20.2256260496858
v3.2.3 iter,P4  (LAI=5.7),DYN_ATBD_rfull_NM,2021-08-20,24.6335527381482
v3.2.3 iter,P4  (LAI=5.7),DYN_ATBD_rfull_NM,2021-08-21,25.5341947651714
v3.2.3 iter,P4  (LAI=5.7),DYN_ATBD_rfull_NM,2021-08-22,23.1574328324053
v3.2.3 iter,P4  (LAI=5.7),DYN_ATBD_rfull_NM,2021-08-23,23.3609883961188
v3.2.3 iter,P4  (LAI=5.7),DYN_ATBD_rfull_NM,2021-08-24,25.8964561373298
v3.2.3 iter,P4  (LAI=5.7),DYN_ATBD_rfull_NM,2021-08-25,26.4991805240442
v3.2.3 iter,P4  (LAI=5.7),DYN_ATBD_rfull_NM,2021-08-26,24.1176055984657
v3.2.3 iter,P4  (LAI=5.7),DYN_ATBD_rfull_NM,2021-08-27,22.2358817364241
v3.2.3 iter,P4  (LAI=5.7),DYN_ATBD_rfull_NM,2021-08-28,21.9286791943086
v3.2.3 iter,P4  (LAI=5.7),DYN_ATBD_rfull_NM,2021-08-29,21.5072072151029
v3.2.3 iter,P4  (LAI=5.7),DYN_ATBD_rfull_NM,2021-08-30,22.4833053183453
v3.2.3 iter,P4  (LAI=5.7),DYN_ATBD_rfull_NM,2021-08-31,23.8383313211826
v3.2.3 iter,P4  (LAI=5.7),DYN_ATBD_rfull_NM,2021-09-01,25.5615211663143
v3.2.3 iter,P4  (LAI=5.7),DYN_ATBD_rfull_NM,2021-09-02,28.0651673132118
v3.2.3 iter,P4  (LAI=5.7),DYN_ATBD_rfull_NM,2021-09-03,27.9379168116901
v3.2.3 iter,P4  (LAI=5.7),DYN_ATBD_rfull_NM,2021-09-04,26.954105182485
v3.2.3 iter,P4  (LAI=5.7),DYN_ATBD_rfull_NM,2021-09-05,28.8239242908518
v3.2.3 iter,P4  (LAI=5.7),DYN_ATBD_rfull_NM,2021-09-06,31.7200910029637
v3.2.3 iter,P4  (LAI=5.7),DYN_ATBD_rfull_NM,2021-09-07,32.801653592618
v3.2.3 iter,P4  (LAI=5.7),DYN_ATBD_rfull_NM,2021-09-08,28.8445165454398
v3.2.3 iter,P4  (LAI=5.7),DYN_ATBD_rfull_NM,2021-09-09,24.587529404275
v3.2.3 iter,P4  (LAI=5.7),DYN_ATBD_rfull_NM,2021-09-10,24.373030987683
v3.2.3 iter,P4  (LAI=5.7),DYN_ATBD_rfull_NM,2021-09-11,23.6579746672078
v3.2.3 iter,P4  (LAI=5.7),DYN_ATBD_rfull_NM,2021-09-12,25.6961177402342
v3.2.3 iter,P4  (LAI=5.7),DYN_ATBD_rfull_NM,2021-09-13,28.7363460195792
v3.2.3 iter,P4  (LAI=5.7),DYN_ATBD_rfull_NM,2021-09-14,27.5678350799714
v3.2.3 iter,P4  (LAI=5.7),DYN_ATBD_rfull_NM,2021-09-15,24.1339047719418
v3.2.3 iter,P4  (LAI=5.7),DYN_ATBD_rfull_NM,2021-09-16,23.1275990979555
v3.2.3 iter,P4  (LAI=5.7),DYN_ATBD_rfull_NM,2021-09-17,23.6644456433962
v3.2.3 iter,P4  (LAI=5.7),DYN_ATBD_rfull_NM,2021-09-18,21.7512610958172
v3.2.3 iter,P4  (LAI=5.7),DYN_ATBD_rfull_NM,2021-09-19,18.3457318258019
v3.2.3 iter,P4  (LAI=5.7),DYN_ATBD_rfull_NM,2021-09-20,18.9652412584416
v3.2.3 iter,P4  (LAI=5.7),DYN_ATBD_rfull_NM,2021-09-21,19.4430097697125
v3.2.3 iter,P4  (LAI=5.7),DYN_ATBD_rfull_NM,2021-09-22,22.0850505668549
v3.2.3 iter,P4  (LAI=5.7),DYN_ATBD_rfull_NM,2021-09-23,24.3632168076344
v3.2.3 iter,P4  (LAI=5.7),DYN_ATBD_rfull_NM,2021-09-24,24.6510476846844
v3.2.3 iter,P4  (LAI=5.7),DYN_ATBD_rfull_NM,2021-09-25,23.2171794433853
v3.2.3 iter,P4  (LAI=5.7),DYN_ATBD_rfull_NM,2021-09-26,21.9519221080022
v3.2.3 iter,P4  (LAI=5.7),DYN_ATBD_rfull_NM,2021-09-27,20.257771017156
v3.2.3 iter,P4  (LAI=5.7),DYN_ATBD_rfull_NM,2021-09-28,19.4425969882682
v3.2.3 iter,P4  (LAI=5.7),DYN_ATBD_rfull_NM,2021-09-29,18.2674598324236
v3.2.3 iter,P4  (LAI=5.7),DYN_ATBD_rfull_NM,2021-09-30,19.354390525017
v3.2.3 iter,P4  (LAI=5.7),DYN_OPT_rdopt_NM,2021-06-01,28.7805745083057
v3.2.3 iter,P4  (LAI=5.7),DYN_OPT_rdopt_NM,2021-06-02,24.5453713374081
v3.2.3 iter,P4  (LAI=5.7),DYN_OPT_rdopt_NM,2021-06-03,26.7247783714863
v3.2.3 iter,P4  (LAI=5.7),DYN_OPT_rdopt_NM,2021-06-04,17.7191736396763
v3.2.3 iter,P4  (LAI=5.7),DYN_OPT_rdopt_NM,2021-06-05,21.8057684488552
v3.2.3 iter,P4  (LAI=5.7),DYN_OPT_rdopt_NM,2021-06-06,22.5322172619662
v3.2.3 iter,P4  (LAI=5.7),DYN_OPT_rdopt_NM,2021-06-07,23.6779319206747
v3.2.3 iter,P4  (LAI=5.7),DYN_OPT_rdopt_NM,2021-06-08,26.0558007539207
v3.2.3 iter,P4  (LAI=5.7),DYN_OPT_rdopt_NM,2021-06-09,27.7814641736144
v3.2.3 iter,P4  (LAI=5.7),DYN_OPT_rdopt_NM,2021-06-10,28.3352453319098
v3.2.3 iter,P4  (LAI=5.7),DYN_OPT_rdopt_NM,2021-06-11,27.7711170267467
v3.2.3 iter,P4  (LAI=5.7),DYN_OPT_rdopt_NM,2021-06-12,27.7085344625971
v3.2.3 iter,P4  (LAI=5.7),DYN_OPT_rdopt_NM,2021-06-13,28.3161976381631
v3.2.3 iter,P4  (LAI=5.7),DYN_OPT_rdopt_NM,2021-06-14,30.5841918853784
v3.2.3 iter,P4  (LAI=5.7),DYN_OPT_rdopt_NM,2021-06-15,30.0940456550419
v3.2.3 iter,P4  (LAI=5.7),DYN_OPT_rdopt_NM,2021-06-16,32.3837780740828
v3.2.3 iter,P4  (LAI=5.7),DYN_OPT_rdopt_NM,2021-06-17,26.7774023750632
v3.2.3 iter,P4  (LAI=5.7),DYN_OPT_rdopt_NM,2021-06-18,24.6214996698618
v3.2.3 iter,P4  (LAI=5.7),DYN_OPT_rdopt_NM,2021-06-19,24.1825180754168
v3.2.3 iter,P4  (LAI=5.7),DYN_OPT_rdopt_NM,2021-06-20,23.2125257829978
v3.2.3 iter,P4  (LAI=5.7),DYN_OPT_rdopt_NM,2021-06-21,23.3459206975323
v3.2.3 iter,P4  (LAI=5.7),DYN_OPT_rdopt_NM,2021-06-22,21.1995910758669
v3.2.3 iter,P4  (LAI=5.7),DYN_OPT_rdopt_NM,2021-06-23,18.41412336696
v3.2.3 iter,P4  (LAI=5.7),DYN_OPT_rdopt_NM,2021-06-24,22.4070600465292
v3.2.3 iter,P4  (LAI=5.7),DYN_OPT_rdopt_NM,2021-06-25,22.401731883165
v3.2.3 iter,P4  (LAI=5.7),DYN_OPT_rdopt_NM,2021-06-26,24.3694970971463
v3.2.3 iter,P4  (LAI=5.7),DYN_OPT_rdopt_NM,2021-06-27,20.0639002484788
v3.2.3 iter,P4  (LAI=5.7),DYN_OPT_rdopt_NM,2021-06-28,22.092241906916
v3.2.3 iter,P4  (LAI=5.7),DYN_OPT_rdopt_NM,2021-06-29,19.5784901479207
v3.2.3 iter,P4  (LAI=5.7),DYN_OPT_rdopt_NM,2021-06-30,20.1760943535031
v3.2.3 iter,P4  (LAI=5.7),DYN_OPT_rdopt_NM,2021-07-01,25.1963895793757
v3.2.3 iter,P4  (LAI=5.7),DYN_OPT_rdopt_NM,2021-07-02,26.1963647117653
v3.2.3 iter,P4  (LAI=5.7),DYN_OPT_rdopt_NM,2021-07-03,23.1856099375544
v3.2.3 iter,P4  (LAI=5.7),DYN_OPT_rdopt_NM,2021-07-04,21.1311497833358
v3.2.3 iter,P4  (LAI=5.7),DYN_OPT_rdopt_NM,2021-07-05,23.1058055107908
v3.2.3 iter,P4  (LAI=5.7),DYN_OPT_rdopt_NM,2021-07-06,22.0146563119203
v3.2.3 iter,P4  (LAI=5.7),DYN_OPT_rdopt_NM,2021-07-07,22.0417739054641
v3.2.3 iter,P4  (LAI=5.7),DYN_OPT_rdopt_NM,2021-07-08,21.4290904063174
v3.2.3 iter,P4  (LAI=5.7),DYN_OPT_rdopt_NM,2021-07-09,22.3747048872343
v3.2.3 iter,P4  (LAI=5.7),DYN_OPT_rdopt_NM,2021-07-10,20.0256548094962
v3.2.3 iter,P4  (LAI=5.7),DYN_OPT_rdopt_NM,2021-07-11,24.9363605799559
v3.2.3 iter,P4  (LAI=5.7),DYN_OPT_rdopt_NM,2021-07-12,20.9982257457388
v3.2.3 iter,P4  (LAI=5.7),DYN_OPT_rdopt_NM,2021-07-13,18.1832710733175
v3.2.3 iter,P4  (LAI=5.7),DYN_OPT_rdopt_NM,2021-07-14,22.808110071853
v3.2.3 iter,P4  (LAI=5.7),DYN_OPT_rdopt_NM,2021-07-15,25.1161738991464
v3.2.3 iter,P4  (LAI=5.7),DYN_OPT_rdopt_NM,2021-07-16,21.5622662330472
v3.2.3 iter,P4  (LAI=5.7),DYN_OPT_rdopt_NM,2021-07-17,23.5665328399635
v3.2.3 iter,P4  (LAI=5.7),DYN_OPT_rdopt_NM,2021-07-18,29.7126308382611
v3.2.3 iter,P4  (LAI=5.7),DYN_OPT_rdopt_NM,2021-07-19,30.9651800935309
v3.2.3 iter,P4  (LAI=5.7),DYN_OPT_rdopt_NM,2021-07-20,30.2372427422326
v3.2.3 iter,P4  (LAI=5.7),DYN_OPT_rdopt_NM,2021-07-21,30.5554242444716
v3.2.3 iter,P4  (LAI=5.7),DYN_OPT_rdopt_NM,2021-07-22,30.4127201263781
v3.2.3 iter,P4  (LAI=5.7),DYN_OPT_rdopt_NM,2021-07-23,32.0098745716018
v3.2.3 iter,P4  (LAI=5.7),DYN_OPT_rdopt_NM,2021-07-24,25.1918150702215
v3.2.3 iter,P4  (LAI=5.7),DYN_OPT_rdopt_NM,2021-07-25,24.6869696215917
v3.2.3 iter,P4  (LAI=5.7),DYN_OPT_rdopt_NM,2021-07-26,24.7985831878663
v3.2.3 iter,P4  (LAI=5.7),DYN_OPT_rdopt_NM,2021-07-27,20.5206096856049
v3.2.3 iter,P4  (LAI=5.7),DYN_OPT_rdopt_NM,2021-07-28,23.1345249746056
v3.2.3 iter,P4  (LAI=5.7),DYN_OPT_rdopt_NM,2021-07-29,24.5772978130819
v3.2.3 iter,P4  (LAI=5.7),DYN_OPT_rdopt_NM,2021-07-30,23.9233918658779
v3.2.3 iter,P4  (LAI=5.7),DYN_OPT_rdopt_NM,2021-07-31,22.4576701333066
v3.2.3 iter,P4  (LAI=5.7),DYN_OPT_rdopt_NM,2021-08-01,22.3709502700035
v3.2.3 iter,P4  (LAI=5.7),DYN_OPT_rdopt_NM,2021-08-02,22.4285022653623
v3.2.3 iter,P4  (LAI=5.7),DYN_OPT_rdopt_NM,2021-08-03,18.7993244244229
v3.2.3 iter,P4  (LAI=5.7),DYN_OPT_rdopt_NM,2021-08-04,20.5605877129487
v3.2.3 iter,P4  (LAI=5.7),DYN_OPT_rdopt_NM,2021-08-05,21.6523568269776
v3.2.3 iter,P4  (LAI=5.7),DYN_OPT_rdopt_NM,2021-08-06,22.3917626461243
v3.2.3 iter,P4  (LAI=5.7),DYN_OPT_rdopt_NM,2021-08-07,21.8334021470747
v3.2.3 iter,P4  (LAI=5.7),DYN_OPT_rdopt_NM,2021-08-08,22.3362379494923
v3.2.3 iter,P4  (LAI=5.7),DYN_OPT_rdopt_NM,2021-08-09,23.094834032271
v3.2.3 iter,P4  (LAI=5.7),DYN_OPT_rdopt_NM,2021-08-10,27.0716267159576
v3.2.3 iter,P4  (LAI=5.7),DYN_OPT_rdopt_NM,2021-08-11,29.1808833482207
v3.2.3 iter,P4  (LAI=5.7),DYN_OPT_rdopt_NM,2021-08-12,30.2670207275356
v3.2.3 iter,P4  (LAI=5.7),DYN_OPT_rdopt_NM,2021-08-13,30.3532669018388
v3.2.3 iter,P4  (LAI=5.7),DYN_OPT_rdopt_NM,2021-08-14,32.6032573985438
v3.2.3 iter,P4  (LAI=5.7),DYN_OPT_rdopt_NM,2021-08-15,29.4426674502666
v3.2.3 iter,P4  (LAI=5.7),DYN_OPT_rdopt_NM,2021-08-16,22.9401106832426
v3.2.3 iter,P4  (LAI=5.7),DYN_OPT_rdopt_NM,2021-08-17,19.6609084352399
v3.2.3 iter,P4  (LAI=5.7),DYN_OPT_rdopt_NM,2021-08-18,20.7379351965361
v3.2.3 iter,P4  (LAI=5.7),DYN_OPT_rdopt_NM,2021-08-19,20.2367845704538
v3.2.3 iter,P4  (LAI=5.7),DYN_OPT_rdopt_NM,2021-08-20,24.7462937647763
v3.2.3 iter,P4  (LAI=5.7),DYN_OPT_rdopt_NM,2021-08-21,25.4886661717307
v3.2.3 iter,P4  (LAI=5.7),DYN_OPT_rdopt_NM,2021-08-22,23.0567084287032
v3.2.3 iter,P4  (LAI=5.7),DYN_OPT_rdopt_NM,2021-08-23,23.3529019938289
v3.2.3 iter,P4  (LAI=5.7),DYN_OPT_rdopt_NM,2021-08-24,25.8000273209907
v3.2.3 iter,P4  (LAI=5.7),DYN_OPT_rdopt_NM,2021-08-25,26.3868498307563
v3.2.3 iter,P4  (LAI=5.7),DYN_OPT_rdopt_NM,2021-08-26,24.0471119452345
v3.2.3 iter,P4  (LAI=5.7),DYN_OPT_rdopt_NM,2021-08-27,22.3258368479642
v3.2.3 iter,P4  (LAI=5.7),DYN_OPT_rdopt_NM,2021-08-28,22.0520069131871
v3.2.3 iter,P4  (LAI=5.7),DYN_OPT_rdopt_NM,2021-08-29,21.4636218422593
v3.2.3 iter,P4  (LAI=5.7),DYN_OPT_rdopt_NM,2021-08-30,22.5852989479168
v3.2.3 iter,P4  (LAI=5.7),DYN_OPT_rdopt_NM,2021-08-31,23.9116587066839
v3.2.3 iter,P4  (LAI=5.7),DYN_OPT_rdopt_NM,2021-09-01,25.5403534457794
v3.2.3 iter,P4  (LAI=5.7),DYN_OPT_rdopt_NM,2021-09-02,28.0065309504817
v3.2.3 iter,P4  (LAI=5.7),DYN_OPT_rdopt_NM,2021-09-03,27.6838906406695
v3.2.3 iter,P4  (LAI=5.7),DYN_OPT_rdopt_NM,2021-09-04,26.7760366954058
v3.2.3 iter,P4  (LAI=5.7),DYN_OPT_rdopt_NM,2021-09-05,28.8718295716544
v3.2.3 iter,P4  (LAI=5.7),DYN_OPT_rdopt_NM,2021-09-06,31.6084056766085
v3.2.3 iter,P4  (LAI=5.7),DYN_OPT_rdopt_NM,2021-09-07,32.6920636273403
v3.2.3 iter,P4  (LAI=5.7),DYN_OPT_rdopt_NM,2021-09-08,28.7339460878819
v3.2.3 iter,P4  (LAI=5.7),DYN_OPT_rdopt_NM,2021-09-09,24.49789877661
v3.2.3 iter,P4  (LAI=5.7),DYN_OPT_rdopt_NM,2021-09-10,24.4443066381052
v3.2.3 iter,P4  (LAI=5.7),DYN_OPT_rdopt_NM,2021-09-11,23.5490986550764
v3.2.3 iter,P4  (LAI=5.7),DYN_OPT_rdopt_NM,2021-09-12,25.4752731652204
v3.2.3 iter,P4  (LAI=5.7),DYN_OPT_rdopt_NM,2021-09-13,28.3928368727349
v3.2.3 iter,P4  (LAI=5.7),DYN_OPT_rdopt_NM,2021-09-14,27.8262657749422
v3.2.3 iter,P4  (LAI=5.7),DYN_OPT_rdopt_NM,2021-09-15,24.0905168927635
v3.2.3 iter,P4  (LAI=5.7),DYN_OPT_rdopt_NM,2021-09-16,23.0707136044139
v3.2.3 iter,P4  (LAI=5.7),DYN_OPT_rdopt_NM,2021-09-17,23.5365206044402
v3.2.3 iter,P4  (LAI=5.7),DYN_OPT_rdopt_NM,2021-09-18,21.7847687822842
v3.2.3 iter,P4  (LAI=5.7),DYN_OPT_rdopt_NM,2021-09-19,18.5835309500769
v3.2.3 iter,P4  (LAI=5.7),DYN_OPT_rdopt_NM,2021-09-20,18.9348252510562
v3.2.3 iter,P4  (LAI=5.7),DYN_OPT_rdopt_NM,2021-09-21,19.2685377083081
v3.2.3 iter,P4  (LAI=5.7),DYN_OPT_rdopt_NM,2021-09-22,22.0406855571648
v3.2.3 iter,P4  (LAI=5.7),DYN_OPT_rdopt_NM,2021-09-23,24.2295634525757
v3.2.3 iter,P4  (LAI=5.7),DYN_OPT_rdopt_NM,2021-09-24,24.4884145656541
v3.2.3 iter,P4  (LAI=5.7),DYN_OPT_rdopt_NM,2021-09-25,23.2820289700921
v3.2.3 iter,P4  (LAI=5.7),DYN_OPT_rdopt_NM,2021-09-26,22.0502834571636
v3.2.3 iter,P4  (LAI=5.7),DYN_OPT_rdopt_NM,2021-09-27,20.2246809808827
v3.2.3 iter,P4  (LAI=5.7),DYN_OPT_rdopt_NM,2021-09-28,19.351344802128
v3.2.3 iter,P4  (LAI=5.7),DYN_OPT_rdopt_NM,2021-09-29,18.148788519233
v3.2.3 iter,P4  (LAI=5.7),DYN_OPT_rdopt_NM,2021-09-30,19.1754399215328
v3.2.3 iter,P4  (LAI=5.7),DYN_ALS_S2TIMING_NM,2021-06-01,28.0677530181498
v3.2.3 iter,P4  (LAI=5.7),DYN_ALS_S2TIMING_NM,2021-06-02,23.3020252074749
v3.2.3 iter,P4  (LAI=5.7),DYN_ALS_S2TIMING_NM,2021-06-03,26.0714069761513
v3.2.3 iter,P4  (LAI=5.7),DYN_ALS_S2TIMING_NM,2021-06-04,17.2314529085677
v3.2.3 iter,P4  (LAI=5.7),DYN_ALS_S2TIMING_NM,2021-06-05,21.5058447647678
v3.2.3 iter,P4  (LAI=5.7),DYN_ALS_S2TIMING_NM,2021-06-06,22.1036343387132
v3.2.3 iter,P4  (LAI=5.7),DYN_ALS_S2TIMING_NM,2021-06-07,23.0092652117723
v3.2.3 iter,P4  (LAI=5.7),DYN_ALS_S2TIMING_NM,2021-06-08,25.5532582932573
v3.2.3 iter,P4  (LAI=5.7),DYN_ALS_S2TIMING_NM,2021-06-09,27.5634491566581
v3.2.3 iter,P4  (LAI=5.7),DYN_ALS_S2TIMING_NM,2021-06-10,27.9938018577015
v3.2.3 iter,P4  (LAI=5.7),DYN_ALS_S2TIMING_NM,2021-06-11,27.3548387407074
v3.2.3 iter,P4  (LAI=5.7),DYN_ALS_S2TIMING_NM,2021-06-12,27.1453390724004
v3.2.3 iter,P4  (LAI=5.7),DYN_ALS_S2TIMING_NM,2021-06-13,28.0809431270755
v3.2.3 iter,P4  (LAI=5.7),DYN_ALS_S2TIMING_NM,2021-06-14,30.388414431378
v3.2.3 iter,P4  (LAI=5.7),DYN_ALS_S2TIMING_NM,2021-06-15,29.8671571194992
v3.2.3 iter,P4  (LAI=5.7),DYN_ALS_S2TIMING_NM,2021-06-16,31.6631408890626
v3.2.3 iter,P4  (LAI=5.7),DYN_ALS_S2TIMING_NM,2021-06-17,26.8310426971212
v3.2.3 iter,P4  (LAI=5.7),DYN_ALS_S2TIMING_NM,2021-06-18,24.2494066525038
v3.2.3 iter,P4  (LAI=5.7),DYN_ALS_S2TIMING_NM,2021-06-19,21.9514415953237
v3.2.3 iter,P4  (LAI=5.7),DYN_ALS_S2TIMING_NM,2021-06-20,22.2271709486427
v3.2.3 iter,P4  (LAI=5.7),DYN_ALS_S2TIMING_NM,2021-06-21,23.4659650508447
v3.2.3 iter,P4  (LAI=5.7),DYN_ALS_S2TIMING_NM,2021-06-22,21.3487109561719
v3.2.3 iter,P4  (LAI=5.7),DYN_ALS_S2TIMING_NM,2021-06-23,18.1620186414949
v3.2.3 iter,P4  (LAI=5.7),DYN_ALS_S2TIMING_NM,2021-06-24,22.3581054271859
v3.2.3 iter,P4  (LAI=5.7),DYN_ALS_S2TIMING_NM,2021-06-25,21.8901835679332
v3.2.3 iter,P4  (LAI=5.7),DYN_ALS_S2TIMING_NM,2021-06-26,23.3378871036505
v3.2.3 iter,P4  (LAI=5.7),DYN_ALS_S2TIMING_NM,2021-06-27,18.6106929922943
v3.2.3 iter,P4  (LAI=5.7),DYN_ALS_S2TIMING_NM,2021-06-28,21.7755657764734
v3.2.3 iter,P4  (LAI=5.7),DYN_ALS_S2TIMING_NM,2021-06-29,19.4464397824666
v3.2.3 iter,P4  (LAI=5.7),DYN_ALS_S2TIMING_NM,2021-06-30,19.8160359986953
v3.2.3 iter,P4  (LAI=5.7),DYN_ALS_S2TIMING_NM,2021-07-01,25.0540064552505
v3.2.3 iter,P4  (LAI=5.7),DYN_ALS_S2TIMING_NM,2021-07-02,25.4402762815654
v3.2.3 iter,P4  (LAI=5.7),DYN_ALS_S2TIMING_NM,2021-07-03,22.3171582284948
v3.2.3 iter,P4  (LAI=5.7),DYN_ALS_S2TIMING_NM,2021-07-04,20.7135239622506
v3.2.3 iter,P4  (LAI=5.7),DYN_ALS_S2TIMING_NM,2021-07-05,22.6888672822587
v3.2.3 iter,P4  (LAI=5.7),DYN_ALS_S2TIMING_NM,2021-07-06,21.7836054601962
v3.2.3 iter,P4  (LAI=5.7),DYN_ALS_S2TIMING_NM,2021-07-07,21.8544070899644
v3.2.3 iter,P4  (LAI=5.7),DYN_ALS_S2TIMING_NM,2021-07-08,20.9654062612938
v3.2.3 iter,P4  (LAI=5.7),DYN_ALS_S2TIMING_NM,2021-07-09,21.9649947596258
v3.2.3 iter,P4  (LAI=5.7),DYN_ALS_S2TIMING_NM,2021-07-10,19.0919709787472
v3.2.3 iter,P4  (LAI=5.7),DYN_ALS_S2TIMING_NM,2021-07-11,24.5794112805457
v3.2.3 iter,P4  (LAI=5.7),DYN_ALS_S2TIMING_NM,2021-07-12,20.7714134293033
v3.2.3 iter,P4  (LAI=5.7),DYN_ALS_S2TIMING_NM,2021-07-13,17.4553837420539
v3.2.3 iter,P4  (LAI=5.7),DYN_ALS_S2TIMING_NM,2021-07-14,22.1405077804549
v3.2.3 iter,P4  (LAI=5.7),DYN_ALS_S2TIMING_NM,2021-07-15,24.7272040327727
v3.2.3 iter,P4  (LAI=5.7),DYN_ALS_S2TIMING_NM,2021-07-16,21.3134547258654
v3.2.3 iter,P4  (LAI=5.7),DYN_ALS_S2TIMING_NM,2021-07-17,23.3570887673599
v3.2.3 iter,P4  (LAI=5.7),DYN_ALS_S2TIMING_NM,2021-07-18,29.5284688621772
v3.2.3 iter,P4  (LAI=5.7),DYN_ALS_S2TIMING_NM,2021-07-19,30.8426946575479
v3.2.3 iter,P4  (LAI=5.7),DYN_ALS_S2TIMING_NM,2021-07-20,30.2533411571876
v3.2.3 iter,P4  (LAI=5.7),DYN_ALS_S2TIMING_NM,2021-07-21,30.5795154178371
v3.2.3 iter,P4  (LAI=5.7),DYN_ALS_S2TIMING_NM,2021-07-22,30.6099953375874
v3.2.3 iter,P4  (LAI=5.7),DYN_ALS_S2TIMING_NM,2021-07-23,31.4838504007761
v3.2.3 iter,P4  (LAI=5.7),DYN_ALS_S2TIMING_NM,2021-07-24,25.1979503643573
v3.2.3 iter,P4  (LAI=5.7),DYN_ALS_S2TIMING_NM,2021-07-25,24.2879070684843
v3.2.3 iter,P4  (LAI=5.7),DYN_ALS_S2TIMING_NM,2021-07-26,24.58782816933
v3.2.3 iter,P4  (LAI=5.7),DYN_ALS_S2TIMING_NM,2021-07-27,19.2271946107758
v3.2.3 iter,P4  (LAI=5.7),DYN_ALS_S2TIMING_NM,2021-07-28,22.9049643721034
v3.2.3 iter,P4  (LAI=5.7),DYN_ALS_S2TIMING_NM,2021-07-29,24.5236504142977
v3.2.3 iter,P4  (LAI=5.7),DYN_ALS_S2TIMING_NM,2021-07-30,23.981049275613
v3.2.3 iter,P4  (LAI=5.7),DYN_ALS_S2TIMING_NM,2021-07-31,22.5151459515532
v3.2.3 iter,P4  (LAI=5.7),DYN_ALS_S2TIMING_NM,2021-08-01,22.3697353789048
v3.2.3 iter,P4  (LAI=5.7),DYN_ALS_S2TIMING_NM,2021-08-02,22.1316185454393
v3.2.3 iter,P4  (LAI=5.7),DYN_ALS_S2TIMING_NM,2021-08-03,18.8562704012612
v3.2.3 iter,P4  (LAI=5.7),DYN_ALS_S2TIMING_NM,2021-08-04,19.5203903565972
v3.2.3 iter,P4  (LAI=5.7),DYN_ALS_S2TIMING_NM,2021-08-05,21.490711375482
v3.2.3 iter,P4  (LAI=5.7),DYN_ALS_S2TIMING_NM,2021-08-06,22.1583126880698
v3.2.3 iter,P4  (LAI=5.7),DYN_ALS_S2TIMING_NM,2021-08-07,21.6018399851254
v3.2.3 iter,P4  (LAI=5.7),DYN_ALS_S2TIMING_NM,2021-08-08,22.1963258150713
v3.2.3 iter,P4  (LAI=5.7),DYN_ALS_S2TIMING_NM,2021-08-09,22.7510991365398
v3.2.3 iter,P4  (LAI=5.7),DYN_ALS_S2TIMING_NM,2021-08-10,26.9273457082682
v3.2.3 iter,P4  (LAI=5.7),DYN_ALS_S2TIMING_NM,2021-08-11,29.568942666373
v3.2.3 iter,P4  (LAI=5.7),DYN_ALS_S2TIMING_NM,2021-08-12,30.2073514706107
v3.2.3 iter,P4  (LAI=5.7),DYN_ALS_S2TIMING_NM,2021-08-13,30.305809090504
v3.2.3 iter,P4  (LAI=5.7),DYN_ALS_S2TIMING_NM,2021-08-14,32.7738535299341
v3.2.3 iter,P4  (LAI=5.7),DYN_ALS_S2TIMING_NM,2021-08-15,29.4201041742692
v3.2.3 iter,P4  (LAI=5.7),DYN_ALS_S2TIMING_NM,2021-08-16,22.8520276486869
v3.2.3 iter,P4  (LAI=5.7),DYN_ALS_S2TIMING_NM,2021-08-17,19.6814913394385
v3.2.3 iter,P4  (LAI=5.7),DYN_ALS_S2TIMING_NM,2021-08-18,20.6044063991972
v3.2.3 iter,P4  (LAI=5.7),DYN_ALS_S2TIMING_NM,2021-08-19,20.0666783656641
v3.2.3 iter,P4  (LAI=5.7),DYN_ALS_S2TIMING_NM,2021-08-20,24.2134313822496
v3.2.3 iter,P4  (LAI=5.7),DYN_ALS_S2TIMING_NM,2021-08-21,25.2296110056627
v3.2.3 iter,P4  (LAI=5.7),DYN_ALS_S2TIMING_NM,2021-08-22,23.0659413625451
v3.2.3 iter,P4  (LAI=5.7),DYN_ALS_S2TIMING_NM,2021-08-23,23.1351382378346
v3.2.3 iter,P4  (LAI=5.7),DYN_ALS_S2TIMING_NM,2021-08-24,25.7450835383736
v3.2.3 iter,P4  (LAI=5.7),DYN_ALS_S2TIMING_NM,2021-08-25,26.3439903506137
v3.2.3 iter,P4  (LAI=5.7),DYN_ALS_S2TIMING_NM,2021-08-26,24.0331453711755
v3.2.3 iter,P4  (LAI=5.7),DYN_ALS_S2TIMING_NM,2021-08-27,21.9848570221371
v3.2.3 iter,P4  (LAI=5.7),DYN_ALS_S2TIMING_NM,2021-08-28,21.6705677758102
v3.2.3 iter,P4  (LAI=5.7),DYN_ALS_S2TIMING_NM,2021-08-29,21.2602191512503
v3.2.3 iter,P4  (LAI=5.7),DYN_ALS_S2TIMING_NM,2021-08-30,22.2090653145823
v3.2.3 iter,P4  (LAI=5.7),DYN_ALS_S2TIMING_NM,2021-08-31,23.5938809946127
v3.2.3 iter,P4  (LAI=5.7),DYN_ALS_S2TIMING_NM,2021-09-01,25.405833048434
v3.2.3 iter,P4  (LAI=5.7),DYN_ALS_S2TIMING_NM,2021-09-02,27.8179544652843
v3.2.3 iter,P4  (LAI=5.7),DYN_ALS_S2TIMING_NM,2021-09-03,27.5525135167215
v3.2.3 iter,P4  (LAI=5.7),DYN_ALS_S2TIMING_NM,2021-09-04,26.675003797765
v3.2.3 iter,P4  (LAI=5.7),DYN_ALS_S2TIMING_NM,2021-09-05,28.2270487738808
v3.2.3 iter,P4  (LAI=5.7),DYN_ALS_S2TIMING_NM,2021-09-06,31.4254562172805
v3.2.3 iter,P4  (LAI=5.7),DYN_ALS_S2TIMING_NM,2021-09-07,32.4981385325075
v3.2.3 iter,P4  (LAI=5.7),DYN_ALS_S2TIMING_NM,2021-09-08,28.2260902488512
v3.2.3 iter,P4  (LAI=5.7),DYN_ALS_S2TIMING_NM,2021-09-09,24.4628900438514
v3.2.3 iter,P4  (LAI=5.7),DYN_ALS_S2TIMING_NM,2021-09-10,24.1694456364619
v3.2.3 iter,P4  (LAI=5.7),DYN_ALS_S2TIMING_NM,2021-09-11,23.5047187166367
v3.2.3 iter,P4  (LAI=5.7),DYN_ALS_S2TIMING_NM,2021-09-12,25.6119549497665
v3.2.3 iter,P4  (LAI=5.7),DYN_ALS_S2TIMING_NM,2021-09-13,28.6065934056139
v3.2.3 iter,P4  (LAI=5.7),DYN_ALS_S2TIMING_NM,2021-09-14,26.953595362551
v3.2.3 iter,P4  (LAI=5.7),DYN_ALS_S2TIMING_NM,2021-09-15,23.8982856338884
v3.2.3 iter,P4  (LAI=5.7),DYN_ALS_S2TIMING_NM,2021-09-16,23.0143296023003
v3.2.3 iter,P4  (LAI=5.7),DYN_ALS_S2TIMING_NM,2021-09-17,23.4901452179297
v3.2.3 iter,P4  (LAI=5.7),DYN_ALS_S2TIMING_NM,2021-09-18,21.5322714249876
v3.2.3 iter,P4  (LAI=5.7),DYN_ALS_S2TIMING_NM,2021-09-19,17.9840262685356
v3.2.3 iter,P4  (LAI=5.7),DYN_ALS_S2TIMING_NM,2021-09-20,18.8868523090108
v3.2.3 iter,P4  (LAI=5.7),DYN_ALS_S2TIMING_NM,2021-09-21,19.4907527272794
v3.2.3 iter,P4  (LAI=5.7),DYN_ALS_S2TIMING_NM,2021-09-22,22.0432713832422
v3.2.3 iter,P4  (LAI=5.7),DYN_ALS_S2TIMING_NM,2021-09-23,24.2654171505376
v3.2.3 iter,P4  (LAI=5.7),DYN_ALS_S2TIMING_NM,2021-09-24,24.6048656025503
v3.2.3 iter,P4  (LAI=5.7),DYN_ALS_S2TIMING_NM,2021-09-25,23.0435810428171
v3.2.3 iter,P4  (LAI=5.7),DYN_ALS_S2TIMING_NM,2021-09-26,21.7969657745315
v3.2.3 iter,P4  (LAI=5.7),DYN_ALS_S2TIMING_NM,2021-09-27,20.2385869112026
v3.2.3 iter,P4  (LAI=5.7),DYN_ALS_S2TIMING_NM,2021-09-28,19.4305790764129
v3.2.3 iter,P4  (LAI=5.7),DYN_ALS_S2TIMING_NM,2021-09-29,18.299543493384
v3.2.3 iter,P4  (LAI=5.7),DYN_ALS_S2TIMING_NM,2021-09-30,19.4760304498604
v3.2.3 iter,P4  (LAI=5.7),DYN_ALSoOPT_S2TIMING_NM,2021-06-01,27.5961349289725
v3.2.3 iter,P4  (LAI=5.7),DYN_ALSoOPT_S2TIMING_NM,2021-06-02,22.7212074175076
v3.2.3 iter,P4  (LAI=5.7),DYN_ALSoOPT_S2TIMING_NM,2021-06-03,25.718776469674
v3.2.3 iter,P4  (LAI=5.7),DYN_ALSoOPT_S2TIMING_NM,2021-06-04,17.1108439644469
v3.2.3 iter,P4  (LAI=5.7),DYN_ALSoOPT_S2TIMING_NM,2021-06-05,21.2699754883155
v3.2.3 iter,P4  (LAI=5.7),DYN_ALSoOPT_S2TIMING_NM,2021-06-06,21.8065669060063
v3.2.3 iter,P4  (LAI=5.7),DYN_ALSoOPT_S2TIMING_NM,2021-06-07,22.742021161702
v3.2.3 iter,P4  (LAI=5.7),DYN_ALSoOPT_S2TIMING_NM,2021-06-08,25.2207064752476
v3.2.3 iter,P4  (LAI=5.7),DYN_ALSoOPT_S2TIMING_NM,2021-06-09,27.1299776088788
v3.2.3 iter,P4  (LAI=5.7),DYN_ALSoOPT_S2TIMING_NM,2021-06-10,27.5012121805801
v3.2.3 iter,P4  (LAI=5.7),DYN_ALSoOPT_S2TIMING_NM,2021-06-11,26.9554215759479
v3.2.3 iter,P4  (LAI=5.7),DYN_ALSoOPT_S2TIMING_NM,2021-06-12,26.8083484989802
v3.2.3 iter,P4  (LAI=5.7),DYN_ALSoOPT_S2TIMING_NM,2021-06-13,27.7715672059813
v3.2.3 iter,P4  (LAI=5.7),DYN_ALSoOPT_S2TIMING_NM,2021-06-14,29.9083024907783
v3.2.3 iter,P4  (LAI=5.7),DYN_ALSoOPT_S2TIMING_NM,2021-06-15,29.4741778467982
v3.2.3 iter,P4  (LAI=5.7),DYN_ALSoOPT_S2TIMING_NM,2021-06-16,31.049342585727
v3.2.3 iter,P4  (LAI=5.7),DYN_ALSoOPT_S2TIMING_NM,2021-06-17,26.4713348761251
v3.2.3 iter,P4  (LAI=5.7),DYN_ALSoOPT_S2TIMING_NM,2021-06-18,24.0795487824735
v3.2.3 iter,P4  (LAI=5.7),DYN_ALSoOPT_S2TIMING_NM,2021-06-19,21.6706665479479
v3.2.3 iter,P4  (LAI=5.7),DYN_ALSoOPT_S2TIMING_NM,2021-06-20,21.9534831153433
v3.2.3 iter,P4  (LAI=5.7),DYN_ALSoOPT_S2TIMING_NM,2021-06-21,23.1758970633535
v3.2.3 iter,P4  (LAI=5.7),DYN_ALSoOPT_S2TIMING_NM,2021-06-22,21.0795104564828
v3.2.3 iter,P4  (LAI=5.7),DYN_ALSoOPT_S2TIMING_NM,2021-06-23,18.0625925620189
v3.2.3 iter,P4  (LAI=5.7),DYN_ALSoOPT_S2TIMING_NM,2021-06-24,22.0941589564373
v3.2.3 iter,P4  (LAI=5.7),DYN_ALSoOPT_S2TIMING_NM,2021-06-25,21.6869240196667
v3.2.3 iter,P4  (LAI=5.7),DYN_ALSoOPT_S2TIMING_NM,2021-06-26,22.742328331178
v3.2.3 iter,P4  (LAI=5.7),DYN_ALSoOPT_S2TIMING_NM,2021-06-27,18.3927825745759
v3.2.3 iter,P4  (LAI=5.7),DYN_ALSoOPT_S2TIMING_NM,2021-06-28,21.2753065843435
v3.2.3 iter,P4  (LAI=5.7),DYN_ALSoOPT_S2TIMING_NM,2021-06-29,19.2208449861361
v3.2.3 iter,P4  (LAI=5.7),DYN_ALSoOPT_S2TIMING_NM,2021-06-30,19.6603270242829
v3.2.3 iter,P4  (LAI=5.7),DYN_ALSoOPT_S2TIMING_NM,2021-07-01,24.7469807053278
v3.2.3 iter,P4  (LAI=5.7),DYN_ALSoOPT_S2TIMING_NM,2021-07-02,25.1517634107821
v3.2.3 iter,P4  (LAI=5.7),DYN_ALSoOPT_S2TIMING_NM,2021-07-03,22.1376856706214
v3.2.3 iter,P4  (LAI=5.7),DYN_ALSoOPT_S2TIMING_NM,2021-07-04,20.5695896840394
v3.2.3 iter,P4  (LAI=5.7),DYN_ALSoOPT_S2TIMING_NM,2021-07-05,22.5649155886873
v3.2.3 iter,P4  (LAI=5.7),DYN_ALSoOPT_S2TIMING_NM,2021-07-06,21.6639236680096
v3.2.3 iter,P4  (LAI=5.7),DYN_ALSoOPT_S2TIMING_NM,2021-07-07,21.6572083099931
v3.2.3 iter,P4  (LAI=5.7),DYN_ALSoOPT_S2TIMING_NM,2021-07-08,20.784812489043
v3.2.3 iter,P4  (LAI=5.7),DYN_ALSoOPT_S2TIMING_NM,2021-07-09,21.7548575791012
v3.2.3 iter,P4  (LAI=5.7),DYN_ALSoOPT_S2TIMING_NM,2021-07-10,18.9354362955397
v3.2.3 iter,P4  (LAI=5.7),DYN_ALSoOPT_S2TIMING_NM,2021-07-11,24.2752977255132
v3.2.3 iter,P4  (LAI=5.7),DYN_ALSoOPT_S2TIMING_NM,2021-07-12,20.6675859049852
v3.2.3 iter,P4  (LAI=5.7),DYN_ALSoOPT_S2TIMING_NM,2021-07-13,17.3380314475628
v3.2.3 iter,P4  (LAI=5.7),DYN_ALSoOPT_S2TIMING_NM,2021-07-14,21.9630001229237
v3.2.3 iter,P4  (LAI=5.7),DYN_ALSoOPT_S2TIMING_NM,2021-07-15,24.558672352389
v3.2.3 iter,P4  (LAI=5.7),DYN_ALSoOPT_S2TIMING_NM,2021-07-16,21.198691526615
v3.2.3 iter,P4  (LAI=5.7),DYN_ALSoOPT_S2TIMING_NM,2021-07-17,23.2208907937306
v3.2.3 iter,P4  (LAI=5.7),DYN_ALSoOPT_S2TIMING_NM,2021-07-18,29.3381842298163
v3.2.3 iter,P4  (LAI=5.7),DYN_ALSoOPT_S2TIMING_NM,2021-07-19,30.6551833990696
v3.2.3 iter,P4  (LAI=5.7),DYN_ALSoOPT_S2TIMING_NM,2021-07-20,30.0578057370529
v3.2.3 iter,P4  (LAI=5.7),DYN_ALSoOPT_S2TIMING_NM,2021-07-21,30.3661833276046
v3.2.3 iter,P4  (LAI=5.7),DYN_ALSoOPT_S2TIMING_NM,2021-07-22,30.3528989653306
v3.2.3 iter,P4  (LAI=5.7),DYN_ALSoOPT_S2TIMING_NM,2021-07-23,31.2009697422674
v3.2.3 iter,P4  (LAI=5.7),DYN_ALSoOPT_S2TIMING_NM,2021-07-24,25.0815681661846
v3.2.3 iter,P4  (LAI=5.7),DYN_ALSoOPT_S2TIMING_NM,2021-07-25,24.1229512679001
v3.2.3 iter,P4  (LAI=5.7),DYN_ALSoOPT_S2TIMING_NM,2021-07-26,24.4345603438125
v3.2.3 iter,P4  (LAI=5.7),DYN_ALSoOPT_S2TIMING_NM,2021-07-27,19.0180915342309
v3.2.3 iter,P4  (LAI=5.7),DYN_ALSoOPT_S2TIMING_NM,2021-07-28,22.8028106498863
v3.2.3 iter,P4  (LAI=5.7),DYN_ALSoOPT_S2TIMING_NM,2021-07-29,24.3887911707234
v3.2.3 iter,P4  (LAI=5.7),DYN_ALSoOPT_S2TIMING_NM,2021-07-30,23.8614661166567
v3.2.3 iter,P4  (LAI=5.7),DYN_ALSoOPT_S2TIMING_NM,2021-07-31,22.4199970208618
v3.2.3 iter,P4  (LAI=5.7),DYN_ALSoOPT_S2TIMING_NM,2021-08-01,22.2496673236181
v3.2.3 iter,P4  (LAI=5.7),DYN_ALSoOPT_S2TIMING_NM,2021-08-02,22.0323495446467
v3.2.3 iter,P4  (LAI=5.7),DYN_ALSoOPT_S2TIMING_NM,2021-08-03,18.7793826208772
v3.2.3 iter,P4  (LAI=5.7),DYN_ALSoOPT_S2TIMING_NM,2021-08-04,19.2109656209456
v3.2.3 iter,P4  (LAI=5.7),DYN_ALSoOPT_S2TIMING_NM,2021-08-05,21.370728390596
v3.2.3 iter,P4  (LAI=5.7),DYN_ALSoOPT_S2TIMING_NM,2021-08-06,22.0556386600435
v3.2.3 iter,P4  (LAI=5.7),DYN_ALSoOPT_S2TIMING_NM,2021-08-07,21.4818418701278
v3.2.3 iter,P4  (LAI=5.7),DYN_ALSoOPT_S2TIMING_NM,2021-08-08,22.0880376886936
v3.2.3 iter,P4  (LAI=5.7),DYN_ALSoOPT_S2TIMING_NM,2021-08-09,22.5891781691699
v3.2.3 iter,P4  (LAI=5.7),DYN_ALSoOPT_S2TIMING_NM,2021-08-10,26.769280360857
v3.2.3 iter,P4  (LAI=5.7),DYN_ALSoOPT_S2TIMING_NM,2021-08-11,29.3149954053828
v3.2.3 iter,P4  (LAI=5.7),DYN_ALSoOPT_S2TIMING_NM,2021-08-12,29.9674690271087
v3.2.3 iter,P4  (LAI=5.7),DYN_ALSoOPT_S2TIMING_NM,2021-08-13,30.0975585329115
v3.2.3 iter,P4  (LAI=5.7),DYN_ALSoOPT_S2TIMING_NM,2021-08-14,32.4608535820988
v3.2.3 iter,P4  (LAI=5.7),DYN_ALSoOPT_S2TIMING_NM,2021-08-15,29.2491979235113
v3.2.3 iter,P4  (LAI=5.7),DYN_ALSoOPT_S2TIMING_NM,2021-08-16,22.7557240022283
v3.2.3 iter,P4  (LAI=5.7),DYN_ALSoOPT_S2TIMING_NM,2021-08-17,19.6220067418038
v3.2.3 iter,P4  (LAI=5.7),DYN_ALSoOPT_S2TIMING_NM,2021-08-18,20.5226320504362
v3.2.3 iter,P4  (LAI=5.7),DYN_ALSoOPT_S2TIMING_NM,2021-08-19,19.9703928934295
v3.2.3 iter,P4  (LAI=5.7),DYN_ALSoOPT_S2TIMING_NM,2021-08-20,23.9960417107515
v3.2.3 iter,P4  (LAI=5.7),DYN_ALSoOPT_S2TIMING_NM,2021-08-21,25.0288313172376
v3.2.3 iter,P4  (LAI=5.7),DYN_ALSoOPT_S2TIMING_NM,2021-08-22,22.959426867823
v3.2.3 iter,P4  (LAI=5.7),DYN_ALSoOPT_S2TIMING_NM,2021-08-23,23.0203341390426
v3.2.3 iter,P4  (LAI=5.7),DYN_ALSoOPT_S2TIMING_NM,2021-08-24,25.6164154403775
v3.2.3 iter,P4  (LAI=5.7),DYN_ALSoOPT_S2TIMING_NM,2021-08-25,26.2013419003688
v3.2.3 iter,P4  (LAI=5.7),DYN_ALSoOPT_S2TIMING_NM,2021-08-26,23.9303223070822
v3.2.3 iter,P4  (LAI=5.7),DYN_ALSoOPT_S2TIMING_NM,2021-08-27,21.8674801475411
v3.2.3 iter,P4  (LAI=5.7),DYN_ALSoOPT_S2TIMING_NM,2021-08-28,21.5605171115051
v3.2.3 iter,P4  (LAI=5.7),DYN_ALSoOPT_S2TIMING_NM,2021-08-29,21.1101776015371
v3.2.3 iter,P4  (LAI=5.7),DYN_ALSoOPT_S2TIMING_NM,2021-08-30,22.0792292184956
v3.2.3 iter,P4  (LAI=5.7),DYN_ALSoOPT_S2TIMING_NM,2021-08-31,23.4710802377804
v3.2.3 iter,P4  (LAI=5.7),DYN_ALSoOPT_S2TIMING_NM,2021-09-01,25.3037238911846
v3.2.3 iter,P4  (LAI=5.7),DYN_ALSoOPT_S2TIMING_NM,2021-09-02,27.6666034696204
v3.2.3 iter,P4  (LAI=5.7),DYN_ALSoOPT_S2TIMING_NM,2021-09-03,27.2939101515471
v3.2.3 iter,P4  (LAI=5.7),DYN_ALSoOPT_S2TIMING_NM,2021-09-04,26.4804659614126
v3.2.3 iter,P4  (LAI=5.7),DYN_ALSoOPT_S2TIMING_NM,2021-09-05,27.865422124491
v3.2.3 iter,P4  (LAI=5.7),DYN_ALSoOPT_S2TIMING_NM,2021-09-06,31.201310098169
v3.2.3 iter,P4  (LAI=5.7),DYN_ALSoOPT_S2TIMING_NM,2021-09-07,32.278149460258
v3.2.3 iter,P4  (LAI=5.7),DYN_ALSoOPT_S2TIMING_NM,2021-09-08,27.8636779115395
v3.2.3 iter,P4  (LAI=5.7),DYN_ALSoOPT_S2TIMING_NM,2021-09-09,24.3327269856351
v3.2.3 iter,P4  (LAI=5.7),DYN_ALSoOPT_S2TIMING_NM,2021-09-10,24.0434229578645
v3.2.3 iter,P4  (LAI=5.7),DYN_ALSoOPT_S2TIMING_NM,2021-09-11,23.3346894561792
v3.2.3 iter,P4  (LAI=5.7),DYN_ALSoOPT_S2TIMING_NM,2021-09-12,25.4271347282261
v3.2.3 iter,P4  (LAI=5.7),DYN_ALSoOPT_S2TIMING_NM,2021-09-13,28.3897427520105
v3.2.3 iter,P4  (LAI=5.7),DYN_ALSoOPT_S2TIMING_NM,2021-09-14,26.6360702326754
v3.2.3 iter,P4  (LAI=5.7),DYN_ALSoOPT_S2TIMING_NM,2021-09-15,23.6763196657487
v3.2.3 iter,P4  (LAI=5.7),DYN_ALSoOPT_S2TIMING_NM,2021-09-16,22.8910202848506
v3.2.3 iter,P4  (LAI=5.7),DYN_ALSoOPT_S2TIMING_NM,2021-09-17,23.307007362816
v3.2.3 iter,P4  (LAI=5.7),DYN_ALSoOPT_S2TIMING_NM,2021-09-18,21.3862336224811
v3.2.3 iter,P4  (LAI=5.7),DYN_ALSoOPT_S2TIMING_NM,2021-09-19,17.8523261612322
v3.2.3 iter,P4  (LAI=5.7),DYN_ALSoOPT_S2TIMING_NM,2021-09-20,18.8133937881594
v3.2.3 iter,P4  (LAI=5.7),DYN_ALSoOPT_S2TIMING_NM,2021-09-21,19.4491999784754
v3.2.3 iter,P4  (LAI=5.7),DYN_ALSoOPT_S2TIMING_NM,2021-09-22,21.9591804250003
v3.2.3 iter,P4  (LAI=5.7),DYN_ALSoOPT_S2TIMING_NM,2021-09-23,24.0882910009595
v3.2.3 iter,P4  (LAI=5.7),DYN_ALSoOPT_S2TIMING_NM,2021-09-24,24.4621024499943
v3.2.3 iter,P4  (LAI=5.7),DYN_ALSoOPT_S2TIMING_NM,2021-09-25,22.9521442533801
v3.2.3 iter,P4  (LAI=5.7),DYN_ALSoOPT_S2TIMING_NM,2021-09-26,21.721411922753
v3.2.3 iter,P4  (LAI=5.7),DYN_ALSoOPT_S2TIMING_NM,2021-09-27,20.2060796555761
v3.2.3 iter,P4  (LAI=5.7),DYN_ALSoOPT_S2TIMING_NM,2021-09-28,19.3658391399109
v3.2.3 iter,P4  (LAI=5.7),DYN_ALSoOPT_S2TIMING_NM,2021-09-29,18.2924151175656
v3.2.3 iter,P4  (LAI=5.7),DYN_ALSoOPT_S2TIMING_NM,2021-09-30,19.4504503969628
