plab,scenario,date,lai
P1  (LAI=0.5),STATIC_ALS,2021-06-01,0.527927845716476
P1  (LAI=0.5),STATIC_ALS,2021-06-02,0.527927845716476
P1  (LAI=0.5),STATIC_ALS,2021-06-03,0.527927845716476
P1  (LAI=0.5),STATIC_ALS,2021-06-04,0.527927845716476
P1  (LAI=0.5),STATIC_ALS,2021-06-05,0.527927845716476
P1  (LAI=0.5),STATIC_ALS,2021-06-06,0.527927845716476
P1  (LAI=0.5),STATIC_ALS,2021-06-07,0.527927845716476
P1  (LAI=0.5),STATIC_ALS,2021-06-08,0.527927845716476
P1  (LAI=0.5),STATIC_ALS,2021-06-09,0.527927845716476
P1  (LAI=0.5),STATIC_ALS,2021-06-10,0.527927845716476
P1  (LAI=0.5),STATIC_ALS,2021-06-11,0.527927845716476
P1  (LAI=0.5),STATIC_ALS,2021-06-12,0.527927845716476
P1  (LAI=0.5),STATIC_ALS,2021-06-13,0.527927845716476
P1  (LAI=0.5),STATIC_ALS,2021-06-14,0.527927845716476
P1  (LAI=0.5),STATIC_ALS,2021-06-15,0.527927845716476
P1  (LAI=0.5),STATIC_ALS,2021-06-16,0.527927845716476
P1  (LAI=0.5),STATIC_ALS,2021-06-17,0.527927845716476
P1  (LAI=0.5),STATIC_ALS,2021-06-18,0.527927845716476
P1  (LAI=0.5),STATIC_ALS,2021-06-19,0.527927845716476
P1  (LAI=0.5),STATIC_ALS,2021-06-20,0.527927845716476
P1  (LAI=0.5),STATIC_ALS,2021-06-21,0.527927845716476
P1  (LAI=0.5),STATIC_ALS,2021-06-22,0.527927845716476
P1  (LAI=0.5),STATIC_ALS,2021-06-23,0.527927845716476
P1  (LAI=0.5),STATIC_ALS,2021-06-24,0.527927845716476
P1  (LAI=0.5),STATIC_ALS,2021-06-25,0.527927845716476
P1  (LAI=0.5),STATIC_ALS,2021-06-26,0.527927845716476
P1  (LAI=0.5),STATIC_ALS,2021-06-27,0.527927845716476
P1  (LAI=0.5),STATIC_ALS,2021-06-28,0.527927845716476
P1  (LAI=0.5),STATIC_ALS,2021-06-29,0.527927845716476
P1  (LAI=0.5),STATIC_ALS,2021-06-30,0.527927845716476
P1  (LAI=0.5),STATIC_ALS,2021-07-01,0.527927845716476
P1  (LAI=0.5),STATIC_ALS,2021-07-02,0.527927845716476
P1  (LAI=0.5),STATIC_ALS,2021-07-03,0.527927845716476
P1  (LAI=0.5),STATIC_ALS,2021-07-04,0.527927845716476
P1  (LAI=0.5),STATIC_ALS,2021-07-05,0.527927845716476
P1  (LAI=0.5),STATIC_ALS,2021-07-06,0.527927845716476
P1  (LAI=0.5),STATIC_ALS,2021-07-07,0.527927845716476
P1  (LAI=0.5),STATIC_ALS,2021-07-08,0.527927845716476
P1  (LAI=0.5),STATIC_ALS,2021-07-09,0.527927845716476
P1  (LAI=0.5),STATIC_ALS,2021-07-10,0.527927845716476
P1  (LAI=0.5),STATIC_ALS,2021-07-11,0.527927845716476
P1  (LAI=0.5),STATIC_ALS,2021-07-12,0.527927845716476
P1  (LAI=0.5),STATIC_ALS,2021-07-13,0.527927845716476
P1  (LAI=0.5),STATIC_ALS,2021-07-14,0.527927845716476
P1  (LAI=0.5),STATIC_ALS,2021-07-15,0.527927845716476
P1  (LAI=0.5),STATIC_ALS,2021-07-16,0.527927845716476
P1  (LAI=0.5),STATIC_ALS,2021-07-17,0.527927845716476
P1  (LAI=0.5),STATIC_ALS,2021-07-18,0.527927845716476
P1  (LAI=0.5),STATIC_ALS,2021-07-19,0.527927845716476
P1  (LAI=0.5),STATIC_ALS,2021-07-20,0.527927845716476
P1  (LAI=0.5),STATIC_ALS,2021-07-21,0.527927845716476
P1  (LAI=0.5),STATIC_ALS,2021-07-22,0.527927845716476
P1  (LAI=0.5),STATIC_ALS,2021-07-23,0.527927845716476
P1  (LAI=0.5),STATIC_ALS,2021-07-24,0.527927845716476
P1  (LAI=0.5),STATIC_ALS,2021-07-25,0.527927845716476
P1  (LAI=0.5),STATIC_ALS,2021-07-26,0.527927845716476
P1  (LAI=0.5),STATIC_ALS,2021-07-27,0.527927845716476
P1  (LAI=0.5),STATIC_ALS,2021-07-28,0.527927845716476
P1  (LAI=0.5),STATIC_ALS,2021-07-29,0.527927845716476
P1  (LAI=0.5),STATIC_ALS,2021-07-30,0.527927845716476
P1  (LAI=0.5),STATIC_ALS,2021-07-31,0.527927845716476
P1  (LAI=0.5),STATIC_ALS,2021-08-01,0.527927845716476
P1  (LAI=0.5),STATIC_ALS,2021-08-02,0.527927845716476
P1  (LAI=0.5),STATIC_ALS,2021-08-03,0.527927845716476
P1  (LAI=0.5),STATIC_ALS,2021-08-04,0.527927845716476
P1  (LAI=0.5),STATIC_ALS,2021-08-05,0.527927845716476
P1  (LAI=0.5),STATIC_ALS,2021-08-06,0.527927845716476
P1  (LAI=0.5),STATIC_ALS,2021-08-07,0.527927845716476
P1  (LAI=0.5),STATIC_ALS,2021-08-08,0.527927845716476
P1  (LAI=0.5),STATIC_ALS,2021-08-09,0.527927845716476
P1  (LAI=0.5),STATIC_ALS,2021-08-10,0.527927845716476
P1  (LAI=0.5),STATIC_ALS,2021-08-11,0.527927845716476
P1  (LAI=0.5),STATIC_ALS,2021-08-12,0.527927845716476
P1  (LAI=0.5),STATIC_ALS,2021-08-13,0.527927845716476
P1  (LAI=0.5),STATIC_ALS,2021-08-14,0.527927845716476
P1  (LAI=0.5),STATIC_ALS,2021-08-15,0.527927845716476
P1  (LAI=0.5),STATIC_ALS,2021-08-16,0.527927845716476
P1  (LAI=0.5),STATIC_ALS,2021-08-17,0.527927845716476
P1  (LAI=0.5),STATIC_ALS,2021-08-18,0.527927845716476
P1  (LAI=0.5),STATIC_ALS,2021-08-19,0.527927845716476
P1  (LAI=0.5),STATIC_ALS,2021-08-20,0.527927845716476
P1  (LAI=0.5),STATIC_ALS,2021-08-21,0.527927845716476
P1  (LAI=0.5),STATIC_ALS,2021-08-22,0.527927845716476
P1  (LAI=0.5),STATIC_ALS,2021-08-23,0.527927845716476
P1  (LAI=0.5),STATIC_ALS,2021-08-24,0.527927845716476
P1  (LAI=0.5),STATIC_ALS,2021-08-25,0.527927845716476
P1  (LAI=0.5),STATIC_ALS,2021-08-26,0.527927845716476
P1  (LAI=0.5),STATIC_ALS,2021-08-27,0.527927845716476
P1  (LAI=0.5),STATIC_ALS,2021-08-28,0.527927845716476
P1  (LAI=0.5),STATIC_ALS,2021-08-29,0.527927845716476
P1  (LAI=0.5),STATIC_ALS,2021-08-30,0.527927845716476
P1  (LAI=0.5),STATIC_ALS,2021-08-31,0.527927845716476
P1  (LAI=0.5),STATIC_ALS,2021-09-01,0.527927845716476
P1  (LAI=0.5),STATIC_ALS,2021-09-02,0.527927845716476
P1  (LAI=0.5),STATIC_ALS,2021-09-03,0.527927845716476
P1  (LAI=0.5),STATIC_ALS,2021-09-04,0.527927845716476
P1  (LAI=0.5),STATIC_ALS,2021-09-05,0.527927845716476
P1  (LAI=0.5),STATIC_ALS,2021-09-06,0.527927845716476
P1  (LAI=0.5),STATIC_ALS,2021-09-07,0.527927845716476
P1  (LAI=0.5),STATIC_ALS,2021-09-08,0.527927845716476
P1  (LAI=0.5),STATIC_ALS,2021-09-09,0.527927845716476
P1  (LAI=0.5),STATIC_ALS,2021-09-10,0.527927845716476
P1  (LAI=0.5),STATIC_ALS,2021-09-11,0.527927845716476
P1  (LAI=0.5),STATIC_ALS,2021-09-12,0.527927845716476
P1  (LAI=0.5),STATIC_ALS,2021-09-13,0.527927845716476
P1  (LAI=0.5),STATIC_ALS,2021-09-14,0.527927845716476
P1  (LAI=0.5),STATIC_ALS,2021-09-15,0.527927845716476
P1  (LAI=0.5),STATIC_ALS,2021-09-16,0.527927845716476
P1  (LAI=0.5),STATIC_ALS,2021-09-17,0.527927845716476
P1  (LAI=0.5),STATIC_ALS,2021-09-18,0.527927845716476
P1  (LAI=0.5),STATIC_ALS,2021-09-19,0.527927845716476
P1  (LAI=0.5),STATIC_ALS,2021-09-20,0.527927845716476
P1  (LAI=0.5),STATIC_ALS,2021-09-21,0.527927845716476
P1  (LAI=0.5),STATIC_ALS,2021-09-22,0.527927845716476
P1  (LAI=0.5),STATIC_ALS,2021-09-23,0.527927845716476
P1  (LAI=0.5),STATIC_ALS,2021-09-24,0.527927845716476
P1  (LAI=0.5),STATIC_ALS,2021-09-25,0.527927845716476
P1  (LAI=0.5),STATIC_ALS,2021-09-26,0.520695957418991
P1  (LAI=0.5),STATIC_ALS,2021-09-27,0.510364688422582
P1  (LAI=0.5),STATIC_ALS,2021-09-28,0.500033419426174
P1  (LAI=0.5),STATIC_ALS,2021-09-29,0.489702150429765
P1  (LAI=0.5),STATIC_ALS,2021-09-30,0.479370881433357
P1  (LAI=0.5),STATIC_ALS_DOPT,2021-06-01,0.527927845716476
P1  (LAI=0.5),STATIC_ALS_DOPT,2021-06-02,0.527927845716476
P1  (LAI=0.5),STATIC_ALS_DOPT,2021-06-03,0.527927845716476
P1  (LAI=0.5),STATIC_ALS_DOPT,2021-06-04,0.527927845716476
P1  (LAI=0.5),STATIC_ALS_DOPT,2021-06-05,0.527927845716476
P1  (LAI=0.5),STATIC_ALS_DOPT,2021-06-06,0.527927845716476
P1  (LAI=0.5),STATIC_ALS_DOPT,2021-06-07,0.527927845716476
P1  (LAI=0.5),STATIC_ALS_DOPT,2021-06-08,0.527927845716476
P1  (LAI=0.5),STATIC_ALS_DOPT,2021-06-09,0.527927845716476
P1  (LAI=0.5),STATIC_ALS_DOPT,2021-06-10,0.527927845716476
P1  (LAI=0.5),STATIC_ALS_DOPT,2021-06-11,0.527927845716476
P1  (LAI=0.5),STATIC_ALS_DOPT,2021-06-12,0.527927845716476
P1  (LAI=0.5),STATIC_ALS_DOPT,2021-06-13,0.527927845716476
P1  (LAI=0.5),STATIC_ALS_DOPT,2021-06-14,0.527927845716476
P1  (LAI=0.5),STATIC_ALS_DOPT,2021-06-15,0.527927845716476
P1  (LAI=0.5),STATIC_ALS_DOPT,2021-06-16,0.527927845716476
P1  (LAI=0.5),STATIC_ALS_DOPT,2021-06-17,0.527927845716476
P1  (LAI=0.5),STATIC_ALS_DOPT,2021-06-18,0.527927845716476
P1  (LAI=0.5),STATIC_ALS_DOPT,2021-06-19,0.527927845716476
P1  (LAI=0.5),STATIC_ALS_DOPT,2021-06-20,0.527927845716476
P1  (LAI=0.5),STATIC_ALS_DOPT,2021-06-21,0.527927845716476
P1  (LAI=0.5),STATIC_ALS_DOPT,2021-06-22,0.527927845716476
P1  (LAI=0.5),STATIC_ALS_DOPT,2021-06-23,0.527927845716476
P1  (LAI=0.5),STATIC_ALS_DOPT,2021-06-24,0.527927845716476
P1  (LAI=0.5),STATIC_ALS_DOPT,2021-06-25,0.527927845716476
P1  (LAI=0.5),STATIC_ALS_DOPT,2021-06-26,0.527927845716476
P1  (LAI=0.5),STATIC_ALS_DOPT,2021-06-27,0.527927845716476
P1  (LAI=0.5),STATIC_ALS_DOPT,2021-06-28,0.527927845716476
P1  (LAI=0.5),STATIC_ALS_DOPT,2021-06-29,0.527927845716476
P1  (LAI=0.5),STATIC_ALS_DOPT,2021-06-30,0.527927845716476
P1  (LAI=0.5),STATIC_ALS_DOPT,2021-07-01,0.527927845716476
P1  (LAI=0.5),STATIC_ALS_DOPT,2021-07-02,0.527927845716476
P1  (LAI=0.5),STATIC_ALS_DOPT,2021-07-03,0.527927845716476
P1  (LAI=0.5),STATIC_ALS_DOPT,2021-07-04,0.527927845716476
P1  (LAI=0.5),STATIC_ALS_DOPT,2021-07-05,0.527927845716476
P1  (LAI=0.5),STATIC_ALS_DOPT,2021-07-06,0.527927845716476
P1  (LAI=0.5),STATIC_ALS_DOPT,2021-07-07,0.527927845716476
P1  (LAI=0.5),STATIC_ALS_DOPT,2021-07-08,0.527927845716476
P1  (LAI=0.5),STATIC_ALS_DOPT,2021-07-09,0.527927845716476
P1  (LAI=0.5),STATIC_ALS_DOPT,2021-07-10,0.527927845716476
P1  (LAI=0.5),STATIC_ALS_DOPT,2021-07-11,0.527927845716476
P1  (LAI=0.5),STATIC_ALS_DOPT,2021-07-12,0.527927845716476
P1  (LAI=0.5),STATIC_ALS_DOPT,2021-07-13,0.527927845716476
P1  (LAI=0.5),STATIC_ALS_DOPT,2021-07-14,0.527927845716476
P1  (LAI=0.5),STATIC_ALS_DOPT,2021-07-15,0.527927845716476
P1  (LAI=0.5),STATIC_ALS_DOPT,2021-07-16,0.527927845716476
P1  (LAI=0.5),STATIC_ALS_DOPT,2021-07-17,0.527927845716476
P1  (LAI=0.5),STATIC_ALS_DOPT,2021-07-18,0.527927845716476
P1  (LAI=0.5),STATIC_ALS_DOPT,2021-07-19,0.527927845716476
P1  (LAI=0.5),STATIC_ALS_DOPT,2021-07-20,0.527927845716476
P1  (LAI=0.5),STATIC_ALS_DOPT,2021-07-21,0.527927845716476
P1  (LAI=0.5),STATIC_ALS_DOPT,2021-07-22,0.527927845716476
P1  (LAI=0.5),STATIC_ALS_DOPT,2021-07-23,0.527927845716476
P1  (LAI=0.5),STATIC_ALS_DOPT,2021-07-24,0.527927845716476
P1  (LAI=0.5),STATIC_ALS_DOPT,2021-07-25,0.527927845716476
P1  (LAI=0.5),STATIC_ALS_DOPT,2021-07-26,0.527927845716476
P1  (LAI=0.5),STATIC_ALS_DOPT,2021-07-27,0.527927845716476
P1  (LAI=0.5),STATIC_ALS_DOPT,2021-07-28,0.527927845716476
P1  (LAI=0.5),STATIC_ALS_DOPT,2021-07-29,0.527927845716476
P1  (LAI=0.5),STATIC_ALS_DOPT,2021-07-30,0.527927845716476
P1  (LAI=0.5),STATIC_ALS_DOPT,2021-07-31,0.527927845716476
P1  (LAI=0.5),STATIC_ALS_DOPT,2021-08-01,0.527927845716476
P1  (LAI=0.5),STATIC_ALS_DOPT,2021-08-02,0.527927845716476
P1  (LAI=0.5),STATIC_ALS_DOPT,2021-08-03,0.527927845716476
P1  (LAI=0.5),STATIC_ALS_DOPT,2021-08-04,0.527927845716476
P1  (LAI=0.5),STATIC_ALS_DOPT,2021-08-05,0.527927845716476
P1  (LAI=0.5),STATIC_ALS_DOPT,2021-08-06,0.527927845716476
P1  (LAI=0.5),STATIC_ALS_DOPT,2021-08-07,0.527927845716476
P1  (LAI=0.5),STATIC_ALS_DOPT,2021-08-08,0.527927845716476
P1  (LAI=0.5),STATIC_ALS_DOPT,2021-08-09,0.527927845716476
P1  (LAI=0.5),STATIC_ALS_DOPT,2021-08-10,0.527927845716476
P1  (LAI=0.5),STATIC_ALS_DOPT,2021-08-11,0.527927845716476
P1  (LAI=0.5),STATIC_ALS_DOPT,2021-08-12,0.527927845716476
P1  (LAI=0.5),STATIC_ALS_DOPT,2021-08-13,0.527927845716476
P1  (LAI=0.5),STATIC_ALS_DOPT,2021-08-14,0.527927845716476
P1  (LAI=0.5),STATIC_ALS_DOPT,2021-08-15,0.527927845716476
P1  (LAI=0.5),STATIC_ALS_DOPT,2021-08-16,0.527927845716476
P1  (LAI=0.5),STATIC_ALS_DOPT,2021-08-17,0.527927845716476
P1  (LAI=0.5),STATIC_ALS_DOPT,2021-08-18,0.527927845716476
P1  (LAI=0.5),STATIC_ALS_DOPT,2021-08-19,0.527927845716476
P1  (LAI=0.5),STATIC_ALS_DOPT,2021-08-20,0.527927845716476
P1  (LAI=0.5),STATIC_ALS_DOPT,2021-08-21,0.527927845716476
P1  (LAI=0.5),STATIC_ALS_DOPT,2021-08-22,0.527927845716476
P1  (LAI=0.5),STATIC_ALS_DOPT,2021-08-23,0.527927845716476
P1  (LAI=0.5),STATIC_ALS_DOPT,2021-08-24,0.527927845716476
P1  (LAI=0.5),STATIC_ALS_DOPT,2021-08-25,0.527927845716476
P1  (LAI=0.5),STATIC_ALS_DOPT,2021-08-26,0.527927845716476
P1  (LAI=0.5),STATIC_ALS_DOPT,2021-08-27,0.527927845716476
P1  (LAI=0.5),STATIC_ALS_DOPT,2021-08-28,0.527927845716476
P1  (LAI=0.5),STATIC_ALS_DOPT,2021-08-29,0.527927845716476
P1  (LAI=0.5),STATIC_ALS_DOPT,2021-08-30,0.527927845716476
P1  (LAI=0.5),STATIC_ALS_DOPT,2021-08-31,0.527927845716476
P1  (LAI=0.5),STATIC_ALS_DOPT,2021-09-01,0.527927845716476
P1  (LAI=0.5),STATIC_ALS_DOPT,2021-09-02,0.527927845716476
P1  (LAI=0.5),STATIC_ALS_DOPT,2021-09-03,0.527927845716476
P1  (LAI=0.5),STATIC_ALS_DOPT,2021-09-04,0.527927845716476
P1  (LAI=0.5),STATIC_ALS_DOPT,2021-09-05,0.527927845716476
P1  (LAI=0.5),STATIC_ALS_DOPT,2021-09-06,0.527927845716476
P1  (LAI=0.5),STATIC_ALS_DOPT,2021-09-07,0.527927845716476
P1  (LAI=0.5),STATIC_ALS_DOPT,2021-09-08,0.527927845716476
P1  (LAI=0.5),STATIC_ALS_DOPT,2021-09-09,0.527927845716476
P1  (LAI=0.5),STATIC_ALS_DOPT,2021-09-10,0.527927845716476
P1  (LAI=0.5),STATIC_ALS_DOPT,2021-09-11,0.527927845716476
P1  (LAI=0.5),STATIC_ALS_DOPT,2021-09-12,0.527927845716476
P1  (LAI=0.5),STATIC_ALS_DOPT,2021-09-13,0.527927845716476
P1  (LAI=0.5),STATIC_ALS_DOPT,2021-09-14,0.527927845716476
P1  (LAI=0.5),STATIC_ALS_DOPT,2021-09-15,0.527927845716476
P1  (LAI=0.5),STATIC_ALS_DOPT,2021-09-16,0.527927845716476
P1  (LAI=0.5),STATIC_ALS_DOPT,2021-09-17,0.527927845716476
P1  (LAI=0.5),STATIC_ALS_DOPT,2021-09-18,0.527927845716476
P1  (LAI=0.5),STATIC_ALS_DOPT,2021-09-19,0.527927845716476
P1  (LAI=0.5),STATIC_ALS_DOPT,2021-09-20,0.527927845716476
P1  (LAI=0.5),STATIC_ALS_DOPT,2021-09-21,0.527927845716476
P1  (LAI=0.5),STATIC_ALS_DOPT,2021-09-22,0.527927845716476
P1  (LAI=0.5),STATIC_ALS_DOPT,2021-09-23,0.527927845716476
P1  (LAI=0.5),STATIC_ALS_DOPT,2021-09-24,0.527927845716476
P1  (LAI=0.5),STATIC_ALS_DOPT,2021-09-25,0.527927845716476
P1  (LAI=0.5),STATIC_ALS_DOPT,2021-09-26,0.520695957418991
P1  (LAI=0.5),STATIC_ALS_DOPT,2021-09-27,0.510364688422582
P1  (LAI=0.5),STATIC_ALS_DOPT,2021-09-28,0.500033419426174
P1  (LAI=0.5),STATIC_ALS_DOPT,2021-09-29,0.489702150429765
P1  (LAI=0.5),STATIC_ALS_DOPT,2021-09-30,0.479370881433357
P1  (LAI=0.5),DYN_S2_ATBD_NM,2021-06-01,4.36314727034013
P1  (LAI=0.5),DYN_S2_ATBD_NM,2021-06-02,4.43386463869208
P1  (LAI=0.5),DYN_S2_ATBD_NM,2021-06-03,4.50577016264423
P1  (LAI=0.5),DYN_S2_ATBD_NM,2021-06-04,4.57887413071047
P1  (LAI=0.5),DYN_S2_ATBD_NM,2021-06-05,4.6531868314047
P1  (LAI=0.5),DYN_S2_ATBD_NM,2021-06-06,4.7287185532408
P1  (LAI=0.5),DYN_S2_ATBD_NM,2021-06-07,4.80547958473268
P1  (LAI=0.5),DYN_S2_ATBD_NM,2021-06-08,4.88348021439423
P1  (LAI=0.5),DYN_S2_ATBD_NM,2021-06-09,4.96273073073934
P1  (LAI=0.5),DYN_S2_ATBD_NM,2021-06-10,5.04323932859378
P1  (LAI=0.5),DYN_S2_ATBD_NM,2021-06-11,5.12483179020532
P1  (LAI=0.5),DYN_S2_ATBD_NM,2021-06-12,5.20701251669438
P1  (LAI=0.5),DYN_S2_ATBD_NM,2021-06-13,5.28925319530438
P1  (LAI=0.5),DYN_S2_ATBD_NM,2021-06-14,5.37102551327878
P1  (LAI=0.5),DYN_S2_ATBD_NM,2021-06-15,5.45180115786099
P1  (LAI=0.5),DYN_S2_ATBD_NM,2021-06-16,5.53105181629447
P1  (LAI=0.5),DYN_S2_ATBD_NM,2021-06-17,5.60824917582263
P1  (LAI=0.5),DYN_S2_ATBD_NM,2021-06-18,5.68286492368894
P1  (LAI=0.5),DYN_S2_ATBD_NM,2021-06-19,5.7543707471368
P1  (LAI=0.5),DYN_S2_ATBD_NM,2021-06-20,5.82223833340968
P1  (LAI=0.5),DYN_S2_ATBD_NM,2021-06-21,5.88593936975099
P1  (LAI=0.5),DYN_S2_ATBD_NM,2021-06-22,5.94494554340419
P1  (LAI=0.5),DYN_S2_ATBD_NM,2021-06-23,5.99872854161269
P1  (LAI=0.5),DYN_S2_ATBD_NM,2021-06-24,6.04676005161995
P1  (LAI=0.5),DYN_S2_ATBD_NM,2021-06-25,6.08851176066939
P1  (LAI=0.5),DYN_S2_ATBD_NM,2021-06-26,6.12345535600446
P1  (LAI=0.5),DYN_S2_ATBD_NM,2021-06-27,6.15106252486859
P1  (LAI=0.5),DYN_S2_ATBD_NM,2021-06-28,6.17080495450521
P1  (LAI=0.5),DYN_S2_ATBD_NM,2021-06-29,6.18215433215776
P1  (LAI=0.5),DYN_S2_ATBD_NM,2021-06-30,6.18458234506969
P1  (LAI=0.5),DYN_S2_ATBD_NM,2021-07-01,6.17756068048442
P1  (LAI=0.5),DYN_S2_ATBD_NM,2021-07-02,6.16067832813166
P1  (LAI=0.5),DYN_S2_ATBD_NM,2021-07-03,6.13424818614021
P1  (LAI=0.5),DYN_S2_ATBD_NM,2021-07-04,6.09885903070842
P1  (LAI=0.5),DYN_S2_ATBD_NM,2021-07-05,6.05510018110171
P1  (LAI=0.5),DYN_S2_ATBD_NM,2021-07-06,6.0035609565855
P1  (LAI=0.5),DYN_S2_ATBD_NM,2021-07-07,5.94483067642522
P1  (LAI=0.5),DYN_S2_ATBD_NM,2021-07-08,5.87949865988628
P1  (LAI=0.5),DYN_S2_ATBD_NM,2021-07-09,5.80815422623412
P1  (LAI=0.5),DYN_S2_ATBD_NM,2021-07-10,5.73138669473415
P1  (LAI=0.5),DYN_S2_ATBD_NM,2021-07-11,5.64978538465179
P1  (LAI=0.5),DYN_S2_ATBD_NM,2021-07-12,5.56393961525246
P1  (LAI=0.5),DYN_S2_ATBD_NM,2021-07-13,5.4744387058016
P1  (LAI=0.5),DYN_S2_ATBD_NM,2021-07-14,5.38187197556461
P1  (LAI=0.5),DYN_S2_ATBD_NM,2021-07-15,5.28682874380693
P1  (LAI=0.5),DYN_S2_ATBD_NM,2021-07-16,5.18989832979397
P1  (LAI=0.5),DYN_S2_ATBD_NM,2021-07-17,5.09167005279115
P1  (LAI=0.5),DYN_S2_ATBD_NM,2021-07-18,4.99273323206391
P1  (LAI=0.5),DYN_S2_ATBD_NM,2021-07-19,4.89367718687765
P1  (LAI=0.5),DYN_S2_ATBD_NM,2021-07-20,4.79509123649781
P1  (LAI=0.5),DYN_S2_ATBD_NM,2021-07-21,4.6975647001898
P1  (LAI=0.5),DYN_S2_ATBD_NM,2021-07-22,4.60168689721905
P1  (LAI=0.5),DYN_S2_ATBD_NM,2021-07-23,4.50804714685097
P1  (LAI=0.5),DYN_S2_ATBD_NM,2021-07-24,4.417234768351
P1  (LAI=0.5),DYN_S2_ATBD_NM,2021-07-25,4.32983908098454
P1  (LAI=0.5),DYN_S2_ATBD_NM,2021-07-26,4.24644940401704
P1  (LAI=0.5),DYN_S2_ATBD_NM,2021-07-27,4.16765505671389
P1  (LAI=0.5),DYN_S2_ATBD_NM,2021-07-28,4.09404535834054
P1  (LAI=0.5),DYN_S2_ATBD_NM,2021-07-29,4.0262096281624
P1  (LAI=0.5),DYN_S2_ATBD_NM,2021-07-30,3.96473718544489
P1  (LAI=0.5),DYN_S2_ATBD_NM,2021-07-31,3.91020487339369
P1  (LAI=0.5),DYN_S2_ATBD_NM,2021-08-01,3.86277736316677
P1  (LAI=0.5),DYN_S2_ATBD_NM,2021-08-02,3.82212259391387
P1  (LAI=0.5),DYN_S2_ATBD_NM,2021-08-03,3.78787893190241
P1  (LAI=0.5),DYN_S2_ATBD_NM,2021-08-04,3.7596847433998
P1  (LAI=0.5),DYN_S2_ATBD_NM,2021-08-05,3.73717839467347
P1  (LAI=0.5),DYN_S2_ATBD_NM,2021-08-06,3.71999825199081
P1  (LAI=0.5),DYN_S2_ATBD_NM,2021-08-07,3.70778268161925
P1  (LAI=0.5),DYN_S2_ATBD_NM,2021-08-08,3.70017004982619
P1  (LAI=0.5),DYN_S2_ATBD_NM,2021-08-09,3.69679872287905
P1  (LAI=0.5),DYN_S2_ATBD_NM,2021-08-10,3.69730706704524
P1  (LAI=0.5),DYN_S2_ATBD_NM,2021-08-11,3.70133344859218
P1  (LAI=0.5),DYN_S2_ATBD_NM,2021-08-12,3.70851623378727
P1  (LAI=0.5),DYN_S2_ATBD_NM,2021-08-13,3.71849378889793
P1  (LAI=0.5),DYN_S2_ATBD_NM,2021-08-14,3.73090448019158
P1  (LAI=0.5),DYN_S2_ATBD_NM,2021-08-15,3.74538667393562
P1  (LAI=0.5),DYN_S2_ATBD_NM,2021-08-16,3.76157873639748
P1  (LAI=0.5),DYN_S2_ATBD_NM,2021-08-17,3.77911903384455
P1  (LAI=0.5),DYN_S2_ATBD_NM,2021-08-18,3.79764593254426
P1  (LAI=0.5),DYN_S2_ATBD_NM,2021-08-19,3.81679779876401
P1  (LAI=0.5),DYN_S2_ATBD_NM,2021-08-20,3.83621299877123
P1  (LAI=0.5),DYN_S2_ATBD_NM,2021-08-21,3.85552989883332
P1  (LAI=0.5),DYN_S2_ATBD_NM,2021-08-22,3.8743868652177
P1  (LAI=0.5),DYN_S2_ATBD_NM,2021-08-23,3.89242226419177
P1  (LAI=0.5),DYN_S2_ATBD_NM,2021-08-24,3.90927446202296
P1  (LAI=0.5),DYN_S2_ATBD_NM,2021-08-25,3.92458182497867
P1  (LAI=0.5),DYN_S2_ATBD_NM,2021-08-26,3.93798271932632
P1  (LAI=0.5),DYN_S2_ATBD_NM,2021-08-27,3.94911551133332
P1  (LAI=0.5),DYN_S2_ATBD_NM,2021-08-28,3.95761856726708
P1  (LAI=0.5),DYN_S2_ATBD_NM,2021-08-29,3.96313025339502
P1  (LAI=0.5),DYN_S2_ATBD_NM,2021-08-30,3.96528893598455
P1  (LAI=0.5),DYN_S2_ATBD_NM,2021-08-31,3.96381699602543
P1  (LAI=0.5),DYN_S2_ATBD_NM,2021-09-01,3.95877287339677
P1  (LAI=0.5),DYN_S2_ATBD_NM,2021-09-02,3.95029902270006
P1  (LAI=0.5),DYN_S2_ATBD_NM,2021-09-03,3.93853789853677
P1  (LAI=0.5),DYN_S2_ATBD_NM,2021-09-04,3.92363195550835
P1  (LAI=0.5),DYN_S2_ATBD_NM,2021-09-05,3.90572364821629
P1  (LAI=0.5),DYN_S2_ATBD_NM,2021-09-06,3.88495543126206
P1  (LAI=0.5),DYN_S2_ATBD_NM,2021-09-07,3.86146975924712
P1  (LAI=0.5),DYN_S2_ATBD_NM,2021-09-08,3.83540908677294
P1  (LAI=0.5),DYN_S2_ATBD_NM,2021-09-09,3.806915868441
P1  (LAI=0.5),DYN_S2_ATBD_NM,2021-09-10,3.77613255885277
P1  (LAI=0.5),DYN_S2_ATBD_NM,2021-09-11,3.74320161260972
P1  (LAI=0.5),DYN_S2_ATBD_NM,2021-09-12,3.70826548431331
P1  (LAI=0.5),DYN_S2_ATBD_NM,2021-09-13,3.67146662856501
P1  (LAI=0.5),DYN_S2_ATBD_NM,2021-09-14,3.63294749996631
P1  (LAI=0.5),DYN_S2_ATBD_NM,2021-09-15,3.59285055311866
P1  (LAI=0.5),DYN_S2_ATBD_NM,2021-09-16,3.55131824262354
P1  (LAI=0.5),DYN_S2_ATBD_NM,2021-09-17,3.50849302308242
P1  (LAI=0.5),DYN_S2_ATBD_NM,2021-09-18,3.46451702539467
P1  (LAI=0.5),DYN_S2_ATBD_NM,2021-09-19,3.41950417791425
P1  (LAI=0.5),DYN_S2_ATBD_NM,2021-09-20,3.37351872072287
P1  (LAI=0.5),DYN_S2_ATBD_NM,2021-09-21,3.32661983605692
P1  (LAI=0.5),DYN_S2_ATBD_NM,2021-09-22,3.27886670615282
P1  (LAI=0.5),DYN_S2_ATBD_NM,2021-09-23,3.23031851324695
P1  (LAI=0.5),DYN_S2_ATBD_NM,2021-09-24,3.18103443957573
P1  (LAI=0.5),DYN_S2_ATBD_NM,2021-09-25,3.13107366737555
P1  (LAI=0.5),DYN_S2_ATBD_NM,2021-09-26,3.08049537888281
P1  (LAI=0.5),DYN_S2_ATBD_NM,2021-09-27,3.02935875633392
P1  (LAI=0.5),DYN_S2_ATBD_NM,2021-09-28,2.97772298196528
P1  (LAI=0.5),DYN_S2_ATBD_NM,2021-09-29,2.92564723801329
P1  (LAI=0.5),DYN_S2_ATBD_NM,2021-09-30,2.87319070671435
P1  (LAI=0.5),DYN_S2_OPT_NM,2021-06-01,3.90984026691375
P1  (LAI=0.5),DYN_S2_OPT_NM,2021-06-02,3.97321048965003
P1  (LAI=0.5),DYN_S2_OPT_NM,2021-06-03,4.03764542515467
P1  (LAI=0.5),DYN_S2_OPT_NM,2021-06-04,4.10315429302158
P1  (LAI=0.5),DYN_S2_OPT_NM,2021-06-05,4.16974631284464
P1  (LAI=0.5),DYN_S2_OPT_NM,2021-06-06,4.23743070421773
P1  (LAI=0.5),DYN_S2_OPT_NM,2021-06-07,4.30621668673474
P1  (LAI=0.5),DYN_S2_OPT_NM,2021-06-08,4.37611347998957
P1  (LAI=0.5),DYN_S2_OPT_NM,2021-06-09,4.44713030357611
P1  (LAI=0.5),DYN_S2_OPT_NM,2021-06-10,4.51927450092279
P1  (LAI=0.5),DYN_S2_OPT_NM,2021-06-11,4.59238995454362
P1  (LAI=0.5),DYN_S2_OPT_NM,2021-06-12,4.66603255555674
P1  (LAI=0.5),DYN_S2_OPT_NM,2021-06-13,4.73972887999519
P1  (LAI=0.5),DYN_S2_OPT_NM,2021-06-14,4.81300550389201
P1  (LAI=0.5),DYN_S2_OPT_NM,2021-06-15,4.88538900328025
P1  (LAI=0.5),DYN_S2_OPT_NM,2021-06-16,4.95640595419295
P1  (LAI=0.5),DYN_S2_OPT_NM,2021-06-17,5.02558293266316
P1  (LAI=0.5),DYN_S2_OPT_NM,2021-06-18,5.09244651472391
P1  (LAI=0.5),DYN_S2_OPT_NM,2021-06-19,5.15652327640826
P1  (LAI=0.5),DYN_S2_OPT_NM,2021-06-20,5.21733979374925
P1  (LAI=0.5),DYN_S2_OPT_NM,2021-06-21,5.27442264277992
P1  (LAI=0.5),DYN_S2_OPT_NM,2021-06-22,5.32729839953332
P1  (LAI=0.5),DYN_S2_OPT_NM,2021-06-23,5.37549364004249
P1  (LAI=0.5),DYN_S2_OPT_NM,2021-06-24,5.41853494034047
P1  (LAI=0.5),DYN_S2_OPT_NM,2021-06-25,5.45594887646032
P1  (LAI=0.5),DYN_S2_OPT_NM,2021-06-26,5.48726202443507
P1  (LAI=0.5),DYN_S2_OPT_NM,2021-06-27,5.51200096029777
P1  (LAI=0.5),DYN_S2_OPT_NM,2021-06-28,5.52969226008146
P1  (LAI=0.5),DYN_S2_OPT_NM,2021-06-29,5.53986249981918
P1  (LAI=0.5),DYN_S2_OPT_NM,2021-06-30,5.54203825554399
P1  (LAI=0.5),DYN_S2_OPT_NM,2021-07-01,5.53574610328893
P1  (LAI=0.5),DYN_S2_OPT_NM,2021-07-02,5.52061773449016
P1  (LAI=0.5),DYN_S2_OPT_NM,2021-07-03,5.49693353888189
P1  (LAI=0.5),DYN_S2_OPT_NM,2021-07-04,5.46522112205382
P1  (LAI=0.5),DYN_S2_OPT_NM,2021-07-05,5.42600857624104
P1  (LAI=0.5),DYN_S2_OPT_NM,2021-07-06,5.37982399367863
P1  (LAI=0.5),DYN_S2_OPT_NM,2021-07-07,5.32719546660168
P1  (LAI=0.5),DYN_S2_OPT_NM,2021-07-08,5.26865108724529
P1  (LAI=0.5),DYN_S2_OPT_NM,2021-07-09,5.20471894784454
P1  (LAI=0.5),DYN_S2_OPT_NM,2021-07-10,5.13592714063452
P1  (LAI=0.5),DYN_S2_OPT_NM,2021-07-11,5.06280375785031
P1  (LAI=0.5),DYN_S2_OPT_NM,2021-07-12,4.98587689172702
P1  (LAI=0.5),DYN_S2_OPT_NM,2021-07-13,4.90567463449972
P1  (LAI=0.5),DYN_S2_OPT_NM,2021-07-14,4.82272507840351
P1  (LAI=0.5),DYN_S2_OPT_NM,2021-07-15,4.73755631567348
P1  (LAI=0.5),DYN_S2_OPT_NM,2021-07-16,4.6506964385447
P1  (LAI=0.5),DYN_S2_OPT_NM,2021-07-17,4.56267353925228
P1  (LAI=0.5),DYN_S2_OPT_NM,2021-07-18,4.47401571003129
P1  (LAI=0.5),DYN_S2_OPT_NM,2021-07-19,4.38525104311684
P1  (LAI=0.5),DYN_S2_OPT_NM,2021-07-20,4.296907630744
P1  (LAI=0.5),DYN_S2_OPT_NM,2021-07-21,4.20951356514787
P1  (LAI=0.5),DYN_S2_OPT_NM,2021-07-22,4.12359693856354
P1  (LAI=0.5),DYN_S2_OPT_NM,2021-07-23,4.03968584322609
P1  (LAI=0.5),DYN_S2_OPT_NM,2021-07-24,3.95830837137061
P1  (LAI=0.5),DYN_S2_OPT_NM,2021-07-25,3.87999261523219
P1  (LAI=0.5),DYN_S2_OPT_NM,2021-07-26,3.80526666704592
P1  (LAI=0.5),DYN_S2_OPT_NM,2021-07-27,3.73465861904689
P1  (LAI=0.5),DYN_S2_OPT_NM,2021-07-28,3.66869656347019
P1  (LAI=0.5),DYN_S2_OPT_NM,2021-07-29,3.60790859255091
P1  (LAI=0.5),DYN_S2_OPT_NM,2021-07-30,3.55282279852413
P1  (LAI=0.5),DYN_S2_OPT_NM,2021-07-31,3.50395609375918
P1  (LAI=0.5),DYN_S2_OPT_NM,2021-08-01,3.46145604098644
P1  (LAI=0.5),DYN_S2_OPT_NM,2021-08-02,3.42502507865161
P1  (LAI=0.5),DYN_S2_OPT_NM,2021-08-03,3.39433914477789
P1  (LAI=0.5),DYN_S2_OPT_NM,2021-08-04,3.36907417738845
P1  (LAI=0.5),DYN_S2_OPT_NM,2021-08-05,3.3489061145065
P1  (LAI=0.5),DYN_S2_OPT_NM,2021-08-06,3.33351089415522
P1  (LAI=0.5),DYN_S2_OPT_NM,2021-08-07,3.3225644543578
P1  (LAI=0.5),DYN_S2_OPT_NM,2021-08-08,3.31574273313743
P1  (LAI=0.5),DYN_S2_OPT_NM,2021-08-09,3.31272166851729
P1  (LAI=0.5),DYN_S2_OPT_NM,2021-08-10,3.31317719852059
P1  (LAI=0.5),DYN_S2_OPT_NM,2021-08-11,3.3167852611705
P1  (LAI=0.5),DYN_S2_OPT_NM,2021-08-12,3.32322179449021
P1  (LAI=0.5),DYN_S2_OPT_NM,2021-08-13,3.33216273650292
P1  (LAI=0.5),DYN_S2_OPT_NM,2021-08-14,3.34328402523182
P1  (LAI=0.5),DYN_S2_OPT_NM,2021-08-15,3.35626159870008
P1  (LAI=0.5),DYN_S2_OPT_NM,2021-08-16,3.37077139493091
P1  (LAI=0.5),DYN_S2_OPT_NM,2021-08-17,3.38648935194749
P1  (LAI=0.5),DYN_S2_OPT_NM,2021-08-18,3.40309140777301
P1  (LAI=0.5),DYN_S2_OPT_NM,2021-08-19,3.42025350043066
P1  (LAI=0.5),DYN_S2_OPT_NM,2021-08-20,3.43765156794363
P1  (LAI=0.5),DYN_S2_OPT_NM,2021-08-21,3.4549615483351
P1  (LAI=0.5),DYN_S2_OPT_NM,2021-08-22,3.47185937962828
P1  (LAI=0.5),DYN_S2_OPT_NM,2021-08-23,3.48802099984633
P1  (LAI=0.5),DYN_S2_OPT_NM,2021-08-24,3.50312234701247
P1  (LAI=0.5),DYN_S2_OPT_NM,2021-08-25,3.51683935914986
P1  (LAI=0.5),DYN_S2_OPT_NM,2021-08-26,3.52884797428171
P1  (LAI=0.5),DYN_S2_OPT_NM,2021-08-27,3.53882413043121
P1  (LAI=0.5),DYN_S2_OPT_NM,2021-08-28,3.54644376562153
P1  (LAI=0.5),DYN_S2_OPT_NM,2021-08-29,3.55138281787587
P1  (LAI=0.5),DYN_S2_OPT_NM,2021-08-30,3.55331722521743
P1  (LAI=0.5),DYN_S2_OPT_NM,2021-08-31,3.55199821172417
P1  (LAI=0.5),DYN_S2_OPT_NM,2021-09-01,3.5474781456932
P1  (LAI=0.5),DYN_S2_OPT_NM,2021-09-02,3.53988468147643
P1  (LAI=0.5),DYN_S2_OPT_NM,2021-09-03,3.52934547342576
P1  (LAI=0.5),DYN_S2_OPT_NM,2021-09-04,3.51598817589309
P1  (LAI=0.5),DYN_S2_OPT_NM,2021-09-05,3.49994044323031
P1  (LAI=0.5),DYN_S2_OPT_NM,2021-09-06,3.48132992978932
P1  (LAI=0.5),DYN_S2_OPT_NM,2021-09-07,3.46028428992203
P1  (LAI=0.5),DYN_S2_OPT_NM,2021-09-08,3.43693117798033
P1  (LAI=0.5),DYN_S2_OPT_NM,2021-09-09,3.41139824831612
P1  (LAI=0.5),DYN_S2_OPT_NM,2021-09-10,3.3838131552813
P1  (LAI=0.5),DYN_S2_OPT_NM,2021-09-11,3.35430355322777
P1  (LAI=0.5),DYN_S2_OPT_NM,2021-09-12,3.32299709650743
P1  (LAI=0.5),DYN_S2_OPT_NM,2021-09-13,3.29002143947218
P1  (LAI=0.5),DYN_S2_OPT_NM,2021-09-14,3.25550423647392
P1  (LAI=0.5),DYN_S2_OPT_NM,2021-09-15,3.21957314186455
P1  (LAI=0.5),DYN_S2_OPT_NM,2021-09-16,3.18235580999596
P1  (LAI=0.5),DYN_S2_OPT_NM,2021-09-17,3.14397989522005
P1  (LAI=0.5),DYN_S2_OPT_NM,2021-09-18,3.1045727618175
P1  (LAI=0.5),DYN_S2_OPT_NM,2021-09-19,3.06423650161291
P1  (LAI=0.5),DYN_S2_OPT_NM,2021-09-20,3.02302868049683
P1  (LAI=0.5),DYN_S2_OPT_NM,2021-09-21,2.9810023319968
P1  (LAI=0.5),DYN_S2_OPT_NM,2021-09-22,2.93821048964038
P1  (LAI=0.5),DYN_S2_OPT_NM,2021-09-23,2.89470618695511
P1  (LAI=0.5),DYN_S2_OPT_NM,2021-09-24,2.85054245746856
P1  (LAI=0.5),DYN_S2_OPT_NM,2021-09-25,2.80577233470827
P1  (LAI=0.5),DYN_S2_OPT_NM,2021-09-26,2.76044885220178
P1  (LAI=0.5),DYN_S2_OPT_NM,2021-09-27,2.71462504347666
P1  (LAI=0.5),DYN_S2_OPT_NM,2021-09-28,2.66835394206044
P1  (LAI=0.5),DYN_S2_OPT_NM,2021-09-29,2.62168858148069
P1  (LAI=0.5),DYN_S2_OPT_NM,2021-09-30,2.57468199526495
P1  (LAI=0.5),DYN_ATBD_rfull_NM,2021-06-01,3.32164120860874
P1  (LAI=0.5),DYN_ATBD_rfull_NM,2021-06-02,3.37547797146087
P1  (LAI=0.5),DYN_ATBD_rfull_NM,2021-06-03,3.43021927096035
P1  (LAI=0.5),DYN_ATBD_rfull_NM,2021-06-04,3.48587293969905
P1  (LAI=0.5),DYN_ATBD_rfull_NM,2021-06-05,3.54244681026879
P1  (LAI=0.5),DYN_ATBD_rfull_NM,2021-06-06,3.59994871526143
P1  (LAI=0.5),DYN_ATBD_rfull_NM,2021-06-07,3.6583864872688
P1  (LAI=0.5),DYN_ATBD_rfull_NM,2021-06-08,3.71776795888276
P1  (LAI=0.5),DYN_ATBD_rfull_NM,2021-06-09,3.77810096269515
P1  (LAI=0.5),DYN_ATBD_rfull_NM,2021-06-10,3.83939173738398
P1  (LAI=0.5),DYN_ATBD_rfull_NM,2021-06-11,3.90150765188521
P1  (LAI=0.5),DYN_ATBD_rfull_NM,2021-06-12,3.96407140936254
P1  (LAI=0.5),DYN_ATBD_rfull_NM,2021-06-13,4.02668080807616
P1  (LAI=0.5),DYN_ATBD_rfull_NM,2021-06-14,4.08893364628623
P1  (LAI=0.5),DYN_ATBD_rfull_NM,2021-06-15,4.15042772225294
P1  (LAI=0.5),DYN_ATBD_rfull_NM,2021-06-16,4.21076083423645
P1  (LAI=0.5),DYN_ATBD_rfull_NM,2021-06-17,4.26953078049696
P1  (LAI=0.5),DYN_ATBD_rfull_NM,2021-06-18,4.32633535929462
P1  (LAI=0.5),DYN_ATBD_rfull_NM,2021-06-19,4.38077236888963
P1  (LAI=0.5),DYN_ATBD_rfull_NM,2021-06-20,4.43243960754216
P1  (LAI=0.5),DYN_ATBD_rfull_NM,2021-06-21,4.48093487351238
P1  (LAI=0.5),DYN_ATBD_rfull_NM,2021-06-22,4.52585596506048
P1  (LAI=0.5),DYN_ATBD_rfull_NM,2021-06-23,4.56680068044662
P1  (LAI=0.5),DYN_ATBD_rfull_NM,2021-06-24,4.60336681793099
P1  (LAI=0.5),DYN_ATBD_rfull_NM,2021-06-25,4.63515217577376
P1  (LAI=0.5),DYN_ATBD_rfull_NM,2021-06-26,4.66175455223512
P1  (LAI=0.5),DYN_ATBD_rfull_NM,2021-06-27,4.68277174557522
P1  (LAI=0.5),DYN_ATBD_rfull_NM,2021-06-28,4.69780155405426
P1  (LAI=0.5),DYN_ATBD_rfull_NM,2021-06-29,4.70644177593242
P1  (LAI=0.5),DYN_ATBD_rfull_NM,2021-06-30,4.70829020946986
P1  (LAI=0.5),DYN_ATBD_rfull_NM,2021-07-01,4.70294465292676
P1  (LAI=0.5),DYN_ATBD_rfull_NM,2021-07-02,4.6900922063329
P1  (LAI=0.5),DYN_ATBD_rfull_NM,2021-07-03,4.66997107739807
P1  (LAI=0.5),DYN_ATBD_rfull_NM,2021-07-04,4.64302949836424
P1  (LAI=0.5),DYN_ATBD_rfull_NM,2021-07-05,4.60971611490752
P1  (LAI=0.5),DYN_ATBD_rfull_NM,2021-07-06,4.57047957270403
P1  (LAI=0.5),DYN_ATBD_rfull_NM,2021-07-07,4.52576851742986
P1  (LAI=0.5),DYN_ATBD_rfull_NM,2021-07-08,4.47603159476111
P1  (LAI=0.5),DYN_ATBD_rfull_NM,2021-07-09,4.42171745037391
P1  (LAI=0.5),DYN_ATBD_rfull_NM,2021-07-10,4.36327472994435
P1  (LAI=0.5),DYN_ATBD_rfull_NM,2021-07-11,4.30115207914854
P1  (LAI=0.5),DYN_ATBD_rfull_NM,2021-07-12,4.23579814366259
P1  (LAI=0.5),DYN_ATBD_rfull_NM,2021-07-13,4.1676615691626
P1  (LAI=0.5),DYN_ATBD_rfull_NM,2021-07-14,4.09719100132468
P1  (LAI=0.5),DYN_ATBD_rfull_NM,2021-07-15,4.02483508582494
P1  (LAI=0.5),DYN_ATBD_rfull_NM,2021-07-16,3.95104246833947
P1  (LAI=0.5),DYN_ATBD_rfull_NM,2021-07-17,3.8762617945444
P1  (LAI=0.5),DYN_ATBD_rfull_NM,2021-07-18,3.80094171011582
P1  (LAI=0.5),DYN_ATBD_rfull_NM,2021-07-19,3.72553086072984
P1  (LAI=0.5),DYN_ATBD_rfull_NM,2021-07-20,3.65047789206256
P1  (LAI=0.5),DYN_ATBD_rfull_NM,2021-07-21,3.5762314497901
P1  (LAI=0.5),DYN_ATBD_rfull_NM,2021-07-22,3.50324017958855
P1  (LAI=0.5),DYN_ATBD_rfull_NM,2021-07-23,3.43195272713404
P1  (LAI=0.5),DYN_ATBD_rfull_NM,2021-07-24,3.36281773810265
P1  (LAI=0.5),DYN_ATBD_rfull_NM,2021-07-25,3.2962838581705
P1  (LAI=0.5),DYN_ATBD_rfull_NM,2021-07-26,3.2327997330137
P1  (LAI=0.5),DYN_ATBD_rfull_NM,2021-07-27,3.17281400830834
P1  (LAI=0.5),DYN_ATBD_rfull_NM,2021-07-28,3.11677532973054
P1  (LAI=0.5),DYN_ATBD_rfull_NM,2021-07-29,3.06513234295641
P1  (LAI=0.5),DYN_ATBD_rfull_NM,2021-07-30,3.01833369366204
P1  (LAI=0.5),DYN_ATBD_rfull_NM,2021-07-31,2.97681852956449
P1  (LAI=0.5),DYN_ATBD_rfull_NM,2021-08-01,2.94071221395548
P1  (LAI=0.5),DYN_ATBD_rfull_NM,2021-08-02,2.90976195064558
P1  (LAI=0.5),DYN_ATBD_rfull_NM,2021-08-03,2.8836924297646
P1  (LAI=0.5),DYN_ATBD_rfull_NM,2021-08-04,2.86222834144235
P1  (LAI=0.5),DYN_ATBD_rfull_NM,2021-08-05,2.84509437580867
P1  (LAI=0.5),DYN_ATBD_rfull_NM,2021-08-06,2.83201522299335
P1  (LAI=0.5),DYN_ATBD_rfull_NM,2021-08-07,2.82271557312623
P1  (LAI=0.5),DYN_ATBD_rfull_NM,2021-08-08,2.81692011633712
P1  (LAI=0.5),DYN_ATBD_rfull_NM,2021-08-09,2.81435354275584
P1  (LAI=0.5),DYN_ATBD_rfull_NM,2021-08-10,2.8147405425122
P1  (LAI=0.5),DYN_ATBD_rfull_NM,2021-08-11,2.81780580573602
P1  (LAI=0.5),DYN_ATBD_rfull_NM,2021-08-12,2.82327402255712
P1  (LAI=0.5),DYN_ATBD_rfull_NM,2021-08-13,2.83086988310531
P1  (LAI=0.5),DYN_ATBD_rfull_NM,2021-08-14,2.84031807751042
P1  (LAI=0.5),DYN_ATBD_rfull_NM,2021-08-15,2.85134329590226
P1  (LAI=0.5),DYN_ATBD_rfull_NM,2021-08-16,2.86367022841066
P1  (LAI=0.5),DYN_ATBD_rfull_NM,2021-08-17,2.87702356516541
P1  (LAI=0.5),DYN_ATBD_rfull_NM,2021-08-18,2.89112799629636
P1  (LAI=0.5),DYN_ATBD_rfull_NM,2021-08-19,2.9057082119333
P1  (LAI=0.5),DYN_ATBD_rfull_NM,2021-08-20,2.92048890220606
P1  (LAI=0.5),DYN_ATBD_rfull_NM,2021-08-21,2.93519475724446
P1  (LAI=0.5),DYN_ATBD_rfull_NM,2021-08-22,2.94955046717832
P1  (LAI=0.5),DYN_ATBD_rfull_NM,2021-08-23,2.96328072213744
P1  (LAI=0.5),DYN_ATBD_rfull_NM,2021-08-24,2.97611021225166
P1  (LAI=0.5),DYN_ATBD_rfull_NM,2021-08-25,2.98776362765078
P1  (LAI=0.5),DYN_ATBD_rfull_NM,2021-08-26,2.99796565846463
P1  (LAI=0.5),DYN_ATBD_rfull_NM,2021-08-27,3.00644099482302
P1  (LAI=0.5),DYN_ATBD_rfull_NM,2021-08-28,3.01291432685577
P1  (LAI=0.5),DYN_ATBD_rfull_NM,2021-08-29,3.0171103446927
P1  (LAI=0.5),DYN_ATBD_rfull_NM,2021-08-30,3.01875373846362
P1  (LAI=0.5),DYN_ATBD_rfull_NM,2021-08-31,3.01763315826728
P1  (LAI=0.5),DYN_ATBD_rfull_NM,2021-09-01,3.01379309407818
P1  (LAI=0.5),DYN_ATBD_rfull_NM,2021-09-02,3.00734199583973
P1  (LAI=0.5),DYN_ATBD_rfull_NM,2021-09-03,2.99838831349535
P1  (LAI=0.5),DYN_ATBD_rfull_NM,2021-09-04,2.98704049698846
P1  (LAI=0.5),DYN_ATBD_rfull_NM,2021-09-05,2.97340699626248
P1  (LAI=0.5),DYN_ATBD_rfull_NM,2021-09-06,2.95759626126084
P1  (LAI=0.5),DYN_ATBD_rfull_NM,2021-09-07,2.93971674192694
P1  (LAI=0.5),DYN_ATBD_rfull_NM,2021-09-08,2.91987688820421
P1  (LAI=0.5),DYN_ATBD_rfull_NM,2021-09-09,2.89818515003607
P1  (LAI=0.5),DYN_ATBD_rfull_NM,2021-09-10,2.87474997736594
P1  (LAI=0.5),DYN_ATBD_rfull_NM,2021-09-11,2.84967982013723
P1  (LAI=0.5),DYN_ATBD_rfull_NM,2021-09-12,2.82308312829338
P1  (LAI=0.5),DYN_ATBD_rfull_NM,2021-09-13,2.79506835177779
P1  (LAI=0.5),DYN_ATBD_rfull_NM,2021-09-14,2.76574394053389
P1  (LAI=0.5),DYN_ATBD_rfull_NM,2021-09-15,2.73521834450509
P1  (LAI=0.5),DYN_ATBD_rfull_NM,2021-09-16,2.70360001363483
P1  (LAI=0.5),DYN_ATBD_rfull_NM,2021-09-17,2.6709973978665
P1  (LAI=0.5),DYN_ATBD_rfull_NM,2021-09-18,2.63751870071083
P1  (LAI=0.5),DYN_ATBD_rfull_NM,2021-09-19,2.60325065522812
P1  (LAI=0.5),DYN_ATBD_rfull_NM,2021-09-20,2.56824216705676
P1  (LAI=0.5),DYN_ATBD_rfull_NM,2021-09-21,2.53253829132395
P1  (LAI=0.5),DYN_ATBD_rfull_NM,2021-09-22,2.49618408315688
P1  (LAI=0.5),DYN_ATBD_rfull_NM,2021-09-23,2.45922459768275
P1  (LAI=0.5),DYN_ATBD_rfull_NM,2021-09-24,2.42170489002876
P1  (LAI=0.5),DYN_ATBD_rfull_NM,2021-09-25,2.38367001532212
P1  (LAI=0.5),DYN_ATBD_rfull_NM,2021-09-26,2.34516502869001
P1  (LAI=0.5),DYN_ATBD_rfull_NM,2021-09-27,2.30623498525963
P1  (LAI=0.5),DYN_ATBD_rfull_NM,2021-09-28,2.26692494015819
P1  (LAI=0.5),DYN_ATBD_rfull_NM,2021-09-29,2.22727994851288
P1  (LAI=0.5),DYN_ATBD_rfull_NM,2021-09-30,2.1873450654509
P1  (LAI=0.5),DYN_OPT_rdopt_NM,2021-06-01,1.31541082332261
P1  (LAI=0.5),DYN_OPT_rdopt_NM,2021-06-02,1.33673084439075
P1  (LAI=0.5),DYN_OPT_rdopt_NM,2021-06-03,1.35840907311026
P1  (LAI=0.5),DYN_OPT_rdopt_NM,2021-06-04,1.38044861128396
P1  (LAI=0.5),DYN_OPT_rdopt_NM,2021-06-05,1.40285256071469
P1  (LAI=0.5),DYN_OPT_rdopt_NM,2021-06-06,1.42562402320526
P1  (LAI=0.5),DYN_OPT_rdopt_NM,2021-06-07,1.44876610055851
P1  (LAI=0.5),DYN_OPT_rdopt_NM,2021-06-08,1.47228189457726
P1  (LAI=0.5),DYN_OPT_rdopt_NM,2021-06-09,1.49617450706433
P1  (LAI=0.5),DYN_OPT_rdopt_NM,2021-06-10,1.52044640861305
P1  (LAI=0.5),DYN_OPT_rdopt_NM,2021-06-11,1.54504507568875
P1  (LAI=0.5),DYN_OPT_rdopt_NM,2021-06-12,1.569821094098
P1  (LAI=0.5),DYN_OPT_rdopt_NM,2021-06-13,1.59461518699888
P1  (LAI=0.5),DYN_OPT_rdopt_NM,2021-06-14,1.61926807754944
P1  (LAI=0.5),DYN_OPT_rdopt_NM,2021-06-15,1.64362048890777
P1  (LAI=0.5),DYN_OPT_rdopt_NM,2021-06-16,1.66751314423194
P1  (LAI=0.5),DYN_OPT_rdopt_NM,2021-06-17,1.69078676668003
P1  (LAI=0.5),DYN_OPT_rdopt_NM,2021-06-18,1.7132820794101
P1  (LAI=0.5),DYN_OPT_rdopt_NM,2021-06-19,1.73483980558022
P1  (LAI=0.5),DYN_OPT_rdopt_NM,2021-06-20,1.75530066834848
P1  (LAI=0.5),DYN_OPT_rdopt_NM,2021-06-21,1.77450539087293
P1  (LAI=0.5),DYN_OPT_rdopt_NM,2021-06-22,1.79229469631167
P1  (LAI=0.5),DYN_OPT_rdopt_NM,2021-06-23,1.80850930782275
P1  (LAI=0.5),DYN_OPT_rdopt_NM,2021-06-24,1.82298994856426
P1  (LAI=0.5),DYN_OPT_rdopt_NM,2021-06-25,1.83557734169426
P1  (LAI=0.5),DYN_OPT_rdopt_NM,2021-06-26,1.84611221037082
P1  (LAI=0.5),DYN_OPT_rdopt_NM,2021-06-27,1.85443527775203
P1  (LAI=0.5),DYN_OPT_rdopt_NM,2021-06-28,1.86038726699595
P1  (LAI=0.5),DYN_OPT_rdopt_NM,2021-06-29,1.86380890126065
P1  (LAI=0.5),DYN_OPT_rdopt_NM,2021-06-30,1.86454090370422
P1  (LAI=0.5),DYN_OPT_rdopt_NM,2021-07-01,1.86242399748471
P1  (LAI=0.5),DYN_OPT_rdopt_NM,2021-07-02,1.85733427036069
P1  (LAI=0.5),DYN_OPT_rdopt_NM,2021-07-03,1.84936605551865
P1  (LAI=0.5),DYN_OPT_rdopt_NM,2021-07-04,1.83869685844624
P1  (LAI=0.5),DYN_OPT_rdopt_NM,2021-07-05,1.82550434835608
P1  (LAI=0.5),DYN_OPT_rdopt_NM,2021-07-06,1.80996619446081
P1  (LAI=0.5),DYN_OPT_rdopt_NM,2021-07-07,1.79226006597306
P1  (LAI=0.5),DYN_OPT_rdopt_NM,2021-07-08,1.77256363210547
P1  (LAI=0.5),DYN_OPT_rdopt_NM,2021-07-09,1.75105456207067
P1  (LAI=0.5),DYN_OPT_rdopt_NM,2021-07-10,1.7279105250813
P1  (LAI=0.5),DYN_OPT_rdopt_NM,2021-07-11,1.70330919034999
P1  (LAI=0.5),DYN_OPT_rdopt_NM,2021-07-12,1.67742822708938
P1  (LAI=0.5),DYN_OPT_rdopt_NM,2021-07-13,1.65044530451209
P1  (LAI=0.5),DYN_OPT_rdopt_NM,2021-07-14,1.62253809183077
P1  (LAI=0.5),DYN_OPT_rdopt_NM,2021-07-15,1.59388425825804
P1  (LAI=0.5),DYN_OPT_rdopt_NM,2021-07-16,1.56466147300655
P1  (LAI=0.5),DYN_OPT_rdopt_NM,2021-07-17,1.53504740528892
P1  (LAI=0.5),DYN_OPT_rdopt_NM,2021-07-18,1.5052197243178
P1  (LAI=0.5),DYN_OPT_rdopt_NM,2021-07-19,1.4753560993058
P1  (LAI=0.5),DYN_OPT_rdopt_NM,2021-07-20,1.44563419946558
P1  (LAI=0.5),DYN_OPT_rdopt_NM,2021-07-21,1.41623169400976
P1  (LAI=0.5),DYN_OPT_rdopt_NM,2021-07-22,1.38732625215098
P1  (LAI=0.5),DYN_OPT_rdopt_NM,2021-07-23,1.35909554310187
P1  (LAI=0.5),DYN_OPT_rdopt_NM,2021-07-24,1.33171723607506
P1  (LAI=0.5),DYN_OPT_rdopt_NM,2021-07-25,1.3053690002832
P1  (LAI=0.5),DYN_OPT_rdopt_NM,2021-07-26,1.28022850493891
P1  (LAI=0.5),DYN_OPT_rdopt_NM,2021-07-27,1.25647341925483
P1  (LAI=0.5),DYN_OPT_rdopt_NM,2021-07-28,1.23428141244359
P1  (LAI=0.5),DYN_OPT_rdopt_NM,2021-07-29,1.21383015371783
P1  (LAI=0.5),DYN_OPT_rdopt_NM,2021-07-30,1.19529731229018
P1  (LAI=0.5),DYN_OPT_rdopt_NM,2021-07-31,1.17885679606453
P1  (LAI=0.5),DYN_OPT_rdopt_NM,2021-08-01,1.16455825044819
P1  (LAI=0.5),DYN_OPT_rdopt_NM,2021-08-02,1.15230156503707
P1  (LAI=0.5),DYN_OPT_rdopt_NM,2021-08-03,1.14197771373224
P1  (LAI=0.5),DYN_OPT_rdopt_NM,2021-08-04,1.13347767043477
P1  (LAI=0.5),DYN_OPT_rdopt_NM,2021-08-05,1.12669240904574
P1  (LAI=0.5),DYN_OPT_rdopt_NM,2021-08-06,1.12151290346622
P1  (LAI=0.5),DYN_OPT_rdopt_NM,2021-08-07,1.11783012759729
P1  (LAI=0.5),DYN_OPT_rdopt_NM,2021-08-08,1.11553505534001
P1  (LAI=0.5),DYN_OPT_rdopt_NM,2021-08-09,1.11451866059547
P1  (LAI=0.5),DYN_OPT_rdopt_NM,2021-08-10,1.11467191726474
P1  (LAI=0.5),DYN_OPT_rdopt_NM,2021-08-11,1.1158857992489
P1  (LAI=0.5),DYN_OPT_rdopt_NM,2021-08-12,1.118051280449
P1  (LAI=0.5),DYN_OPT_rdopt_NM,2021-08-13,1.12105933476614
P1  (LAI=0.5),DYN_OPT_rdopt_NM,2021-08-14,1.12480093610139
P1  (LAI=0.5),DYN_OPT_rdopt_NM,2021-08-15,1.12916705835582
P1  (LAI=0.5),DYN_OPT_rdopt_NM,2021-08-16,1.1340486754305
P1  (LAI=0.5),DYN_OPT_rdopt_NM,2021-08-17,1.1393367612265
P1  (LAI=0.5),DYN_OPT_rdopt_NM,2021-08-18,1.14492228964492
P1  (LAI=0.5),DYN_OPT_rdopt_NM,2021-08-19,1.1506962345868
P1  (LAI=0.5),DYN_OPT_rdopt_NM,2021-08-20,1.15654956995324
P1  (LAI=0.5),DYN_OPT_rdopt_NM,2021-08-21,1.16237326964531
P1  (LAI=0.5),DYN_OPT_rdopt_NM,2021-08-22,1.16805830756407
P1  (LAI=0.5),DYN_OPT_rdopt_NM,2021-08-23,1.17349565761061
P1  (LAI=0.5),DYN_OPT_rdopt_NM,2021-08-24,1.178576293686
P1  (LAI=0.5),DYN_OPT_rdopt_NM,2021-08-25,1.18319118969131
P1  (LAI=0.5),DYN_OPT_rdopt_NM,2021-08-26,1.18723131952762
P1  (LAI=0.5),DYN_OPT_rdopt_NM,2021-08-27,1.19058765709599
P1  (LAI=0.5),DYN_OPT_rdopt_NM,2021-08-28,1.19315117629752
P1  (LAI=0.5),DYN_OPT_rdopt_NM,2021-08-29,1.19481285103326
P1  (LAI=0.5),DYN_OPT_rdopt_NM,2021-08-30,1.1954636552043
P1  (LAI=0.5),DYN_OPT_rdopt_NM,2021-08-31,1.19501989164704
P1  (LAI=0.5),DYN_OPT_rdopt_NM,2021-09-01,1.19349917893927
P1  (LAI=0.5),DYN_OPT_rdopt_NM,2021-09-02,1.19094446459409
P1  (LAI=0.5),DYN_OPT_rdopt_NM,2021-09-03,1.18739869612461
P1  (LAI=0.5),DYN_OPT_rdopt_NM,2021-09-04,1.18290482104396
P1  (LAI=0.5),DYN_OPT_rdopt_NM,2021-09-05,1.17750578686524
P1  (LAI=0.5),DYN_OPT_rdopt_NM,2021-09-06,1.17124454110156
P1  (LAI=0.5),DYN_OPT_rdopt_NM,2021-09-07,1.16416403126604
P1  (LAI=0.5),DYN_OPT_rdopt_NM,2021-09-08,1.1563072048718
P1  (LAI=0.5),DYN_OPT_rdopt_NM,2021-09-09,1.14771700943193
P1  (LAI=0.5),DYN_OPT_rdopt_NM,2021-09-10,1.13843639245957
P1  (LAI=0.5),DYN_OPT_rdopt_NM,2021-09-11,1.12850830146781
P1  (LAI=0.5),DYN_OPT_rdopt_NM,2021-09-12,1.11797568396978
P1  (LAI=0.5),DYN_OPT_rdopt_NM,2021-09-13,1.10688148747858
P1  (LAI=0.5),DYN_OPT_rdopt_NM,2021-09-14,1.09526865950733
P1  (LAI=0.5),DYN_OPT_rdopt_NM,2021-09-15,1.08318014756914
P1  (LAI=0.5),DYN_OPT_rdopt_NM,2021-09-16,1.07065889917712
P1  (LAI=0.5),DYN_OPT_rdopt_NM,2021-09-17,1.05774786184439
P1  (LAI=0.5),DYN_OPT_rdopt_NM,2021-09-18,1.04448988549367
P1  (LAI=0.5),DYN_OPT_rdopt_NM,2021-09-19,1.03091931748493
P1  (LAI=0.5),DYN_OPT_rdopt_NM,2021-09-20,1.01705552505322
P1  (LAI=0.5),DYN_OPT_rdopt_NM,2021-09-21,1.00291635058374
P1  (LAI=0.5),DYN_OPT_rdopt_NM,2021-09-22,0.988519636461717
P1  (LAI=0.5),DYN_OPT_rdopt_NM,2021-09-23,0.973883225072341
P1  (LAI=0.5),DYN_OPT_rdopt_NM,2021-09-24,0.959024958800823
P1  (LAI=0.5),DYN_OPT_rdopt_NM,2021-09-25,0.943962680032372
P1  (LAI=0.5),DYN_OPT_rdopt_NM,2021-09-26,0.928714231152192
P1  (LAI=0.5),DYN_OPT_rdopt_NM,2021-09-27,0.913297454545491
P1  (LAI=0.5),DYN_OPT_rdopt_NM,2021-09-28,0.897730192597475
P1  (LAI=0.5),DYN_OPT_rdopt_NM,2021-09-29,0.882030287693352
P1  (LAI=0.5),DYN_OPT_rdopt_NM,2021-09-30,0.866215582218328
P1  (LAI=0.5),DYN_ALS_S2TIMING_NM,2021-06-01,0.477441368836271
P1  (LAI=0.5),DYN_ALS_S2TIMING_NM,2021-06-02,0.485179681355762
P1  (LAI=0.5),DYN_ALS_S2TIMING_NM,2021-06-03,0.49304800888529
P1  (LAI=0.5),DYN_ALS_S2TIMING_NM,2021-06-04,0.501047477254871
P1  (LAI=0.5),DYN_ALS_S2TIMING_NM,2021-06-05,0.509179212294519
P1  (LAI=0.5),DYN_ALS_S2TIMING_NM,2021-06-06,0.51744433983425
P1  (LAI=0.5),DYN_ALS_S2TIMING_NM,2021-06-07,0.525843985704079
P1  (LAI=0.5),DYN_ALS_S2TIMING_NM,2021-06-08,0.53437927573402
P1  (LAI=0.5),DYN_ALS_S2TIMING_NM,2021-06-09,0.543051335754089
P1  (LAI=0.5),DYN_ALS_S2TIMING_NM,2021-06-10,0.551861062490569
P1  (LAI=0.5),DYN_ALS_S2TIMING_NM,2021-06-11,0.560789392007051
P1  (LAI=0.5),DYN_ALS_S2TIMING_NM,2021-06-12,0.569782092944197
P1  (LAI=0.5),DYN_ALS_S2TIMING_NM,2021-06-13,0.578781354196849
P1  (LAI=0.5),DYN_ALS_S2TIMING_NM,2021-06-14,0.587729364659848
P1  (LAI=0.5),DYN_ALS_S2TIMING_NM,2021-06-15,0.596568313228035
P1  (LAI=0.5),DYN_ALS_S2TIMING_NM,2021-06-16,0.605240388796254
P1  (LAI=0.5),DYN_ALS_S2TIMING_NM,2021-06-17,0.613687780259343
P1  (LAI=0.5),DYN_ALS_S2TIMING_NM,2021-06-18,0.621852676512147
P1  (LAI=0.5),DYN_ALS_S2TIMING_NM,2021-06-19,0.629677266449505
P1  (LAI=0.5),DYN_ALS_S2TIMING_NM,2021-06-20,0.63710373896626
P1  (LAI=0.5),DYN_ALS_S2TIMING_NM,2021-06-21,0.644074282957253
P1  (LAI=0.5),DYN_ALS_S2TIMING_NM,2021-06-22,0.650531087317325
P1  (LAI=0.5),DYN_ALS_S2TIMING_NM,2021-06-23,0.656416340941319
P1  (LAI=0.5),DYN_ALS_S2TIMING_NM,2021-06-24,0.661672232724075
P1  (LAI=0.5),DYN_ALS_S2TIMING_NM,2021-06-25,0.666240951560437
P1  (LAI=0.5),DYN_ALS_S2TIMING_NM,2021-06-26,0.670064686345244
P1  (LAI=0.5),DYN_ALS_S2TIMING_NM,2021-06-27,0.673085625973338
P1  (LAI=0.5),DYN_ALS_S2TIMING_NM,2021-06-28,0.675245959339562
P1  (LAI=0.5),DYN_ALS_S2TIMING_NM,2021-06-29,0.676487875338756
P1  (LAI=0.5),DYN_ALS_S2TIMING_NM,2021-06-30,0.676753562865762
P1  (LAI=0.5),DYN_ALS_S2TIMING_NM,2021-07-01,0.675985210815422
P1  (LAI=0.5),DYN_ALS_S2TIMING_NM,2021-07-02,0.674137844014107
P1  (LAI=0.5),DYN_ALS_S2TIMING_NM,2021-07-03,0.671245701624893
P1  (LAI=0.5),DYN_ALS_S2TIMING_NM,2021-07-04,0.667373211020193
P1  (LAI=0.5),DYN_ALS_S2TIMING_NM,2021-07-05,0.662584858998029
P1  (LAI=0.5),DYN_ALS_S2TIMING_NM,2021-07-06,0.656945132356426
P1  (LAI=0.5),DYN_ALS_S2TIMING_NM,2021-07-07,0.650518517893404
P1  (LAI=0.5),DYN_ALS_S2TIMING_NM,2021-07-08,0.643369502406986
P1  (LAI=0.5),DYN_ALS_S2TIMING_NM,2021-07-09,0.635562572695195
P1  (LAI=0.5),DYN_ALS_S2TIMING_NM,2021-07-10,0.627162215556053
P1  (LAI=0.5),DYN_ALS_S2TIMING_NM,2021-07-11,0.618232917787583
P1  (LAI=0.5),DYN_ALS_S2TIMING_NM,2021-07-12,0.608839166187807
P1  (LAI=0.5),DYN_ALS_S2TIMING_NM,2021-07-13,0.599045447554747
P1  (LAI=0.5),DYN_ALS_S2TIMING_NM,2021-07-14,0.588916248686427
P1  (LAI=0.5),DYN_ALS_S2TIMING_NM,2021-07-15,0.578516056380868
P1  (LAI=0.5),DYN_ALS_S2TIMING_NM,2021-07-16,0.567909357436093
P1  (LAI=0.5),DYN_ALS_S2TIMING_NM,2021-07-17,0.557160638650125
P1  (LAI=0.5),DYN_ALS_S2TIMING_NM,2021-07-18,0.546334386820985
P1  (LAI=0.5),DYN_ALS_S2TIMING_NM,2021-07-19,0.535495088746697
P1  (LAI=0.5),DYN_ALS_S2TIMING_NM,2021-07-20,0.524707231225283
P1  (LAI=0.5),DYN_ALS_S2TIMING_NM,2021-07-21,0.514035301054765
P1  (LAI=0.5),DYN_ALS_S2TIMING_NM,2021-07-22,0.503543785033166
P1  (LAI=0.5),DYN_ALS_S2TIMING_NM,2021-07-23,0.493297169958507
P1  (LAI=0.5),DYN_ALS_S2TIMING_NM,2021-07-24,0.483359942628813
P1  (LAI=0.5),DYN_ALS_S2TIMING_NM,2021-07-25,0.473796589842105
P1  (LAI=0.5),DYN_ALS_S2TIMING_NM,2021-07-26,0.464671598396405
P1  (LAI=0.5),DYN_ALS_S2TIMING_NM,2021-07-27,0.456049455089737
P1  (LAI=0.5),DYN_ALS_S2TIMING_NM,2021-07-28,0.447994646720122
P1  (LAI=0.5),DYN_ALS_S2TIMING_NM,2021-07-29,0.440571660085583
P1  (LAI=0.5),DYN_ALS_S2TIMING_NM,2021-07-30,0.433844981984142
P1  (LAI=0.5),DYN_ALS_S2TIMING_NM,2021-07-31,0.427877734009608
P1  (LAI=0.5),DYN_ALS_S2TIMING_NM,2021-08-01,0.422687935453605
P1  (LAI=0.5),DYN_ALS_S2TIMING_NM,2021-08-02,0.418239250254787
P1  (LAI=0.5),DYN_ALS_S2TIMING_NM,2021-08-03,0.414492106312189
P1  (LAI=0.5),DYN_ALS_S2TIMING_NM,2021-08-04,0.411406931524847
P1  (LAI=0.5),DYN_ALS_S2TIMING_NM,2021-08-05,0.408944153791798
P1  (LAI=0.5),DYN_ALS_S2TIMING_NM,2021-08-06,0.407064201012077
P1  (LAI=0.5),DYN_ALS_S2TIMING_NM,2021-08-07,0.405727501084719
P1  (LAI=0.5),DYN_ALS_S2TIMING_NM,2021-08-08,0.40489448190876
P1  (LAI=0.5),DYN_ALS_S2TIMING_NM,2021-08-09,0.404525571383237
P1  (LAI=0.5),DYN_ALS_S2TIMING_NM,2021-08-10,0.404581197407184
P1  (LAI=0.5),DYN_ALS_S2TIMING_NM,2021-08-11,0.405021787879639
P1  (LAI=0.5),DYN_ALS_S2TIMING_NM,2021-08-12,0.405807770699635
P1  (LAI=0.5),DYN_ALS_S2TIMING_NM,2021-08-13,0.40689957376621
P1  (LAI=0.5),DYN_ALS_S2TIMING_NM,2021-08-14,0.408257624978399
P1  (LAI=0.5),DYN_ALS_S2TIMING_NM,2021-08-15,0.409842352235237
P1  (LAI=0.5),DYN_ALS_S2TIMING_NM,2021-08-16,0.411614183435761
P1  (LAI=0.5),DYN_ALS_S2TIMING_NM,2021-08-17,0.413533546479006
P1  (LAI=0.5),DYN_ALS_S2TIMING_NM,2021-08-18,0.415560869264008
P1  (LAI=0.5),DYN_ALS_S2TIMING_NM,2021-08-19,0.417656579689803
P1  (LAI=0.5),DYN_ALS_S2TIMING_NM,2021-08-20,0.419781105655426
P1  (LAI=0.5),DYN_ALS_S2TIMING_NM,2021-08-21,0.421894875059913
P1  (LAI=0.5),DYN_ALS_S2TIMING_NM,2021-08-22,0.4239583158023
P1  (LAI=0.5),DYN_ALS_S2TIMING_NM,2021-08-23,0.425931855781623
P1  (LAI=0.5),DYN_ALS_S2TIMING_NM,2021-08-24,0.427775922896918
P1  (LAI=0.5),DYN_ALS_S2TIMING_NM,2021-08-25,0.42945094504722
P1  (LAI=0.5),DYN_ALS_S2TIMING_NM,2021-08-26,0.430917350131565
P1  (LAI=0.5),DYN_ALS_S2TIMING_NM,2021-08-27,0.432135566048988
P1  (LAI=0.5),DYN_ALS_S2TIMING_NM,2021-08-28,0.433066020698526
P1  (LAI=0.5),DYN_ALS_S2TIMING_NM,2021-08-29,0.433669141979215
P1  (LAI=0.5),DYN_ALS_S2TIMING_NM,2021-08-30,0.433905357790089
P1  (LAI=0.5),DYN_ALS_S2TIMING_NM,2021-08-31,0.433744289417791
P1  (LAI=0.5),DYN_ALS_S2TIMING_NM,2021-09-01,0.433192331699386
P1  (LAI=0.5),DYN_ALS_S2TIMING_NM,2021-09-02,0.432265072859545
P1  (LAI=0.5),DYN_ALS_S2TIMING_NM,2021-09-03,0.430978101122939
P1  (LAI=0.5),DYN_ALS_S2TIMING_NM,2021-09-04,0.429347004714239
P1  (LAI=0.5),DYN_ALS_S2TIMING_NM,2021-09-05,0.427387371858116
P1  (LAI=0.5),DYN_ALS_S2TIMING_NM,2021-09-06,0.425114790779242
P1  (LAI=0.5),DYN_ALS_S2TIMING_NM,2021-09-07,0.422544849702286
P1  (LAI=0.5),DYN_ALS_S2TIMING_NM,2021-09-08,0.419693136851921
P1  (LAI=0.5),DYN_ALS_S2TIMING_NM,2021-09-09,0.416575240452818
P1  (LAI=0.5),DYN_ALS_S2TIMING_NM,2021-09-10,0.413206748729647
P1  (LAI=0.5),DYN_ALS_S2TIMING_NM,2021-09-11,0.409603249907079
P1  (LAI=0.5),DYN_ALS_S2TIMING_NM,2021-09-12,0.405780332209787
P1  (LAI=0.5),DYN_ALS_S2TIMING_NM,2021-09-13,0.40175358386244
P1  (LAI=0.5),DYN_ALS_S2TIMING_NM,2021-09-14,0.39753859308971
P1  (LAI=0.5),DYN_ALS_S2TIMING_NM,2021-09-15,0.393150948116268
P1  (LAI=0.5),DYN_ALS_S2TIMING_NM,2021-09-16,0.388606237166784
P1  (LAI=0.5),DYN_ALS_S2TIMING_NM,2021-09-17,0.383920048465931
P1  (LAI=0.5),DYN_ALS_S2TIMING_NM,2021-09-18,0.379107934816982
P1  (LAI=0.5),DYN_ALS_S2TIMING_NM,2021-09-19,0.37418236293396
P1  (LAI=0.5),DYN_ALS_S2TIMING_NM,2021-09-20,0.369150362346388
P1  (LAI=0.5),DYN_ALS_S2TIMING_NM,2021-09-21,0.364018409124452
P1  (LAI=0.5),DYN_ALS_S2TIMING_NM,2021-09-22,0.358792979338339
P1  (LAI=0.5),DYN_ALS_S2TIMING_NM,2021-09-23,0.353480549058236
P1  (LAI=0.5),DYN_ALS_S2TIMING_NM,2021-09-24,0.34808759435433
P1  (LAI=0.5),DYN_ALS_S2TIMING_NM,2021-09-25,0.342620591296807
P1  (LAI=0.5),DYN_ALS_S2TIMING_NM,2021-09-26,0.337086015955855
P1  (LAI=0.5),DYN_ALS_S2TIMING_NM,2021-09-27,0.33149034440166
P1  (LAI=0.5),DYN_ALS_S2TIMING_NM,2021-09-28,0.325840052704409
P1  (LAI=0.5),DYN_ALS_S2TIMING_NM,2021-09-29,0.32014161693429
P1  (LAI=0.5),DYN_ALS_S2TIMING_NM,2021-09-30,0.314401513161488
P1  (LAI=0.5),DYN_ALSoOPT_S2TIMING_NM,2021-06-01,0.532795936144413
P1  (LAI=0.5),DYN_ALSoOPT_S2TIMING_NM,2021-06-02,0.541431428860616
P1  (LAI=0.5),DYN_ALSoOPT_S2TIMING_NM,2021-06-03,0.550212010531208
P1  (LAI=0.5),DYN_ALSoOPT_S2TIMING_NM,2021-06-04,0.559138937514969
P1  (LAI=0.5),DYN_ALSoOPT_S2TIMING_NM,2021-06-05,0.568213466170683
P1  (LAI=0.5),DYN_ALSoOPT_S2TIMING_NM,2021-06-06,0.577436852857131
P1  (LAI=0.5),DYN_ALSoOPT_S2TIMING_NM,2021-06-07,0.586810353933095
P1  (LAI=0.5),DYN_ALSoOPT_S2TIMING_NM,2021-06-08,0.596335225757359
P1  (LAI=0.5),DYN_ALSoOPT_S2TIMING_NM,2021-06-09,0.606012724688705
P1  (LAI=0.5),DYN_ALSoOPT_S2TIMING_NM,2021-06-10,0.615843851419888
P1  (LAI=0.5),DYN_ALSoOPT_S2TIMING_NM,2021-06-11,0.625807331741115
P1  (LAI=0.5),DYN_ALSoOPT_S2TIMING_NM,2021-06-12,0.635842646707541
P1  (LAI=0.5),DYN_ALSoOPT_S2TIMING_NM,2021-06-13,0.645885282592659
P1  (LAI=0.5),DYN_ALSoOPT_S2TIMING_NM,2021-06-14,0.655870725669961
P1  (LAI=0.5),DYN_ALSoOPT_S2TIMING_NM,2021-06-15,0.665734462212939
P1  (LAI=0.5),DYN_ALSoOPT_S2TIMING_NM,2021-06-16,0.675411978495086
P1  (LAI=0.5),DYN_ALSoOPT_S2TIMING_NM,2021-06-17,0.684838760789895
P1  (LAI=0.5),DYN_ALSoOPT_S2TIMING_NM,2021-06-18,0.693950295370859
P1  (LAI=0.5),DYN_ALSoOPT_S2TIMING_NM,2021-06-19,0.70268206851147
P1  (LAI=0.5),DYN_ALSoOPT_S2TIMING_NM,2021-06-20,0.71096956648522
P1  (LAI=0.5),DYN_ALSoOPT_S2TIMING_NM,2021-06-21,0.718748275565602
P1  (LAI=0.5),DYN_ALSoOPT_S2TIMING_NM,2021-06-22,0.725953682026109
P1  (LAI=0.5),DYN_ALSoOPT_S2TIMING_NM,2021-06-23,0.732521272140234
P1  (LAI=0.5),DYN_ALSoOPT_S2TIMING_NM,2021-06-24,0.738386532181468
P1  (LAI=0.5),DYN_ALSoOPT_S2TIMING_NM,2021-06-25,0.743484948423305
P1  (LAI=0.5),DYN_ALSoOPT_S2TIMING_NM,2021-06-26,0.747752007139236
P1  (LAI=0.5),DYN_ALSoOPT_S2TIMING_NM,2021-06-27,0.751123194602756
P1  (LAI=0.5),DYN_ALSoOPT_S2TIMING_NM,2021-06-28,0.753533997087355
P1  (LAI=0.5),DYN_ALSoOPT_S2TIMING_NM,2021-06-29,0.754919900866527
P1  (LAI=0.5),DYN_ALSoOPT_S2TIMING_NM,2021-06-30,0.755216392213765
P1  (LAI=0.5),DYN_ALSoOPT_S2TIMING_NM,2021-07-01,0.754358957402561
P1  (LAI=0.5),DYN_ALSoOPT_S2TIMING_NM,2021-07-02,0.752297406836241
P1  (LAI=0.5),DYN_ALSoOPT_S2TIMING_NM,2021-07-03,0.749069949367525
P1  (LAI=0.5),DYN_ALSoOPT_S2TIMING_NM,2021-07-04,0.74474848208041
P1  (LAI=0.5),DYN_ALSoOPT_S2TIMING_NM,2021-07-05,0.739404968374306
P1  (LAI=0.5),DYN_ALSoOPT_S2TIMING_NM,2021-07-06,0.733111371648627
P1  (LAI=0.5),DYN_ALSoOPT_S2TIMING_NM,2021-07-07,0.725939655302783
P1  (LAI=0.5),DYN_ALSoOPT_S2TIMING_NM,2021-07-08,0.717961782736187
P1  (LAI=0.5),DYN_ALSoOPT_S2TIMING_NM,2021-07-09,0.709249717348251
P1  (LAI=0.5),DYN_ALSoOPT_S2TIMING_NM,2021-07-10,0.699875422538387
P1  (LAI=0.5),DYN_ALSoOPT_S2TIMING_NM,2021-07-11,0.689910861706006
P1  (LAI=0.5),DYN_ALSoOPT_S2TIMING_NM,2021-07-12,0.679427998250521
P1  (LAI=0.5),DYN_ALSoOPT_S2TIMING_NM,2021-07-13,0.668498795571342
P1  (LAI=0.5),DYN_ALSoOPT_S2TIMING_NM,2021-07-14,0.657195217067883
P1  (LAI=0.5),DYN_ALSoOPT_S2TIMING_NM,2021-07-15,0.645589226139555
P1  (LAI=0.5),DYN_ALSoOPT_S2TIMING_NM,2021-07-16,0.633752786185771
P1  (LAI=0.5),DYN_ALSoOPT_S2TIMING_NM,2021-07-17,0.621757860605941
P1  (LAI=0.5),DYN_ALSoOPT_S2TIMING_NM,2021-07-18,0.609676412799478
P1  (LAI=0.5),DYN_ALSoOPT_S2TIMING_NM,2021-07-19,0.597580406165795
P1  (LAI=0.5),DYN_ALSoOPT_S2TIMING_NM,2021-07-20,0.585541804104301
P1  (LAI=0.5),DYN_ALSoOPT_S2TIMING_NM,2021-07-21,0.573632570014411
P1  (LAI=0.5),DYN_ALSoOPT_S2TIMING_NM,2021-07-22,0.561924667295535
P1  (LAI=0.5),DYN_ALSoOPT_S2TIMING_NM,2021-07-23,0.550490059347085
P1  (LAI=0.5),DYN_ALSoOPT_S2TIMING_NM,2021-07-24,0.539400709568474
P1  (LAI=0.5),DYN_ALSoOPT_S2TIMING_NM,2021-07-25,0.528728581359113
P1  (LAI=0.5),DYN_ALSoOPT_S2TIMING_NM,2021-07-26,0.518545638118414
P1  (LAI=0.5),DYN_ALSoOPT_S2TIMING_NM,2021-07-27,0.508923843245789
P1  (LAI=0.5),DYN_ALSoOPT_S2TIMING_NM,2021-07-28,0.49993516014065
P1  (LAI=0.5),DYN_ALSoOPT_S2TIMING_NM,2021-07-29,0.49165155220241
P1  (LAI=0.5),DYN_ALSoOPT_S2TIMING_NM,2021-07-30,0.484144982830479
P1  (LAI=0.5),DYN_ALSoOPT_S2TIMING_NM,2021-07-31,0.477485891938236
P1  (LAI=0.5),DYN_ALSoOPT_S2TIMING_NM,2021-08-01,0.471694387974542
P1  (LAI=0.5),DYN_ALSoOPT_S2TIMING_NM,2021-08-02,0.466729922073957
P1  (LAI=0.5),DYN_ALSoOPT_S2TIMING_NM,2021-08-03,0.462548334144888
P1  (LAI=0.5),DYN_ALSoOPT_S2TIMING_NM,2021-08-04,0.459105464095739
P1  (LAI=0.5),DYN_ALSoOPT_S2TIMING_NM,2021-08-05,0.456357151834919
P1  (LAI=0.5),DYN_ALSoOPT_S2TIMING_NM,2021-08-06,0.454259237270832
P1  (LAI=0.5),DYN_ALSoOPT_S2TIMING_NM,2021-08-07,0.452767560311886
P1  (LAI=0.5),DYN_ALSoOPT_S2TIMING_NM,2021-08-08,0.451837960866486
P1  (LAI=0.5),DYN_ALSoOPT_S2TIMING_NM,2021-08-09,0.451426278843039
P1  (LAI=0.5),DYN_ALSoOPT_S2TIMING_NM,2021-08-10,0.451488354149952
P1  (LAI=0.5),DYN_ALSoOPT_S2TIMING_NM,2021-08-11,0.451980026695629
P1  (LAI=0.5),DYN_ALSoOPT_S2TIMING_NM,2021-08-12,0.452857136388479
P1  (LAI=0.5),DYN_ALSoOPT_S2TIMING_NM,2021-08-13,0.454075523136906
P1  (LAI=0.5),DYN_ALSoOPT_S2TIMING_NM,2021-08-14,0.455591026849317
P1  (LAI=0.5),DYN_ALSoOPT_S2TIMING_NM,2021-08-15,0.457359487434119
P1  (LAI=0.5),DYN_ALSoOPT_S2TIMING_NM,2021-08-16,0.459336744799718
P1  (LAI=0.5),DYN_ALSoOPT_S2TIMING_NM,2021-08-17,0.461478638854519
P1  (LAI=0.5),DYN_ALSoOPT_S2TIMING_NM,2021-08-18,0.46374100950693
P1  (LAI=0.5),DYN_ALSoOPT_S2TIMING_NM,2021-08-19,0.466079696665356
P1  (LAI=0.5),DYN_ALSoOPT_S2TIMING_NM,2021-08-20,0.468450540238205
P1  (LAI=0.5),DYN_ALSoOPT_S2TIMING_NM,2021-08-21,0.470809380133881
P1  (LAI=0.5),DYN_ALSoOPT_S2TIMING_NM,2021-08-22,0.473112056260791
P1  (LAI=0.5),DYN_ALSoOPT_S2TIMING_NM,2021-08-23,0.475314408527343
P1  (LAI=0.5),DYN_ALSoOPT_S2TIMING_NM,2021-08-24,0.477372276841941
P1  (LAI=0.5),DYN_ALSoOPT_S2TIMING_NM,2021-08-25,0.479241501112992
P1  (LAI=0.5),DYN_ALSoOPT_S2TIMING_NM,2021-08-26,0.480877921248902
P1  (LAI=0.5),DYN_ALSoOPT_S2TIMING_NM,2021-08-27,0.482237377158079
P1  (LAI=0.5),DYN_ALSoOPT_S2TIMING_NM,2021-08-28,0.483275708748927
P1  (LAI=0.5),DYN_ALSoOPT_S2TIMING_NM,2021-08-29,0.483948755929854
P1  (LAI=0.5),DYN_ALSoOPT_S2TIMING_NM,2021-08-30,0.484212358609265
P1  (LAI=0.5),DYN_ALSoOPT_S2TIMING_NM,2021-08-31,0.484032615964821
P1  (LAI=0.5),DYN_ALSoOPT_S2TIMING_NM,2021-09-01,0.483416664251196
P1  (LAI=0.5),DYN_ALSoOPT_S2TIMING_NM,2021-09-02,0.482381898992322
P1  (LAI=0.5),DYN_ALSoOPT_S2TIMING_NM,2021-09-03,0.480945715712126
P1  (LAI=0.5),DYN_ALSoOPT_S2TIMING_NM,2021-09-04,0.479125509934538
P1  (LAI=0.5),DYN_ALSoOPT_S2TIMING_NM,2021-09-05,0.476938677183488
P1  (LAI=0.5),DYN_ALSoOPT_S2TIMING_NM,2021-09-06,0.474402612982905
P1  (LAI=0.5),DYN_ALSoOPT_S2TIMING_NM,2021-09-07,0.471534712856718
P1  (LAI=0.5),DYN_ALSoOPT_S2TIMING_NM,2021-09-08,0.468352372328857
P1  (LAI=0.5),DYN_ALSoOPT_S2TIMING_NM,2021-09-09,0.464872986923251
P1  (LAI=0.5),DYN_ALSoOPT_S2TIMING_NM,2021-09-10,0.461113952163829
P1  (LAI=0.5),DYN_ALSoOPT_S2TIMING_NM,2021-09-11,0.45709266357452
P1  (LAI=0.5),DYN_ALSoOPT_S2TIMING_NM,2021-09-12,0.452826516679255
P1  (LAI=0.5),DYN_ALSoOPT_S2TIMING_NM,2021-09-13,0.448332907001962
P1  (LAI=0.5),DYN_ALSoOPT_S2TIMING_NM,2021-09-14,0.443629230066571
P1  (LAI=0.5),DYN_ALSoOPT_S2TIMING_NM,2021-09-15,0.438732881397011
P1  (LAI=0.5),DYN_ALSoOPT_S2TIMING_NM,2021-09-16,0.433661256517211
P1  (LAI=0.5),DYN_ALSoOPT_S2TIMING_NM,2021-09-17,0.428431750951101
P1  (LAI=0.5),DYN_ALSoOPT_S2TIMING_NM,2021-09-18,0.423061720694455
P1  (LAI=0.5),DYN_ALSoOPT_S2TIMING_NM,2021-09-19,0.417565077852513
P1  (LAI=0.5),DYN_ALSoOPT_S2TIMING_NM,2021-09-20,0.411949666958669
P1  (LAI=0.5),DYN_ALSoOPT_S2TIMING_NM,2021-09-21,0.406222714918892
P1  (LAI=0.5),DYN_ALSoOPT_S2TIMING_NM,2021-09-22,0.40039144863915
P1  (LAI=0.5),DYN_ALSoOPT_S2TIMING_NM,2021-09-23,0.39446309502541
P1  (LAI=0.5),DYN_ALSoOPT_S2TIMING_NM,2021-09-24,0.38844488098364
P1  (LAI=0.5),DYN_ALSoOPT_S2TIMING_NM,2021-09-25,0.382344033419808
P1  (LAI=0.5),DYN_ALSoOPT_S2TIMING_NM,2021-09-26,0.376167779239883
P1  (LAI=0.5),DYN_ALSoOPT_S2TIMING_NM,2021-09-27,0.369923345349831
P1  (LAI=0.5),DYN_ALSoOPT_S2TIMING_NM,2021-09-28,0.363617958655621
P1  (LAI=0.5),DYN_ALSoOPT_S2TIMING_NM,2021-09-29,0.357258846063221
P1  (LAI=0.5),DYN_ALSoOPT_S2TIMING_NM,2021-09-30,0.350853234478598
P2  (LAI=3.4),STATIC_ALS,2021-06-01,3.3713470697403
P2  (LAI=3.4),STATIC_ALS,2021-06-02,3.3713470697403
P2  (LAI=3.4),STATIC_ALS,2021-06-03,3.3713470697403
P2  (LAI=3.4),STATIC_ALS,2021-06-04,3.3713470697403
P2  (LAI=3.4),STATIC_ALS,2021-06-05,3.3713470697403
P2  (LAI=3.4),STATIC_ALS,2021-06-06,3.3713470697403
P2  (LAI=3.4),STATIC_ALS,2021-06-07,3.3713470697403
P2  (LAI=3.4),STATIC_ALS,2021-06-08,3.3713470697403
P2  (LAI=3.4),STATIC_ALS,2021-06-09,3.3713470697403
P2  (LAI=3.4),STATIC_ALS,2021-06-10,3.3713470697403
P2  (LAI=3.4),STATIC_ALS,2021-06-11,3.3713470697403
P2  (LAI=3.4),STATIC_ALS,2021-06-12,3.3713470697403
P2  (LAI=3.4),STATIC_ALS,2021-06-13,3.3713470697403
P2  (LAI=3.4),STATIC_ALS,2021-06-14,3.3713470697403
P2  (LAI=3.4),STATIC_ALS,2021-06-15,3.3713470697403
P2  (LAI=3.4),STATIC_ALS,2021-06-16,3.3713470697403
P2  (LAI=3.4),STATIC_ALS,2021-06-17,3.3713470697403
P2  (LAI=3.4),STATIC_ALS,2021-06-18,3.3713470697403
P2  (LAI=3.4),STATIC_ALS,2021-06-19,3.3713470697403
P2  (LAI=3.4),STATIC_ALS,2021-06-20,3.3713470697403
P2  (LAI=3.4),STATIC_ALS,2021-06-21,3.3713470697403
P2  (LAI=3.4),STATIC_ALS,2021-06-22,3.3713470697403
P2  (LAI=3.4),STATIC_ALS,2021-06-23,3.3713470697403
P2  (LAI=3.4),STATIC_ALS,2021-06-24,3.3713470697403
P2  (LAI=3.4),STATIC_ALS,2021-06-25,3.3713470697403
P2  (LAI=3.4),STATIC_ALS,2021-06-26,3.3713470697403
P2  (LAI=3.4),STATIC_ALS,2021-06-27,3.3713470697403
P2  (LAI=3.4),STATIC_ALS,2021-06-28,3.3713470697403
P2  (LAI=3.4),STATIC_ALS,2021-06-29,3.3713470697403
P2  (LAI=3.4),STATIC_ALS,2021-06-30,3.3713470697403
P2  (LAI=3.4),STATIC_ALS,2021-07-01,3.3713470697403
P2  (LAI=3.4),STATIC_ALS,2021-07-02,3.3713470697403
P2  (LAI=3.4),STATIC_ALS,2021-07-03,3.3713470697403
P2  (LAI=3.4),STATIC_ALS,2021-07-04,3.3713470697403
P2  (LAI=3.4),STATIC_ALS,2021-07-05,3.3713470697403
P2  (LAI=3.4),STATIC_ALS,2021-07-06,3.3713470697403
P2  (LAI=3.4),STATIC_ALS,2021-07-07,3.3713470697403
P2  (LAI=3.4),STATIC_ALS,2021-07-08,3.3713470697403
P2  (LAI=3.4),STATIC_ALS,2021-07-09,3.3713470697403
P2  (LAI=3.4),STATIC_ALS,2021-07-10,3.3713470697403
P2  (LAI=3.4),STATIC_ALS,2021-07-11,3.3713470697403
P2  (LAI=3.4),STATIC_ALS,2021-07-12,3.3713470697403
P2  (LAI=3.4),STATIC_ALS,2021-07-13,3.3713470697403
P2  (LAI=3.4),STATIC_ALS,2021-07-14,3.3713470697403
P2  (LAI=3.4),STATIC_ALS,2021-07-15,3.3713470697403
P2  (LAI=3.4),STATIC_ALS,2021-07-16,3.3713470697403
P2  (LAI=3.4),STATIC_ALS,2021-07-17,3.3713470697403
P2  (LAI=3.4),STATIC_ALS,2021-07-18,3.3713470697403
P2  (LAI=3.4),STATIC_ALS,2021-07-19,3.3713470697403
P2  (LAI=3.4),STATIC_ALS,2021-07-20,3.3713470697403
P2  (LAI=3.4),STATIC_ALS,2021-07-21,3.3713470697403
P2  (LAI=3.4),STATIC_ALS,2021-07-22,3.3713470697403
P2  (LAI=3.4),STATIC_ALS,2021-07-23,3.3713470697403
P2  (LAI=3.4),STATIC_ALS,2021-07-24,3.3713470697403
P2  (LAI=3.4),STATIC_ALS,2021-07-25,3.3713470697403
P2  (LAI=3.4),STATIC_ALS,2021-07-26,3.3713470697403
P2  (LAI=3.4),STATIC_ALS,2021-07-27,3.3713470697403
P2  (LAI=3.4),STATIC_ALS,2021-07-28,3.3713470697403
P2  (LAI=3.4),STATIC_ALS,2021-07-29,3.3713470697403
P2  (LAI=3.4),STATIC_ALS,2021-07-30,3.3713470697403
P2  (LAI=3.4),STATIC_ALS,2021-07-31,3.3713470697403
P2  (LAI=3.4),STATIC_ALS,2021-08-01,3.3713470697403
P2  (LAI=3.4),STATIC_ALS,2021-08-02,3.3713470697403
P2  (LAI=3.4),STATIC_ALS,2021-08-03,3.3713470697403
P2  (LAI=3.4),STATIC_ALS,2021-08-04,3.3713470697403
P2  (LAI=3.4),STATIC_ALS,2021-08-05,3.3713470697403
P2  (LAI=3.4),STATIC_ALS,2021-08-06,3.3713470697403
P2  (LAI=3.4),STATIC_ALS,2021-08-07,3.3713470697403
P2  (LAI=3.4),STATIC_ALS,2021-08-08,3.3713470697403
P2  (LAI=3.4),STATIC_ALS,2021-08-09,3.3713470697403
P2  (LAI=3.4),STATIC_ALS,2021-08-10,3.3713470697403
P2  (LAI=3.4),STATIC_ALS,2021-08-11,3.3713470697403
P2  (LAI=3.4),STATIC_ALS,2021-08-12,3.3713470697403
P2  (LAI=3.4),STATIC_ALS,2021-08-13,3.3713470697403
P2  (LAI=3.4),STATIC_ALS,2021-08-14,3.3713470697403
P2  (LAI=3.4),STATIC_ALS,2021-08-15,3.3713470697403
P2  (LAI=3.4),STATIC_ALS,2021-08-16,3.3713470697403
P2  (LAI=3.4),STATIC_ALS,2021-08-17,3.3713470697403
P2  (LAI=3.4),STATIC_ALS,2021-08-18,3.3713470697403
P2  (LAI=3.4),STATIC_ALS,2021-08-19,3.3713470697403
P2  (LAI=3.4),STATIC_ALS,2021-08-20,3.3713470697403
P2  (LAI=3.4),STATIC_ALS,2021-08-21,3.3713470697403
P2  (LAI=3.4),STATIC_ALS,2021-08-22,3.3713470697403
P2  (LAI=3.4),STATIC_ALS,2021-08-23,3.3713470697403
P2  (LAI=3.4),STATIC_ALS,2021-08-24,3.3713470697403
P2  (LAI=3.4),STATIC_ALS,2021-08-25,3.3713470697403
P2  (LAI=3.4),STATIC_ALS,2021-08-26,3.3713470697403
P2  (LAI=3.4),STATIC_ALS,2021-08-27,3.3713470697403
P2  (LAI=3.4),STATIC_ALS,2021-08-28,3.3713470697403
P2  (LAI=3.4),STATIC_ALS,2021-08-29,3.3713470697403
P2  (LAI=3.4),STATIC_ALS,2021-08-30,3.3713470697403
P2  (LAI=3.4),STATIC_ALS,2021-08-31,3.3713470697403
P2  (LAI=3.4),STATIC_ALS,2021-09-01,3.3713470697403
P2  (LAI=3.4),STATIC_ALS,2021-09-02,3.3713470697403
P2  (LAI=3.4),STATIC_ALS,2021-09-03,3.3713470697403
P2  (LAI=3.4),STATIC_ALS,2021-09-04,3.3713470697403
P2  (LAI=3.4),STATIC_ALS,2021-09-05,3.3713470697403
P2  (LAI=3.4),STATIC_ALS,2021-09-06,3.3713470697403
P2  (LAI=3.4),STATIC_ALS,2021-09-07,3.3713470697403
P2  (LAI=3.4),STATIC_ALS,2021-09-08,3.3713470697403
P2  (LAI=3.4),STATIC_ALS,2021-09-09,3.3713470697403
P2  (LAI=3.4),STATIC_ALS,2021-09-10,3.3713470697403
P2  (LAI=3.4),STATIC_ALS,2021-09-11,3.3713470697403
P2  (LAI=3.4),STATIC_ALS,2021-09-12,3.3713470697403
P2  (LAI=3.4),STATIC_ALS,2021-09-13,3.3713470697403
P2  (LAI=3.4),STATIC_ALS,2021-09-14,3.3713470697403
P2  (LAI=3.4),STATIC_ALS,2021-09-15,3.3713470697403
P2  (LAI=3.4),STATIC_ALS,2021-09-16,3.3713470697403
P2  (LAI=3.4),STATIC_ALS,2021-09-17,3.3713470697403
P2  (LAI=3.4),STATIC_ALS,2021-09-18,3.3713470697403
P2  (LAI=3.4),STATIC_ALS,2021-09-19,3.3713470697403
P2  (LAI=3.4),STATIC_ALS,2021-09-20,3.3713470697403
P2  (LAI=3.4),STATIC_ALS,2021-09-21,3.3713470697403
P2  (LAI=3.4),STATIC_ALS,2021-09-22,3.3713470697403
P2  (LAI=3.4),STATIC_ALS,2021-09-23,3.3713470697403
P2  (LAI=3.4),STATIC_ALS,2021-09-24,3.3713470697403
P2  (LAI=3.4),STATIC_ALS,2021-09-25,3.3713470697403
P2  (LAI=3.4),STATIC_ALS,2021-09-26,3.32516423316851
P2  (LAI=3.4),STATIC_ALS,2021-09-27,3.25918875235168
P2  (LAI=3.4),STATIC_ALS,2021-09-28,3.19321327153484
P2  (LAI=3.4),STATIC_ALS,2021-09-29,3.12723779071801
P2  (LAI=3.4),STATIC_ALS,2021-09-30,3.06126230990117
P2  (LAI=3.4),STATIC_ALS_DOPT,2021-06-01,1.31339263916016
P2  (LAI=3.4),STATIC_ALS_DOPT,2021-06-02,1.31339263916016
P2  (LAI=3.4),STATIC_ALS_DOPT,2021-06-03,1.31339263916016
P2  (LAI=3.4),STATIC_ALS_DOPT,2021-06-04,1.31339263916016
P2  (LAI=3.4),STATIC_ALS_DOPT,2021-06-05,1.31339263916016
P2  (LAI=3.4),STATIC_ALS_DOPT,2021-06-06,1.31339263916016
P2  (LAI=3.4),STATIC_ALS_DOPT,2021-06-07,1.31339263916016
P2  (LAI=3.4),STATIC_ALS_DOPT,2021-06-08,1.31339263916016
P2  (LAI=3.4),STATIC_ALS_DOPT,2021-06-09,1.31339263916016
P2  (LAI=3.4),STATIC_ALS_DOPT,2021-06-10,1.31339263916016
P2  (LAI=3.4),STATIC_ALS_DOPT,2021-06-11,1.31339263916016
P2  (LAI=3.4),STATIC_ALS_DOPT,2021-06-12,1.31339263916016
P2  (LAI=3.4),STATIC_ALS_DOPT,2021-06-13,1.31339263916016
P2  (LAI=3.4),STATIC_ALS_DOPT,2021-06-14,1.31339263916016
P2  (LAI=3.4),STATIC_ALS_DOPT,2021-06-15,1.31339263916016
P2  (LAI=3.4),STATIC_ALS_DOPT,2021-06-16,1.31339263916016
P2  (LAI=3.4),STATIC_ALS_DOPT,2021-06-17,1.31339263916016
P2  (LAI=3.4),STATIC_ALS_DOPT,2021-06-18,1.31339263916016
P2  (LAI=3.4),STATIC_ALS_DOPT,2021-06-19,1.31339263916016
P2  (LAI=3.4),STATIC_ALS_DOPT,2021-06-20,1.31339263916016
P2  (LAI=3.4),STATIC_ALS_DOPT,2021-06-21,1.31339263916016
P2  (LAI=3.4),STATIC_ALS_DOPT,2021-06-22,1.31339263916016
P2  (LAI=3.4),STATIC_ALS_DOPT,2021-06-23,1.31339263916016
P2  (LAI=3.4),STATIC_ALS_DOPT,2021-06-24,1.31339263916016
P2  (LAI=3.4),STATIC_ALS_DOPT,2021-06-25,1.31339263916016
P2  (LAI=3.4),STATIC_ALS_DOPT,2021-06-26,1.31339263916016
P2  (LAI=3.4),STATIC_ALS_DOPT,2021-06-27,1.31339263916016
P2  (LAI=3.4),STATIC_ALS_DOPT,2021-06-28,1.31339263916016
P2  (LAI=3.4),STATIC_ALS_DOPT,2021-06-29,1.31339263916016
P2  (LAI=3.4),STATIC_ALS_DOPT,2021-06-30,1.31339263916016
P2  (LAI=3.4),STATIC_ALS_DOPT,2021-07-01,1.31339263916016
P2  (LAI=3.4),STATIC_ALS_DOPT,2021-07-02,1.31339263916016
P2  (LAI=3.4),STATIC_ALS_DOPT,2021-07-03,1.31339263916016
P2  (LAI=3.4),STATIC_ALS_DOPT,2021-07-04,1.31339263916016
P2  (LAI=3.4),STATIC_ALS_DOPT,2021-07-05,1.31339263916016
P2  (LAI=3.4),STATIC_ALS_DOPT,2021-07-06,1.31339263916016
P2  (LAI=3.4),STATIC_ALS_DOPT,2021-07-07,1.31339263916016
P2  (LAI=3.4),STATIC_ALS_DOPT,2021-07-08,1.31339263916016
P2  (LAI=3.4),STATIC_ALS_DOPT,2021-07-09,1.31339263916016
P2  (LAI=3.4),STATIC_ALS_DOPT,2021-07-10,1.31339263916016
P2  (LAI=3.4),STATIC_ALS_DOPT,2021-07-11,1.31339263916016
P2  (LAI=3.4),STATIC_ALS_DOPT,2021-07-12,1.31339263916016
P2  (LAI=3.4),STATIC_ALS_DOPT,2021-07-13,1.31339263916016
P2  (LAI=3.4),STATIC_ALS_DOPT,2021-07-14,1.31339263916016
P2  (LAI=3.4),STATIC_ALS_DOPT,2021-07-15,1.31339263916016
P2  (LAI=3.4),STATIC_ALS_DOPT,2021-07-16,1.31339263916016
P2  (LAI=3.4),STATIC_ALS_DOPT,2021-07-17,1.31339263916016
P2  (LAI=3.4),STATIC_ALS_DOPT,2021-07-18,1.31339263916016
P2  (LAI=3.4),STATIC_ALS_DOPT,2021-07-19,1.31339263916016
P2  (LAI=3.4),STATIC_ALS_DOPT,2021-07-20,1.31339263916016
P2  (LAI=3.4),STATIC_ALS_DOPT,2021-07-21,1.31339263916016
P2  (LAI=3.4),STATIC_ALS_DOPT,2021-07-22,1.31339263916016
P2  (LAI=3.4),STATIC_ALS_DOPT,2021-07-23,1.31339263916016
P2  (LAI=3.4),STATIC_ALS_DOPT,2021-07-24,1.31339263916016
P2  (LAI=3.4),STATIC_ALS_DOPT,2021-07-25,1.31339263916016
P2  (LAI=3.4),STATIC_ALS_DOPT,2021-07-26,1.31339263916016
P2  (LAI=3.4),STATIC_ALS_DOPT,2021-07-27,1.31339263916016
P2  (LAI=3.4),STATIC_ALS_DOPT,2021-07-28,1.31339263916016
P2  (LAI=3.4),STATIC_ALS_DOPT,2021-07-29,1.31339263916016
P2  (LAI=3.4),STATIC_ALS_DOPT,2021-07-30,1.31339263916016
P2  (LAI=3.4),STATIC_ALS_DOPT,2021-07-31,1.31339263916016
P2  (LAI=3.4),STATIC_ALS_DOPT,2021-08-01,1.31339263916016
P2  (LAI=3.4),STATIC_ALS_DOPT,2021-08-02,1.31339263916016
P2  (LAI=3.4),STATIC_ALS_DOPT,2021-08-03,1.31339263916016
P2  (LAI=3.4),STATIC_ALS_DOPT,2021-08-04,1.31339263916016
P2  (LAI=3.4),STATIC_ALS_DOPT,2021-08-05,1.31339263916016
P2  (LAI=3.4),STATIC_ALS_DOPT,2021-08-06,1.31339263916016
P2  (LAI=3.4),STATIC_ALS_DOPT,2021-08-07,1.31339263916016
P2  (LAI=3.4),STATIC_ALS_DOPT,2021-08-08,1.31339263916016
P2  (LAI=3.4),STATIC_ALS_DOPT,2021-08-09,1.31339263916016
P2  (LAI=3.4),STATIC_ALS_DOPT,2021-08-10,1.31339263916016
P2  (LAI=3.4),STATIC_ALS_DOPT,2021-08-11,1.31339263916016
P2  (LAI=3.4),STATIC_ALS_DOPT,2021-08-12,1.31339263916016
P2  (LAI=3.4),STATIC_ALS_DOPT,2021-08-13,1.31339263916016
P2  (LAI=3.4),STATIC_ALS_DOPT,2021-08-14,1.31339263916016
P2  (LAI=3.4),STATIC_ALS_DOPT,2021-08-15,1.31339263916016
P2  (LAI=3.4),STATIC_ALS_DOPT,2021-08-16,1.31339263916016
P2  (LAI=3.4),STATIC_ALS_DOPT,2021-08-17,1.31339263916016
P2  (LAI=3.4),STATIC_ALS_DOPT,2021-08-18,1.31339263916016
P2  (LAI=3.4),STATIC_ALS_DOPT,2021-08-19,1.31339263916016
P2  (LAI=3.4),STATIC_ALS_DOPT,2021-08-20,1.31339263916016
P2  (LAI=3.4),STATIC_ALS_DOPT,2021-08-21,1.31339263916016
P2  (LAI=3.4),STATIC_ALS_DOPT,2021-08-22,1.31339263916016
P2  (LAI=3.4),STATIC_ALS_DOPT,2021-08-23,1.31339263916016
P2  (LAI=3.4),STATIC_ALS_DOPT,2021-08-24,1.31339263916016
P2  (LAI=3.4),STATIC_ALS_DOPT,2021-08-25,1.31339263916016
P2  (LAI=3.4),STATIC_ALS_DOPT,2021-08-26,1.31339263916016
P2  (LAI=3.4),STATIC_ALS_DOPT,2021-08-27,1.31339263916016
P2  (LAI=3.4),STATIC_ALS_DOPT,2021-08-28,1.31339263916016
P2  (LAI=3.4),STATIC_ALS_DOPT,2021-08-29,1.31339263916016
P2  (LAI=3.4),STATIC_ALS_DOPT,2021-08-30,1.31339263916016
P2  (LAI=3.4),STATIC_ALS_DOPT,2021-08-31,1.31339263916016
P2  (LAI=3.4),STATIC_ALS_DOPT,2021-09-01,1.31339263916016
P2  (LAI=3.4),STATIC_ALS_DOPT,2021-09-02,1.31339263916016
P2  (LAI=3.4),STATIC_ALS_DOPT,2021-09-03,1.31339263916016
P2  (LAI=3.4),STATIC_ALS_DOPT,2021-09-04,1.31339263916016
P2  (LAI=3.4),STATIC_ALS_DOPT,2021-09-05,1.31339263916016
P2  (LAI=3.4),STATIC_ALS_DOPT,2021-09-06,1.31339263916016
P2  (LAI=3.4),STATIC_ALS_DOPT,2021-09-07,1.31339263916016
P2  (LAI=3.4),STATIC_ALS_DOPT,2021-09-08,1.31339263916016
P2  (LAI=3.4),STATIC_ALS_DOPT,2021-09-09,1.31339263916016
P2  (LAI=3.4),STATIC_ALS_DOPT,2021-09-10,1.31339263916016
P2  (LAI=3.4),STATIC_ALS_DOPT,2021-09-11,1.31339263916016
P2  (LAI=3.4),STATIC_ALS_DOPT,2021-09-12,1.31339263916016
P2  (LAI=3.4),STATIC_ALS_DOPT,2021-09-13,1.31339263916016
P2  (LAI=3.4),STATIC_ALS_DOPT,2021-09-14,1.31339263916016
P2  (LAI=3.4),STATIC_ALS_DOPT,2021-09-15,1.31339263916016
P2  (LAI=3.4),STATIC_ALS_DOPT,2021-09-16,1.31339263916016
P2  (LAI=3.4),STATIC_ALS_DOPT,2021-09-17,1.31339263916016
P2  (LAI=3.4),STATIC_ALS_DOPT,2021-09-18,1.31339263916016
P2  (LAI=3.4),STATIC_ALS_DOPT,2021-09-19,1.31339263916016
P2  (LAI=3.4),STATIC_ALS_DOPT,2021-09-20,1.31339263916016
P2  (LAI=3.4),STATIC_ALS_DOPT,2021-09-21,1.31339263916016
P2  (LAI=3.4),STATIC_ALS_DOPT,2021-09-22,1.31339263916016
P2  (LAI=3.4),STATIC_ALS_DOPT,2021-09-23,1.31339263916016
P2  (LAI=3.4),STATIC_ALS_DOPT,2021-09-24,1.31339263916016
P2  (LAI=3.4),STATIC_ALS_DOPT,2021-09-25,1.31339263916016
P2  (LAI=3.4),STATIC_ALS_DOPT,2021-09-26,1.29540095917166
P2  (LAI=3.4),STATIC_ALS_DOPT,2021-09-27,1.2696985591881
P2  (LAI=3.4),STATIC_ALS_DOPT,2021-09-28,1.24399615920453
P2  (LAI=3.4),STATIC_ALS_DOPT,2021-09-29,1.21829375922097
P2  (LAI=3.4),STATIC_ALS_DOPT,2021-09-30,1.1925913592374
P2  (LAI=3.4),DYN_S2_ATBD_NM,2021-06-01,4.06477621293336
P2  (LAI=3.4),DYN_S2_ATBD_NM,2021-06-02,4.11987020084873
P2  (LAI=3.4),DYN_S2_ATBD_NM,2021-06-03,4.17389606210986
P2  (LAI=3.4),DYN_S2_ATBD_NM,2021-06-04,4.22659345945316
P2  (LAI=3.4),DYN_S2_ATBD_NM,2021-06-05,4.27770205561504
P2  (LAI=3.4),DYN_S2_ATBD_NM,2021-06-06,4.3269615133319
P2  (LAI=3.4),DYN_S2_ATBD_NM,2021-06-07,4.37411149534016
P2  (LAI=3.4),DYN_S2_ATBD_NM,2021-06-08,4.41889166437622
P2  (LAI=3.4),DYN_S2_ATBD_NM,2021-06-09,4.46104168317649
P2  (LAI=3.4),DYN_S2_ATBD_NM,2021-06-10,4.50030121447739
P2  (LAI=3.4),DYN_S2_ATBD_NM,2021-06-11,4.53640992101531
P2  (LAI=3.4),DYN_S2_ATBD_NM,2021-06-12,4.56910746552667
P2  (LAI=3.4),DYN_S2_ATBD_NM,2021-06-13,4.59813351074787
P2  (LAI=3.4),DYN_S2_ATBD_NM,2021-06-14,4.62322771941533
P2  (LAI=3.4),DYN_S2_ATBD_NM,2021-06-15,4.64412975426544
P2  (LAI=3.4),DYN_S2_ATBD_NM,2021-06-16,4.66057927803463
P2  (LAI=3.4),DYN_S2_ATBD_NM,2021-06-17,4.67231620308279
P2  (LAI=3.4),DYN_S2_ATBD_NM,2021-06-18,4.67920725050818
P2  (LAI=3.4),DYN_S2_ATBD_NM,2021-06-19,4.68145188953545
P2  (LAI=3.4),DYN_S2_ATBD_NM,2021-06-20,4.67930350806538
P2  (LAI=3.4),DYN_S2_ATBD_NM,2021-06-21,4.67301549399875
P2  (LAI=3.4),DYN_S2_ATBD_NM,2021-06-22,4.66284123523637
P2  (LAI=3.4),DYN_S2_ATBD_NM,2021-06-23,4.64903411967902
P2  (LAI=3.4),DYN_S2_ATBD_NM,2021-06-24,4.63184753522749
P2  (LAI=3.4),DYN_S2_ATBD_NM,2021-06-25,4.61153486978257
P2  (LAI=3.4),DYN_S2_ATBD_NM,2021-06-26,4.58834951124505
P2  (LAI=3.4),DYN_S2_ATBD_NM,2021-06-27,4.56254484751571
P2  (LAI=3.4),DYN_S2_ATBD_NM,2021-06-28,4.53437426649536
P2  (LAI=3.4),DYN_S2_ATBD_NM,2021-06-29,4.50409115608477
P2  (LAI=3.4),DYN_S2_ATBD_NM,2021-06-30,4.47194890418474
P2  (LAI=3.4),DYN_S2_ATBD_NM,2021-07-01,4.43820089869605
P2  (LAI=3.4),DYN_S2_ATBD_NM,2021-07-02,4.4031005275195
P2  (LAI=3.4),DYN_S2_ATBD_NM,2021-07-03,4.36690117855588
P2  (LAI=3.4),DYN_S2_ATBD_NM,2021-07-04,4.32985623970597
P2  (LAI=3.4),DYN_S2_ATBD_NM,2021-07-05,4.29221909887056
P2  (LAI=3.4),DYN_S2_ATBD_NM,2021-07-06,4.25424314395045
P2  (LAI=3.4),DYN_S2_ATBD_NM,2021-07-07,4.21618176284642
P2  (LAI=3.4),DYN_S2_ATBD_NM,2021-07-08,4.17828834345926
P2  (LAI=3.4),DYN_S2_ATBD_NM,2021-07-09,4.14081627368977
P2  (LAI=3.4),DYN_S2_ATBD_NM,2021-07-10,4.10401894143872
P2  (LAI=3.4),DYN_S2_ATBD_NM,2021-07-11,4.06814973460692
P2  (LAI=3.4),DYN_S2_ATBD_NM,2021-07-12,4.03346204109515
P2  (LAI=3.4),DYN_S2_ATBD_NM,2021-07-13,4.0002092488042
P2  (LAI=3.4),DYN_S2_ATBD_NM,2021-07-14,3.96864474563486
P2  (LAI=3.4),DYN_S2_ATBD_NM,2021-07-15,3.93902191948791
P2  (LAI=3.4),DYN_S2_ATBD_NM,2021-07-16,3.91159415826416
P2  (LAI=3.4),DYN_S2_ATBD_NM,2021-07-17,3.88661484986438
P2  (LAI=3.4),DYN_S2_ATBD_NM,2021-07-18,3.86433718258035
P2  (LAI=3.4),DYN_S2_ATBD_NM,2021-07-19,3.84491294332224
P2  (LAI=3.4),DYN_S2_ATBD_NM,2021-07-20,3.82822784017796
P2  (LAI=3.4),DYN_S2_ATBD_NM,2021-07-21,3.8141244656874
P2  (LAI=3.4),DYN_S2_ATBD_NM,2021-07-22,3.80244541239039
P2  (LAI=3.4),DYN_S2_ATBD_NM,2021-07-23,3.7930332728268
P2  (LAI=3.4),DYN_S2_ATBD_NM,2021-07-24,3.78573063953648
P2  (LAI=3.4),DYN_S2_ATBD_NM,2021-07-25,3.78038010505928
P2  (LAI=3.4),DYN_S2_ATBD_NM,2021-07-26,3.77682426193507
P2  (LAI=3.4),DYN_S2_ATBD_NM,2021-07-27,3.77490570270368
P2  (LAI=3.4),DYN_S2_ATBD_NM,2021-07-28,3.77446701990499
P2  (LAI=3.4),DYN_S2_ATBD_NM,2021-07-29,3.77535080607884
P2  (LAI=3.4),DYN_S2_ATBD_NM,2021-07-30,3.7773996537651
P2  (LAI=3.4),DYN_S2_ATBD_NM,2021-07-31,3.7804561555036
P2  (LAI=3.4),DYN_S2_ATBD_NM,2021-08-01,3.78436290383422
P2  (LAI=3.4),DYN_S2_ATBD_NM,2021-08-02,3.7889624912968
P2  (LAI=3.4),DYN_S2_ATBD_NM,2021-08-03,3.7940975104312
P2  (LAI=3.4),DYN_S2_ATBD_NM,2021-08-04,3.79961055377728
P2  (LAI=3.4),DYN_S2_ATBD_NM,2021-08-05,3.80534421387488
P2  (LAI=3.4),DYN_S2_ATBD_NM,2021-08-06,3.81114108326387
P2  (LAI=3.4),DYN_S2_ATBD_NM,2021-08-07,3.8168437544841
P2  (LAI=3.4),DYN_S2_ATBD_NM,2021-08-08,3.82229482007542
P2  (LAI=3.4),DYN_S2_ATBD_NM,2021-08-09,3.8273368725777
P2  (LAI=3.4),DYN_S2_ATBD_NM,2021-08-10,3.83181250453078
P2  (LAI=3.4),DYN_S2_ATBD_NM,2021-08-11,3.83556430847451
P2  (LAI=3.4),DYN_S2_ATBD_NM,2021-08-12,3.83846335929676
P2  (LAI=3.4),DYN_S2_ATBD_NM,2021-08-13,3.84049466127732
P2  (LAI=3.4),DYN_S2_ATBD_NM,2021-08-14,3.84167170104401
P2  (LAI=3.4),DYN_S2_ATBD_NM,2021-08-15,3.84200796522463
P2  (LAI=3.4),DYN_S2_ATBD_NM,2021-08-16,3.84151694044698
P2  (LAI=3.4),DYN_S2_ATBD_NM,2021-08-17,3.84021211333887
P2  (LAI=3.4),DYN_S2_ATBD_NM,2021-08-18,3.8381069705281
P2  (LAI=3.4),DYN_S2_ATBD_NM,2021-08-19,3.83521499864248
P2  (LAI=3.4),DYN_S2_ATBD_NM,2021-08-20,3.83154968430982
P2  (LAI=3.4),DYN_S2_ATBD_NM,2021-08-21,3.82712451415791
P2  (LAI=3.4),DYN_S2_ATBD_NM,2021-08-22,3.82195297481456
P2  (LAI=3.4),DYN_S2_ATBD_NM,2021-08-23,3.81604855290758
P2  (LAI=3.4),DYN_S2_ATBD_NM,2021-08-24,3.80942473506478
P2  (LAI=3.4),DYN_S2_ATBD_NM,2021-08-25,3.80209500791395
P2  (LAI=3.4),DYN_S2_ATBD_NM,2021-08-26,3.7940728580829
P2  (LAI=3.4),DYN_S2_ATBD_NM,2021-08-27,3.78537177219944
P2  (LAI=3.4),DYN_S2_ATBD_NM,2021-08-28,3.77600523689137
P2  (LAI=3.4),DYN_S2_ATBD_NM,2021-08-29,3.7659867387865
P2  (LAI=3.4),DYN_S2_ATBD_NM,2021-08-30,3.75532976451263
P2  (LAI=3.4),DYN_S2_ATBD_NM,2021-08-31,3.74404780069756
P2  (LAI=3.4),DYN_S2_ATBD_NM,2021-09-01,3.73215433396911
P2  (LAI=3.4),DYN_S2_ATBD_NM,2021-09-02,3.71966285095507
P2  (LAI=3.4),DYN_S2_ATBD_NM,2021-09-03,3.70658683828325
P2  (LAI=3.4),DYN_S2_ATBD_NM,2021-09-04,3.69293978258145
P2  (LAI=3.4),DYN_S2_ATBD_NM,2021-09-05,3.67873517047749
P2  (LAI=3.4),DYN_S2_ATBD_NM,2021-09-06,3.66398600036956
P2  (LAI=3.4),DYN_S2_ATBD_NM,2021-09-07,3.64868914099649
P2  (LAI=3.4),DYN_S2_ATBD_NM,2021-09-08,3.63282202232602
P2  (LAI=3.4),DYN_S2_ATBD_NM,2021-09-09,3.6163609170409
P2  (LAI=3.4),DYN_S2_ATBD_NM,2021-09-10,3.59928209782386
P2  (LAI=3.4),DYN_S2_ATBD_NM,2021-09-11,3.58156183735767
P2  (LAI=3.4),DYN_S2_ATBD_NM,2021-09-12,3.56317640832507
P2  (LAI=3.4),DYN_S2_ATBD_NM,2021-09-13,3.54410208340882
P2  (LAI=3.4),DYN_S2_ATBD_NM,2021-09-14,3.52431513529165
P2  (LAI=3.4),DYN_S2_ATBD_NM,2021-09-15,3.50379183665633
P2  (LAI=3.4),DYN_S2_ATBD_NM,2021-09-16,3.48250846018559
P2  (LAI=3.4),DYN_S2_ATBD_NM,2021-09-17,3.4604412785622
P2  (LAI=3.4),DYN_S2_ATBD_NM,2021-09-18,3.43756656446889
P2  (LAI=3.4),DYN_S2_ATBD_NM,2021-09-19,3.41386059058842
P2  (LAI=3.4),DYN_S2_ATBD_NM,2021-09-20,3.38929962960354
P2  (LAI=3.4),DYN_S2_ATBD_NM,2021-09-21,3.363859954197
P2  (LAI=3.4),DYN_S2_ATBD_NM,2021-09-22,3.33751783705155
P2  (LAI=3.4),DYN_S2_ATBD_NM,2021-09-23,3.31024955084993
P2  (LAI=3.4),DYN_S2_ATBD_NM,2021-09-24,3.2820313682749
P2  (LAI=3.4),DYN_S2_ATBD_NM,2021-09-25,3.25283956200921
P2  (LAI=3.4),DYN_S2_ATBD_NM,2021-09-26,3.2226504047356
P2  (LAI=3.4),DYN_S2_ATBD_NM,2021-09-27,3.19144016913682
P2  (LAI=3.4),DYN_S2_ATBD_NM,2021-09-28,3.15918512789564
P2  (LAI=3.4),DYN_S2_ATBD_NM,2021-09-29,3.12586157767511
P2  (LAI=3.4),DYN_S2_ATBD_NM,2021-09-30,3.0914579971455
P2  (LAI=3.4),DYN_S2_OPT_NM,2021-06-01,3.6868980216041
P2  (LAI=3.4),DYN_S2_OPT_NM,2021-06-02,3.73687024747994
P2  (LAI=3.4),DYN_S2_OPT_NM,2021-06-03,3.78587364411598
P2  (LAI=3.4),DYN_S2_OPT_NM,2021-06-04,3.83367207626349
P2  (LAI=3.4),DYN_S2_OPT_NM,2021-06-05,3.88002940867373
P2  (LAI=3.4),DYN_S2_OPT_NM,2021-06-06,3.92470950609797
P2  (LAI=3.4),DYN_S2_OPT_NM,2021-06-07,3.96747623328748
P2  (LAI=3.4),DYN_S2_OPT_NM,2021-06-08,4.00809345499352
P2  (LAI=3.4),DYN_S2_OPT_NM,2021-06-09,4.04632503596736
P2  (LAI=3.4),DYN_S2_OPT_NM,2021-06-10,4.08193484096027
P2  (LAI=3.4),DYN_S2_OPT_NM,2021-06-11,4.11468673472351
P2  (LAI=3.4),DYN_S2_OPT_NM,2021-06-12,4.14434458200835
P2  (LAI=3.4),DYN_S2_OPT_NM,2021-06-13,4.17067224756606
P2  (LAI=3.4),DYN_S2_OPT_NM,2021-06-14,4.1934335961479
P2  (LAI=3.4),DYN_S2_OPT_NM,2021-06-15,4.21239249250515
P2  (LAI=3.4),DYN_S2_OPT_NM,2021-06-16,4.22731280138906
P2  (LAI=3.4),DYN_S2_OPT_NM,2021-06-17,4.23795861396838
P2  (LAI=3.4),DYN_S2_OPT_NM,2021-06-18,4.2442090414922
P2  (LAI=3.4),DYN_S2_OPT_NM,2021-06-19,4.24624500971168
P2  (LAI=3.4),DYN_S2_OPT_NM,2021-06-20,4.2442963505539
P2  (LAI=3.4),DYN_S2_OPT_NM,2021-06-21,4.23859289594592
P2  (LAI=3.4),DYN_S2_OPT_NM,2021-06-22,4.22936447781482
P2  (LAI=3.4),DYN_S2_OPT_NM,2021-06-23,4.21684092808766
P2  (LAI=3.4),DYN_S2_OPT_NM,2021-06-24,4.2012520786915
P2  (LAI=3.4),DYN_S2_OPT_NM,2021-06-25,4.18282776155343
P2  (LAI=3.4),DYN_S2_OPT_NM,2021-06-26,4.1617978086005
P2  (LAI=3.4),DYN_S2_OPT_NM,2021-06-27,4.13839205175979
P2  (LAI=3.4),DYN_S2_OPT_NM,2021-06-28,4.11284032295835
P2  (LAI=3.4),DYN_S2_OPT_NM,2021-06-29,4.08537245412327
P2  (LAI=3.4),DYN_S2_OPT_NM,2021-06-30,4.0562182771816
P2  (LAI=3.4),DYN_S2_OPT_NM,2021-07-01,4.02560762406043
P2  (LAI=3.4),DYN_S2_OPT_NM,2021-07-02,3.9937703266868
P2  (LAI=3.4),DYN_S2_OPT_NM,2021-07-03,3.9609362169878
P2  (LAI=3.4),DYN_S2_OPT_NM,2021-07-04,3.92733512689049
P2  (LAI=3.4),DYN_S2_OPT_NM,2021-07-05,3.89319688832194
P2  (LAI=3.4),DYN_S2_OPT_NM,2021-07-06,3.85875133320921
P2  (LAI=3.4),DYN_S2_OPT_NM,2021-07-07,3.82422829347938
P2  (LAI=3.4),DYN_S2_OPT_NM,2021-07-08,3.78985760105952
P2  (LAI=3.4),DYN_S2_OPT_NM,2021-07-09,3.75586908787668
P2  (LAI=3.4),DYN_S2_OPT_NM,2021-07-10,3.72249258585795
P2  (LAI=3.4),DYN_S2_OPT_NM,2021-07-11,3.68995792693038
P2  (LAI=3.4),DYN_S2_OPT_NM,2021-07-12,3.65849494302105
P2  (LAI=3.4),DYN_S2_OPT_NM,2021-07-13,3.62833346605702
P2  (LAI=3.4),DYN_S2_OPT_NM,2021-07-14,3.59970332796536
P2  (LAI=3.4),DYN_S2_OPT_NM,2021-07-15,3.57283436067315
P2  (LAI=3.4),DYN_S2_OPT_NM,2021-07-16,3.54795639610744
P2  (LAI=3.4),DYN_S2_OPT_NM,2021-07-17,3.5252992661953
P2  (LAI=3.4),DYN_S2_OPT_NM,2021-07-18,3.50509262181127
P2  (LAI=3.4),DYN_S2_OPT_NM,2021-07-19,3.48747413913464
P2  (LAI=3.4),DYN_S2_OPT_NM,2021-07-20,3.47234015129611
P2  (LAI=3.4),DYN_S2_OPT_NM,2021-07-21,3.45954788407566
P2  (LAI=3.4),DYN_S2_OPT_NM,2021-07-22,3.44895456325324
P2  (LAI=3.4),DYN_S2_OPT_NM,2021-07-23,3.44041741460883
P2  (LAI=3.4),DYN_S2_OPT_NM,2021-07-24,3.4337936639224
P2  (LAI=3.4),DYN_S2_OPT_NM,2021-07-25,3.42894053697393
P2  (LAI=3.4),DYN_S2_OPT_NM,2021-07-26,3.42571525954338
P2  (LAI=3.4),DYN_S2_OPT_NM,2021-07-27,3.42397505741072
P2  (LAI=3.4),DYN_S2_OPT_NM,2021-07-28,3.42357715635593
P2  (LAI=3.4),DYN_S2_OPT_NM,2021-07-29,3.42437878215898
P2  (LAI=3.4),DYN_S2_OPT_NM,2021-07-30,3.42623716059983
P2  (LAI=3.4),DYN_S2_OPT_NM,2021-07-31,3.42900951745847
P2  (LAI=3.4),DYN_S2_OPT_NM,2021-08-01,3.43255307851485
P2  (LAI=3.4),DYN_S2_OPT_NM,2021-08-02,3.43672506954895
P2  (LAI=3.4),DYN_S2_OPT_NM,2021-08-03,3.44138271634074
P2  (LAI=3.4),DYN_S2_OPT_NM,2021-08-04,3.44638324467019
P2  (LAI=3.4),DYN_S2_OPT_NM,2021-08-05,3.45158388031728
P2  (LAI=3.4),DYN_S2_OPT_NM,2021-08-06,3.45684184906197
P2  (LAI=3.4),DYN_S2_OPT_NM,2021-08-07,3.46201437668423
P2  (LAI=3.4),DYN_S2_OPT_NM,2021-08-08,3.46695868896404
P2  (LAI=3.4),DYN_S2_OPT_NM,2021-08-09,3.47153201168137
P2  (LAI=3.4),DYN_S2_OPT_NM,2021-08-10,3.47559157061618
P2  (LAI=3.4),DYN_S2_OPT_NM,2021-08-11,3.47899459154846
P2  (LAI=3.4),DYN_S2_OPT_NM,2021-08-12,3.4816241347708
P2  (LAI=3.4),DYN_S2_OPT_NM,2021-08-13,3.4834665986264
P2  (LAI=3.4),DYN_S2_OPT_NM,2021-08-14,3.48453421597107
P2  (LAI=3.4),DYN_S2_OPT_NM,2021-08-15,3.48483921966065
P2  (LAI=3.4),DYN_S2_OPT_NM,2021-08-16,3.48439384255095
P2  (LAI=3.4),DYN_S2_OPT_NM,2021-08-17,3.48321031749781
P2  (LAI=3.4),DYN_S2_OPT_NM,2021-08-18,3.48130087735704
P2  (LAI=3.4),DYN_S2_OPT_NM,2021-08-19,3.47867775498448
P2  (LAI=3.4),DYN_S2_OPT_NM,2021-08-20,3.47535318323594
P2  (LAI=3.4),DYN_S2_OPT_NM,2021-08-21,3.47133939496724
P2  (LAI=3.4),DYN_S2_OPT_NM,2021-08-22,3.46664862303422
P2  (LAI=3.4),DYN_S2_OPT_NM,2021-08-23,3.46129310029271
P2  (LAI=3.4),DYN_S2_OPT_NM,2021-08-24,3.45528505959851
P2  (LAI=3.4),DYN_S2_OPT_NM,2021-08-25,3.44863673380746
P2  (LAI=3.4),DYN_S2_OPT_NM,2021-08-26,3.44136035577538
P2  (LAI=3.4),DYN_S2_OPT_NM,2021-08-27,3.4334681583581
P2  (LAI=3.4),DYN_S2_OPT_NM,2021-08-28,3.42497237441144
P2  (LAI=3.4),DYN_S2_OPT_NM,2021-08-29,3.41588523679123
P2  (LAI=3.4),DYN_S2_OPT_NM,2021-08-30,3.40621897835328
P2  (LAI=3.4),DYN_S2_OPT_NM,2021-08-31,3.39598583195343
P2  (LAI=3.4),DYN_S2_OPT_NM,2021-09-01,3.3851980304475
P2  (LAI=3.4),DYN_S2_OPT_NM,2021-09-02,3.37386780669131
P2  (LAI=3.4),DYN_S2_OPT_NM,2021-09-03,3.36200739354069
P2  (LAI=3.4),DYN_S2_OPT_NM,2021-09-04,3.34962902385146
P2  (LAI=3.4),DYN_S2_OPT_NM,2021-09-05,3.33674493047945
P2  (LAI=3.4),DYN_S2_OPT_NM,2021-09-06,3.3233669034387
P2  (LAI=3.4),DYN_S2_OPT_NM,2021-09-07,3.30949210256286
P2  (LAI=3.4),DYN_S2_OPT_NM,2021-09-08,3.295100056022
P2  (LAI=3.4),DYN_S2_OPT_NM,2021-09-09,3.28016924228715
P2  (LAI=3.4),DYN_S2_OPT_NM,2021-09-10,3.26467813982935
P2  (LAI=3.4),DYN_S2_OPT_NM,2021-09-11,3.24860522711961
P2  (LAI=3.4),DYN_S2_OPT_NM,2021-09-12,3.23192898262896
P2  (LAI=3.4),DYN_S2_OPT_NM,2021-09-13,3.21462788482844
P2  (LAI=3.4),DYN_S2_OPT_NM,2021-09-14,3.19668041218908
P2  (LAI=3.4),DYN_S2_OPT_NM,2021-09-15,3.1780650431819
P2  (LAI=3.4),DYN_S2_OPT_NM,2021-09-16,3.15876025627792
P2  (LAI=3.4),DYN_S2_OPT_NM,2021-09-17,3.13874452994819
P2  (LAI=3.4),DYN_S2_OPT_NM,2021-09-18,3.11799634266373
P2  (LAI=3.4),DYN_S2_OPT_NM,2021-09-19,3.09649417289557
P2  (LAI=3.4),DYN_S2_OPT_NM,2021-09-20,3.07421649911473
P2  (LAI=3.4),DYN_S2_OPT_NM,2021-09-21,3.05114179979224
P2  (LAI=3.4),DYN_S2_OPT_NM,2021-09-22,3.02724855339914
P2  (LAI=3.4),DYN_S2_OPT_NM,2021-09-23,3.00251523840645
P2  (LAI=3.4),DYN_S2_OPT_NM,2021-09-24,2.9769203332852
P2  (LAI=3.4),DYN_S2_OPT_NM,2021-09-25,2.95044231650642
P2  (LAI=3.4),DYN_S2_OPT_NM,2021-09-26,2.92305966654114
P2  (LAI=3.4),DYN_S2_OPT_NM,2021-09-27,2.89475086186038
P2  (LAI=3.4),DYN_S2_OPT_NM,2021-09-28,2.86549438093518
P2  (LAI=3.4),DYN_S2_OPT_NM,2021-09-29,2.83526872398758
P2  (LAI=3.4),DYN_S2_OPT_NM,2021-09-30,2.80406344075769
P2  (LAI=3.4),DYN_ATBD_rfull_NM,2021-06-01,3.09449288233617
P2  (LAI=3.4),DYN_ATBD_rfull_NM,2021-06-02,3.13643564733296
P2  (LAI=3.4),DYN_ATBD_rfull_NM,2021-06-03,3.17756525309151
P2  (LAI=3.4),DYN_ATBD_rfull_NM,2021-06-04,3.21768350621393
P2  (LAI=3.4),DYN_ATBD_rfull_NM,2021-06-05,3.25659221330238
P2  (LAI=3.4),DYN_ATBD_rfull_NM,2021-06-06,3.29409318095899
P2  (LAI=3.4),DYN_ATBD_rfull_NM,2021-06-07,3.3299882157859
P2  (LAI=3.4),DYN_ATBD_rfull_NM,2021-06-08,3.36407912438525
P2  (LAI=3.4),DYN_ATBD_rfull_NM,2021-06-09,3.39616771335917
P2  (LAI=3.4),DYN_ATBD_rfull_NM,2021-06-10,3.4260557893098
P2  (LAI=3.4),DYN_ATBD_rfull_NM,2021-06-11,3.45354515883928
P2  (LAI=3.4),DYN_ATBD_rfull_NM,2021-06-12,3.47843762854975
P2  (LAI=3.4),DYN_ATBD_rfull_NM,2021-06-13,3.50053500504334
P2  (LAI=3.4),DYN_ATBD_rfull_NM,2021-06-14,3.51963909492219
P2  (LAI=3.4),DYN_ATBD_rfull_NM,2021-06-15,3.53555170478844
P2  (LAI=3.4),DYN_ATBD_rfull_NM,2021-06-16,3.54807464124423
P2  (LAI=3.4),DYN_ATBD_rfull_NM,2021-06-17,3.55700990092876
P2  (LAI=3.4),DYN_ATBD_rfull_NM,2021-06-18,3.56225601931084
P2  (LAI=3.4),DYN_ATBD_rfull_NM,2021-06-19,3.56396485126847
P2  (LAI=3.4),DYN_ATBD_rfull_NM,2021-06-20,3.56232929968594
P2  (LAI=3.4),DYN_ATBD_rfull_NM,2021-06-21,3.55754226744754
P2  (LAI=3.4),DYN_ATBD_rfull_NM,2021-06-22,3.54979665743756
P2  (LAI=3.4),DYN_ATBD_rfull_NM,2021-06-23,3.53928537254029
P2  (LAI=3.4),DYN_ATBD_rfull_NM,2021-06-24,3.52620131564
P2  (LAI=3.4),DYN_ATBD_rfull_NM,2021-06-25,3.51073738962101
P2  (LAI=3.4),DYN_ATBD_rfull_NM,2021-06-26,3.49308649736758
P2  (LAI=3.4),DYN_ATBD_rfull_NM,2021-06-27,3.47344154176401
P2  (LAI=3.4),DYN_ATBD_rfull_NM,2021-06-28,3.4519954256946
P2  (LAI=3.4),DYN_ATBD_rfull_NM,2021-06-29,3.42894105204362
P2  (LAI=3.4),DYN_ATBD_rfull_NM,2021-06-30,3.40447132369537
P2  (LAI=3.4),DYN_ATBD_rfull_NM,2021-07-01,3.37877914353414
P2  (LAI=3.4),DYN_ATBD_rfull_NM,2021-07-02,3.35205741444421
P2  (LAI=3.4),DYN_ATBD_rfull_NM,2021-07-03,3.32449903930988
P2  (LAI=3.4),DYN_ATBD_rfull_NM,2021-07-04,3.29629692101542
P2  (LAI=3.4),DYN_ATBD_rfull_NM,2021-07-05,3.26764396244514
P2  (LAI=3.4),DYN_ATBD_rfull_NM,2021-07-06,3.23873306648332
P2  (LAI=3.4),DYN_ATBD_rfull_NM,2021-07-07,3.20975713601424
P2  (LAI=3.4),DYN_ATBD_rfull_NM,2021-07-08,3.18090907392221
P2  (LAI=3.4),DYN_ATBD_rfull_NM,2021-07-09,3.1523817830915
P2  (LAI=3.4),DYN_ATBD_rfull_NM,2021-07-10,3.1243681664064
P2  (LAI=3.4),DYN_ATBD_rfull_NM,2021-07-11,3.09706112675121
P2  (LAI=3.4),DYN_ATBD_rfull_NM,2021-07-12,3.07065356701021
P2  (LAI=3.4),DYN_ATBD_rfull_NM,2021-07-13,3.04533839006769
P2  (LAI=3.4),DYN_ATBD_rfull_NM,2021-07-14,3.02130849880794
P2  (LAI=3.4),DYN_ATBD_rfull_NM,2021-07-15,2.99875679611525
P2  (LAI=3.4),DYN_ATBD_rfull_NM,2021-07-16,2.9778761848739
P2  (LAI=3.4),DYN_ATBD_rfull_NM,2021-07-17,2.95885956796819
P2  (LAI=3.4),DYN_ATBD_rfull_NM,2021-07-18,2.94189969632111
P2  (LAI=3.4),DYN_ATBD_rfull_NM,2021-07-19,2.92711212451388
P2  (LAI=3.4),DYN_ATBD_rfull_NM,2021-07-20,2.91440984271133
P2  (LAI=3.4),DYN_ATBD_rfull_NM,2021-07-21,2.90367301743689
P2  (LAI=3.4),DYN_ATBD_rfull_NM,2021-07-22,2.89478181521399
P2  (LAI=3.4),DYN_ATBD_rfull_NM,2021-07-23,2.88761640256608
P2  (LAI=3.4),DYN_ATBD_rfull_NM,2021-07-24,2.88205694601659
P2  (LAI=3.4),DYN_ATBD_rfull_NM,2021-07-25,2.87798361208896
P2  (LAI=3.4),DYN_ATBD_rfull_NM,2021-07-26,2.87527656730662
P2  (LAI=3.4),DYN_ATBD_rfull_NM,2021-07-27,2.87381597819301
P2  (LAI=3.4),DYN_ATBD_rfull_NM,2021-07-28,2.87348201127158
P2  (LAI=3.4),DYN_ATBD_rfull_NM,2021-07-29,2.87415483306575
P2  (LAI=3.4),DYN_ATBD_rfull_NM,2021-07-30,2.87571461009896
P2  (LAI=3.4),DYN_ATBD_rfull_NM,2021-07-31,2.87804150889466
P2  (LAI=3.4),DYN_ATBD_rfull_NM,2021-08-01,2.88101569597628
P2  (LAI=3.4),DYN_ATBD_rfull_NM,2021-08-02,2.88451733786725
P2  (LAI=3.4),DYN_ATBD_rfull_NM,2021-08-03,2.88842660109102
P2  (LAI=3.4),DYN_ATBD_rfull_NM,2021-08-04,2.89262365217102
P2  (LAI=3.4),DYN_ATBD_rfull_NM,2021-08-05,2.89698865763068
P2  (LAI=3.4),DYN_ATBD_rfull_NM,2021-08-06,2.90140178399345
P2  (LAI=3.4),DYN_ATBD_rfull_NM,2021-08-07,2.90574319778277
P2  (LAI=3.4),DYN_ATBD_rfull_NM,2021-08-08,2.90989306552206
P2  (LAI=3.4),DYN_ATBD_rfull_NM,2021-08-09,2.91373155373477
P2  (LAI=3.4),DYN_ATBD_rfull_NM,2021-08-10,2.91713882894434
P2  (LAI=3.4),DYN_ATBD_rfull_NM,2021-08-11,2.91999505767419
P2  (LAI=3.4),DYN_ATBD_rfull_NM,2021-08-12,2.92220208991041
P2  (LAI=3.4),DYN_ATBD_rfull_NM,2021-08-13,2.92374850948961
P2  (LAI=3.4),DYN_ATBD_rfull_NM,2021-08-14,2.92464458371103
P2  (LAI=3.4),DYN_ATBD_rfull_NM,2021-08-15,2.92490057987391
P2  (LAI=3.4),DYN_ATBD_rfull_NM,2021-08-16,2.92452676527752
P2  (LAI=3.4),DYN_ATBD_rfull_NM,2021-08-17,2.92353340722108
P2  (LAI=3.4),DYN_ATBD_rfull_NM,2021-08-18,2.92193077300385
P2  (LAI=3.4),DYN_ATBD_rfull_NM,2021-08-19,2.91972912992508
P2  (LAI=3.4),DYN_ATBD_rfull_NM,2021-08-20,2.91693874528401
P2  (LAI=3.4),DYN_ATBD_rfull_NM,2021-08-21,2.91356988637989
P2  (LAI=3.4),DYN_ATBD_rfull_NM,2021-08-22,2.90963282051196
P2  (LAI=3.4),DYN_ATBD_rfull_NM,2021-08-23,2.90513781497947
P2  (LAI=3.4),DYN_ATBD_rfull_NM,2021-08-24,2.90009513708168
P2  (LAI=3.4),DYN_ATBD_rfull_NM,2021-08-25,2.89451505411781
P2  (LAI=3.4),DYN_ATBD_rfull_NM,2021-08-26,2.88840783338713
P2  (LAI=3.4),DYN_ATBD_rfull_NM,2021-08-27,2.88178374218888
P2  (LAI=3.4),DYN_ATBD_rfull_NM,2021-08-28,2.8746530478223
P2  (LAI=3.4),DYN_ATBD_rfull_NM,2021-08-29,2.86702601758664
P2  (LAI=3.4),DYN_ATBD_rfull_NM,2021-08-30,2.85891291878115
P2  (LAI=3.4),DYN_ATBD_rfull_NM,2021-08-31,2.85032401870507
P2  (LAI=3.4),DYN_ATBD_rfull_NM,2021-09-01,2.84126958465766
P2  (LAI=3.4),DYN_ATBD_rfull_NM,2021-09-02,2.83175988393815
P2  (LAI=3.4),DYN_ATBD_rfull_NM,2021-09-03,2.8218051838458
P2  (LAI=3.4),DYN_ATBD_rfull_NM,2021-09-04,2.81141575167984
P2  (LAI=3.4),DYN_ATBD_rfull_NM,2021-09-05,2.80060185473954
P2  (LAI=3.4),DYN_ATBD_rfull_NM,2021-09-06,2.78937338863748
P2  (LAI=3.4),DYN_ATBD_rfull_NM,2021-09-07,2.77772796956092
P2  (LAI=3.4),DYN_ATBD_rfull_NM,2021-09-08,2.76564841506227
P2  (LAI=3.4),DYN_ATBD_rfull_NM,2021-09-09,2.75311666165894
P2  (LAI=3.4),DYN_ATBD_rfull_NM,2021-09-10,2.74011464586834
P2  (LAI=3.4),DYN_ATBD_rfull_NM,2021-09-11,2.72662430420788
P2  (LAI=3.4),DYN_ATBD_rfull_NM,2021-09-12,2.71262757319498
P2  (LAI=3.4),DYN_ATBD_rfull_NM,2021-09-13,2.69810638934704
P2  (LAI=3.4),DYN_ATBD_rfull_NM,2021-09-14,2.68304268918148
P2  (LAI=3.4),DYN_ATBD_rfull_NM,2021-09-15,2.66741840921571
P2  (LAI=3.4),DYN_ATBD_rfull_NM,2021-09-16,2.65121548596714
P2  (LAI=3.4),DYN_ATBD_rfull_NM,2021-09-17,2.63441585595319
P2  (LAI=3.4),DYN_ATBD_rfull_NM,2021-09-18,2.61700145569125
P2  (LAI=3.4),DYN_ATBD_rfull_NM,2021-09-19,2.59895422169875
P2  (LAI=3.4),DYN_ATBD_rfull_NM,2021-09-20,2.5802560904931
P2  (LAI=3.4),DYN_ATBD_rfull_NM,2021-09-21,2.5608889985917
P2  (LAI=3.4),DYN_ATBD_rfull_NM,2021-09-22,2.54083488251198
P2  (LAI=3.4),DYN_ATBD_rfull_NM,2021-09-23,2.52007567877134
P2  (LAI=3.4),DYN_ATBD_rfull_NM,2021-09-24,2.49859332388718
P2  (LAI=3.4),DYN_ATBD_rfull_NM,2021-09-25,2.47636975437694
P2  (LAI=3.4),DYN_ATBD_rfull_NM,2021-09-26,2.453386906758
P2  (LAI=3.4),DYN_ATBD_rfull_NM,2021-09-27,2.4296267175478
P2  (LAI=3.4),DYN_ATBD_rfull_NM,2021-09-28,2.40507112326373
P2  (LAI=3.4),DYN_ATBD_rfull_NM,2021-09-29,2.37970207867931
P2  (LAI=3.4),DYN_ATBD_rfull_NM,2021-09-30,2.35351081266643
P2  (LAI=3.4),DYN_OPT_rdopt_NM,2021-06-01,1.24040503729656
P2  (LAI=3.4),DYN_OPT_rdopt_NM,2021-06-02,1.25721749056706
P2  (LAI=3.4),DYN_OPT_rdopt_NM,2021-06-03,1.27370399485218
P2  (LAI=3.4),DYN_OPT_rdopt_NM,2021-06-04,1.28978510576526
P2  (LAI=3.4),DYN_OPT_rdopt_NM,2021-06-05,1.30538137891965
P2  (LAI=3.4),DYN_OPT_rdopt_NM,2021-06-06,1.32041336992867
P2  (LAI=3.4),DYN_OPT_rdopt_NM,2021-06-07,1.33480163440566
P2  (LAI=3.4),DYN_OPT_rdopt_NM,2021-06-08,1.34846672796397
P2  (LAI=3.4),DYN_OPT_rdopt_NM,2021-06-09,1.36132920621693
P2  (LAI=3.4),DYN_OPT_rdopt_NM,2021-06-10,1.37330962477788
P2  (LAI=3.4),DYN_OPT_rdopt_NM,2021-06-11,1.38432853926016
P2  (LAI=3.4),DYN_OPT_rdopt_NM,2021-06-12,1.3943065052771
P2  (LAI=3.4),DYN_OPT_rdopt_NM,2021-06-13,1.40316407844204
P2  (LAI=3.4),DYN_OPT_rdopt_NM,2021-06-14,1.41082181436832
P2  (LAI=3.4),DYN_OPT_rdopt_NM,2021-06-15,1.41720026866928
P2  (LAI=3.4),DYN_OPT_rdopt_NM,2021-06-16,1.42221999695826
P2  (LAI=3.4),DYN_OPT_rdopt_NM,2021-06-17,1.42580163102358
P2  (LAI=3.4),DYN_OPT_rdopt_NM,2021-06-18,1.4279044995435
P2  (LAI=3.4),DYN_OPT_rdopt_NM,2021-06-19,1.42858947244495
P2  (LAI=3.4),DYN_OPT_rdopt_NM,2021-06-20,1.42793387345059
P2  (LAI=3.4),DYN_OPT_rdopt_NM,2021-06-21,1.42601502628306
P2  (LAI=3.4),DYN_OPT_rdopt_NM,2021-06-22,1.42291025466501
P2  (LAI=3.4),DYN_OPT_rdopt_NM,2021-06-23,1.41869688231911
P2  (LAI=3.4),DYN_OPT_rdopt_NM,2021-06-24,1.41345223296799
P2  (LAI=3.4),DYN_OPT_rdopt_NM,2021-06-25,1.40725363033431
P2  (LAI=3.4),DYN_OPT_rdopt_NM,2021-06-26,1.40017839814072
P2  (LAI=3.4),DYN_OPT_rdopt_NM,2021-06-27,1.39230386010988
P2  (LAI=3.4),DYN_OPT_rdopt_NM,2021-06-28,1.38370733996443
P2  (LAI=3.4),DYN_OPT_rdopt_NM,2021-06-29,1.37446616142703
P2  (LAI=3.4),DYN_OPT_rdopt_NM,2021-06-30,1.36465764822033
P2  (LAI=3.4),DYN_OPT_rdopt_NM,2021-07-01,1.35435912406697
P2  (LAI=3.4),DYN_OPT_rdopt_NM,2021-07-02,1.34364791268962
P2  (LAI=3.4),DYN_OPT_rdopt_NM,2021-07-03,1.33260133781091
P2  (LAI=3.4),DYN_OPT_rdopt_NM,2021-07-04,1.32129672315352
P2  (LAI=3.4),DYN_OPT_rdopt_NM,2021-07-05,1.30981139244007
P2  (LAI=3.4),DYN_OPT_rdopt_NM,2021-07-06,1.29822266939324
P2  (LAI=3.4),DYN_OPT_rdopt_NM,2021-07-07,1.28660787773566
P2  (LAI=3.4),DYN_OPT_rdopt_NM,2021-07-08,1.27504434118999
P2  (LAI=3.4),DYN_OPT_rdopt_NM,2021-07-09,1.26360938347888
P2  (LAI=3.4),DYN_OPT_rdopt_NM,2021-07-10,1.25238032832499
P2  (LAI=3.4),DYN_OPT_rdopt_NM,2021-07-11,1.24143449945096
P2  (LAI=3.4),DYN_OPT_rdopt_NM,2021-07-12,1.23084922057944
P2  (LAI=3.4),DYN_OPT_rdopt_NM,2021-07-13,1.22070181543309
P2  (LAI=3.4),DYN_OPT_rdopt_NM,2021-07-14,1.21106960773456
P2  (LAI=3.4),DYN_OPT_rdopt_NM,2021-07-15,1.2020299212065
P2  (LAI=3.4),DYN_OPT_rdopt_NM,2021-07-16,1.19366007957157
P2  (LAI=3.4),DYN_OPT_rdopt_NM,2021-07-17,1.1860374065524
P2  (LAI=3.4),DYN_OPT_rdopt_NM,2021-07-18,1.17923916495908
P2  (LAI=3.4),DYN_OPT_rdopt_NM,2021-07-19,1.17331167400773
P2  (LAI=3.4),DYN_OPT_rdopt_NM,2021-07-20,1.16822005643672
P2  (LAI=3.4),DYN_OPT_rdopt_NM,2021-07-21,1.16391627786576
P2  (LAI=3.4),DYN_OPT_rdopt_NM,2021-07-22,1.16035230391454
P2  (LAI=3.4),DYN_OPT_rdopt_NM,2021-07-23,1.15748010020274
P2  (LAI=3.4),DYN_OPT_rdopt_NM,2021-07-24,1.15525163235006
P2  (LAI=3.4),DYN_OPT_rdopt_NM,2021-07-25,1.1536188659762
P2  (LAI=3.4),DYN_OPT_rdopt_NM,2021-07-26,1.15253376670085
P2  (LAI=3.4),DYN_OPT_rdopt_NM,2021-07-27,1.1519483001437
P2  (LAI=3.4),DYN_OPT_rdopt_NM,2021-07-28,1.15181443192445
P2  (LAI=3.4),DYN_OPT_rdopt_NM,2021-07-29,1.1520841276628
P2  (LAI=3.4),DYN_OPT_rdopt_NM,2021-07-30,1.15270935297842
P2  (LAI=3.4),DYN_OPT_rdopt_NM,2021-07-31,1.15364207349103
P2  (LAI=3.4),DYN_OPT_rdopt_NM,2021-08-01,1.1548342548203
P2  (LAI=3.4),DYN_OPT_rdopt_NM,2021-08-02,1.15623786258595
P2  (LAI=3.4),DYN_OPT_rdopt_NM,2021-08-03,1.15780486240765
P2  (LAI=3.4),DYN_OPT_rdopt_NM,2021-08-04,1.1594872199051
P2  (LAI=3.4),DYN_OPT_rdopt_NM,2021-08-05,1.16123690069801
P2  (LAI=3.4),DYN_OPT_rdopt_NM,2021-08-06,1.16300587040605
P2  (LAI=3.4),DYN_OPT_rdopt_NM,2021-08-07,1.16474609464893
P2  (LAI=3.4),DYN_OPT_rdopt_NM,2021-08-08,1.16640953904633
P2  (LAI=3.4),DYN_OPT_rdopt_NM,2021-08-09,1.16794816921796
P2  (LAI=3.4),DYN_OPT_rdopt_NM,2021-08-10,1.1693139507835
P2  (LAI=3.4),DYN_OPT_rdopt_NM,2021-08-11,1.17045884936266
P2  (LAI=3.4),DYN_OPT_rdopt_NM,2021-08-12,1.17134352223391
P2  (LAI=3.4),DYN_OPT_rdopt_NM,2021-08-13,1.17196339331093
P2  (LAI=3.4),DYN_OPT_rdopt_NM,2021-08-14,1.17232257816619
P2  (LAI=3.4),DYN_OPT_rdopt_NM,2021-08-15,1.17242519237215
P2  (LAI=3.4),DYN_OPT_rdopt_NM,2021-08-16,1.17227535150128
P2  (LAI=3.4),DYN_OPT_rdopt_NM,2021-08-17,1.17187717112605
P2  (LAI=3.4),DYN_OPT_rdopt_NM,2021-08-18,1.17123476681892
P2  (LAI=3.4),DYN_OPT_rdopt_NM,2021-08-19,1.17035225415236
P2  (LAI=3.4),DYN_OPT_rdopt_NM,2021-08-20,1.16923374869884
P2  (LAI=3.4),DYN_OPT_rdopt_NM,2021-08-21,1.16788336603082
P2  (LAI=3.4),DYN_OPT_rdopt_NM,2021-08-22,1.16630522172077
P2  (LAI=3.4),DYN_OPT_rdopt_NM,2021-08-23,1.16450343134115
P2  (LAI=3.4),DYN_OPT_rdopt_NM,2021-08-24,1.16248211046445
P2  (LAI=3.4),DYN_OPT_rdopt_NM,2021-08-25,1.16024537466311
P2  (LAI=3.4),DYN_OPT_rdopt_NM,2021-08-26,1.15779733950961
P2  (LAI=3.4),DYN_OPT_rdopt_NM,2021-08-27,1.15514212057641
P2  (LAI=3.4),DYN_OPT_rdopt_NM,2021-08-28,1.15228383343598
P2  (LAI=3.4),DYN_OPT_rdopt_NM,2021-08-29,1.14922659366079
P2  (LAI=3.4),DYN_OPT_rdopt_NM,2021-08-30,1.1459745168233
P2  (LAI=3.4),DYN_OPT_rdopt_NM,2021-08-31,1.14253171849598
P2  (LAI=3.4),DYN_OPT_rdopt_NM,2021-09-01,1.1389023142513
P2  (LAI=3.4),DYN_OPT_rdopt_NM,2021-09-02,1.13509041966173
P2  (LAI=3.4),DYN_OPT_rdopt_NM,2021-09-03,1.13110015029972
P2  (LAI=3.4),DYN_OPT_rdopt_NM,2021-09-04,1.12693562173775
P2  (LAI=3.4),DYN_OPT_rdopt_NM,2021-09-05,1.12260094954829
P2  (LAI=3.4),DYN_OPT_rdopt_NM,2021-09-06,1.1181001003159
P2  (LAI=3.4),DYN_OPT_rdopt_NM,2021-09-07,1.11343211850652
P2  (LAI=3.4),DYN_OPT_rdopt_NM,2021-09-08,1.10859011666061
P2  (LAI=3.4),DYN_OPT_rdopt_NM,2021-09-09,1.10356685416213
P2  (LAI=3.4),DYN_OPT_rdopt_NM,2021-09-10,1.09835509039504
P2  (LAI=3.4),DYN_OPT_rdopt_NM,2021-09-11,1.09294758474331
P2  (LAI=3.4),DYN_OPT_rdopt_NM,2021-09-12,1.08733709659089
P2  (LAI=3.4),DYN_OPT_rdopt_NM,2021-09-13,1.08151638532175
P2  (LAI=3.4),DYN_OPT_rdopt_NM,2021-09-14,1.07547821031985
P2  (LAI=3.4),DYN_OPT_rdopt_NM,2021-09-15,1.06921533096915
P2  (LAI=3.4),DYN_OPT_rdopt_NM,2021-09-16,1.06272050665361
P2  (LAI=3.4),DYN_OPT_rdopt_NM,2021-09-17,1.0559864967572
P2  (LAI=3.4),DYN_OPT_rdopt_NM,2021-09-18,1.04900606066387
P2  (LAI=3.4),DYN_OPT_rdopt_NM,2021-09-19,1.04177195775759
P2  (LAI=3.4),DYN_OPT_rdopt_NM,2021-09-20,1.03427694742232
P2  (LAI=3.4),DYN_OPT_rdopt_NM,2021-09-21,1.02651378904203
P2  (LAI=3.4),DYN_OPT_rdopt_NM,2021-09-22,1.01847524200066
P2  (LAI=3.4),DYN_OPT_rdopt_NM,2021-09-23,1.0101540656822
P2  (LAI=3.4),DYN_OPT_rdopt_NM,2021-09-24,1.00154301947059
P2  (LAI=3.4),DYN_OPT_rdopt_NM,2021-09-25,0.992634862749797
P2  (LAI=3.4),DYN_OPT_rdopt_NM,2021-09-26,0.983422354903787
P2  (LAI=3.4),DYN_OPT_rdopt_NM,2021-09-27,0.97389825531652
P2  (LAI=3.4),DYN_OPT_rdopt_NM,2021-09-28,0.964055323371958
P2  (LAI=3.4),DYN_OPT_rdopt_NM,2021-09-29,0.953886325771887
P2  (LAI=3.4),DYN_OPT_rdopt_NM,2021-09-30,0.943387746673195
P2  (LAI=3.4),DYN_ALS_S2TIMING_NM,2021-06-01,2.85914219946835
P2  (LAI=3.4),DYN_ALS_S2TIMING_NM,2021-06-02,2.8978950206654
P2  (LAI=3.4),DYN_ALS_S2TIMING_NM,2021-06-03,2.93589652719431
P2  (LAI=3.4),DYN_ALS_S2TIMING_NM,2021-06-04,2.97296359919374
P2  (LAI=3.4),DYN_ALS_S2TIMING_NM,2021-06-05,3.00891311680237
P2  (LAI=3.4),DYN_ALS_S2TIMING_NM,2021-06-06,3.04356196015889
P2  (LAI=3.4),DYN_ALS_S2TIMING_NM,2021-06-07,3.07672700940196
P2  (LAI=3.4),DYN_ALS_S2TIMING_NM,2021-06-08,3.10822514467025
P2  (LAI=3.4),DYN_ALS_S2TIMING_NM,2021-06-09,3.13787324610245
P2  (LAI=3.4),DYN_ALS_S2TIMING_NM,2021-06-10,3.16548819383723
P2  (LAI=3.4),DYN_ALS_S2TIMING_NM,2021-06-11,3.19088686801327
P2  (LAI=3.4),DYN_ALS_S2TIMING_NM,2021-06-12,3.21388614876923
P2  (LAI=3.4),DYN_ALS_S2TIMING_NM,2021-06-13,3.2343029162438
P2  (LAI=3.4),DYN_ALS_S2TIMING_NM,2021-06-14,3.25195405057565
P2  (LAI=3.4),DYN_ALS_S2TIMING_NM,2021-06-15,3.26665643190345
P2  (LAI=3.4),DYN_ALS_S2TIMING_NM,2021-06-16,3.27822694036588
P2  (LAI=3.4),DYN_ALS_S2TIMING_NM,2021-06-17,3.28648263168548
P2  (LAI=3.4),DYN_ALS_S2TIMING_NM,2021-06-18,3.29132975818405
P2  (LAI=3.4),DYN_ALS_S2TIMING_NM,2021-06-19,3.29290862546462
P2  (LAI=3.4),DYN_ALS_S2TIMING_NM,2021-06-20,3.29139746524327
P2  (LAI=3.4),DYN_ALS_S2TIMING_NM,2021-06-21,3.28697450923612
P2  (LAI=3.4),DYN_ALS_S2TIMING_NM,2021-06-22,3.27981798915925
P2  (LAI=3.4),DYN_ALS_S2TIMING_NM,2021-06-23,3.27010613672877
P2  (LAI=3.4),DYN_ALS_S2TIMING_NM,2021-06-24,3.25801718366076
P2  (LAI=3.4),DYN_ALS_S2TIMING_NM,2021-06-25,3.24372936167133
P2  (LAI=3.4),DYN_ALS_S2TIMING_NM,2021-06-26,3.22742090247658
P2  (LAI=3.4),DYN_ALS_S2TIMING_NM,2021-06-27,3.20927003779259
P2  (LAI=3.4),DYN_ALS_S2TIMING_NM,2021-06-28,3.18945499933548
P2  (LAI=3.4),DYN_ALS_S2TIMING_NM,2021-06-29,3.16815401882133
P2  (LAI=3.4),DYN_ALS_S2TIMING_NM,2021-06-30,3.14554532796624
P2  (LAI=3.4),DYN_ALS_S2TIMING_NM,2021-07-01,3.12180715848631
P2  (LAI=3.4),DYN_ALS_S2TIMING_NM,2021-07-02,3.09711774209764
P2  (LAI=3.4),DYN_ALS_S2TIMING_NM,2021-07-03,3.07165531051632
P2  (LAI=3.4),DYN_ALS_S2TIMING_NM,2021-07-04,3.04559809545846
P2  (LAI=3.4),DYN_ALS_S2TIMING_NM,2021-07-05,3.01912432864014
P2  (LAI=3.4),DYN_ALS_S2TIMING_NM,2021-07-06,2.99241224177747
P2  (LAI=3.4),DYN_ALS_S2TIMING_NM,2021-07-07,2.96564006658654
P2  (LAI=3.4),DYN_ALS_S2TIMING_NM,2021-07-08,2.93898603478345
P2  (LAI=3.4),DYN_ALS_S2TIMING_NM,2021-07-09,2.91262837808429
P2  (LAI=3.4),DYN_ALS_S2TIMING_NM,2021-07-10,2.88674532820517
P2  (LAI=3.4),DYN_ALS_S2TIMING_NM,2021-07-11,2.86151511686218
P2  (LAI=3.4),DYN_ALS_S2TIMING_NM,2021-07-12,2.83711597577142
P2  (LAI=3.4),DYN_ALS_S2TIMING_NM,2021-07-13,2.81372613664899
P2  (LAI=3.4),DYN_ALS_S2TIMING_NM,2021-07-14,2.79152383121097
P2  (LAI=3.4),DYN_ALS_S2TIMING_NM,2021-07-15,2.77068729117348
P2  (LAI=3.4),DYN_ALS_S2TIMING_NM,2021-07-16,2.7513947482526
P2  (LAI=3.4),DYN_ALS_S2TIMING_NM,2021-07-17,2.73382443416444
P2  (LAI=3.4),DYN_ALS_S2TIMING_NM,2021-07-18,2.71815444022115
P2  (LAI=3.4),DYN_ALS_S2TIMING_NM,2021-07-19,2.70449153253665
P2  (LAI=3.4),DYN_ALS_S2TIMING_NM,2021-07-20,2.69275531878139
P2  (LAI=3.4),DYN_ALS_S2TIMING_NM,2021-07-21,2.68283507937619
P2  (LAI=3.4),DYN_ALS_S2TIMING_NM,2021-07-22,2.67462009474184
P2  (LAI=3.4),DYN_ALS_S2TIMING_NM,2021-07-23,2.66799964529916
P2  (LAI=3.4),DYN_ALS_S2TIMING_NM,2021-07-24,2.66286301146894
P2  (LAI=3.4),DYN_ALS_S2TIMING_NM,2021-07-25,2.65909947367201
P2  (LAI=3.4),DYN_ALS_S2TIMING_NM,2021-07-26,2.65659831232916
P2  (LAI=3.4),DYN_ALS_S2TIMING_NM,2021-07-27,2.65524880786119
P2  (LAI=3.4),DYN_ALS_S2TIMING_NM,2021-07-28,2.65494024068893
P2  (LAI=3.4),DYN_ALS_S2TIMING_NM,2021-07-29,2.65556189123316
P2  (LAI=3.4),DYN_ALS_S2TIMING_NM,2021-07-30,2.65700303991471
P2  (LAI=3.4),DYN_ALS_S2TIMING_NM,2021-07-31,2.65915296715437
P2  (LAI=3.4),DYN_ALS_S2TIMING_NM,2021-08-01,2.66190095337295
P2  (LAI=3.4),DYN_ALS_S2TIMING_NM,2021-08-02,2.66513627899126
P2  (LAI=3.4),DYN_ALS_S2TIMING_NM,2021-08-03,2.66874822443011
P2  (LAI=3.4),DYN_ALS_S2TIMING_NM,2021-08-04,2.6726260701103
P2  (LAI=3.4),DYN_ALS_S2TIMING_NM,2021-08-05,2.67665909645264
P2  (LAI=3.4),DYN_ALS_S2TIMING_NM,2021-08-06,2.68073658387793
P2  (LAI=3.4),DYN_ALS_S2TIMING_NM,2021-08-07,2.68474781280699
P2  (LAI=3.4),DYN_ALS_S2TIMING_NM,2021-08-08,2.68858206366061
P2  (LAI=3.4),DYN_ALS_S2TIMING_NM,2021-08-09,2.69212861685961
P2  (LAI=3.4),DYN_ALS_S2TIMING_NM,2021-08-10,2.69527675282479
P2  (LAI=3.4),DYN_ALS_S2TIMING_NM,2021-08-11,2.69791575197695
P2  (LAI=3.4),DYN_ALS_S2TIMING_NM,2021-08-12,2.69995492907061
P2  (LAI=3.4),DYN_ALS_S2TIMING_NM,2021-08-13,2.7013837361951
P2  (LAI=3.4),DYN_ALS_S2TIMING_NM,2021-08-14,2.70221165977345
P2  (LAI=3.4),DYN_ALS_S2TIMING_NM,2021-08-15,2.70244818622869
P2  (LAI=3.4),DYN_ALS_S2TIMING_NM,2021-08-16,2.70210280198384
P2  (LAI=3.4),DYN_ALS_S2TIMING_NM,2021-08-17,2.70118499346195
P2  (LAI=3.4),DYN_ALS_S2TIMING_NM,2021-08-18,2.69970424708604
P2  (LAI=3.4),DYN_ALS_S2TIMING_NM,2021-08-19,2.69767004927915
P2  (LAI=3.4),DYN_ALS_S2TIMING_NM,2021-08-20,2.69509188646431
P2  (LAI=3.4),DYN_ALS_S2TIMING_NM,2021-08-21,2.69197924506455
P2  (LAI=3.4),DYN_ALS_S2TIMING_NM,2021-08-22,2.6883416115029
P2  (LAI=3.4),DYN_ALS_S2TIMING_NM,2021-08-23,2.68418847220239
P2  (LAI=3.4),DYN_ALS_S2TIMING_NM,2021-08-24,2.67952931358606
P2  (LAI=3.4),DYN_ALS_S2TIMING_NM,2021-08-25,2.67437362207693
P2  (LAI=3.4),DYN_ALS_S2TIMING_NM,2021-08-26,2.66873088409804
P2  (LAI=3.4),DYN_ALS_S2TIMING_NM,2021-08-27,2.66261058607242
P2  (LAI=3.4),DYN_ALS_S2TIMING_NM,2021-08-28,2.6560222144231
P2  (LAI=3.4),DYN_ALS_S2TIMING_NM,2021-08-29,2.64897525557312
P2  (LAI=3.4),DYN_ALS_S2TIMING_NM,2021-08-30,2.6414791959455
P2  (LAI=3.4),DYN_ALS_S2TIMING_NM,2021-08-31,2.63354352196328
P2  (LAI=3.4),DYN_ALS_S2TIMING_NM,2021-09-01,2.62517772004948
P2  (LAI=3.4),DYN_ALS_S2TIMING_NM,2021-09-02,2.61639127662715
P2  (LAI=3.4),DYN_ALS_S2TIMING_NM,2021-09-03,2.60719367811931
P2  (LAI=3.4),DYN_ALS_S2TIMING_NM,2021-09-04,2.59759441094899
P2  (LAI=3.4),DYN_ALS_S2TIMING_NM,2021-09-05,2.58760296153923
P2  (LAI=3.4),DYN_ALS_S2TIMING_NM,2021-09-06,2.57722847289493
P2  (LAI=3.4),DYN_ALS_S2TIMING_NM,2021-09-07,2.56646874250345
P2  (LAI=3.4),DYN_ALS_S2TIMING_NM,2021-09-08,2.55530789472286
P2  (LAI=3.4),DYN_ALS_S2TIMING_NM,2021-09-09,2.54372923988305
P2  (LAI=3.4),DYN_ALS_S2TIMING_NM,2021-09-10,2.53171608831394
P2  (LAI=3.4),DYN_ALS_S2TIMING_NM,2021-09-11,2.5192517503454
P2  (LAI=3.4),DYN_ALS_S2TIMING_NM,2021-09-12,2.50631953630735
P2  (LAI=3.4),DYN_ALS_S2TIMING_NM,2021-09-13,2.49290275652968
P2  (LAI=3.4),DYN_ALS_S2TIMING_NM,2021-09-14,2.47898472134229
P2  (LAI=3.4),DYN_ALS_S2TIMING_NM,2021-09-15,2.46454874107508
P2  (LAI=3.4),DYN_ALS_S2TIMING_NM,2021-09-16,2.44957812605794
P2  (LAI=3.4),DYN_ALS_S2TIMING_NM,2021-09-17,2.43405618662077
P2  (LAI=3.4),DYN_ALS_S2TIMING_NM,2021-09-18,2.41796623309348
P2  (LAI=3.4),DYN_ALS_S2TIMING_NM,2021-09-19,2.40129157580595
P2  (LAI=3.4),DYN_ALS_S2TIMING_NM,2021-09-20,2.3840155250881
P2  (LAI=3.4),DYN_ALS_S2TIMING_NM,2021-09-21,2.36612139126981
P2  (LAI=3.4),DYN_ALS_S2TIMING_NM,2021-09-22,2.34759248468099
P2  (LAI=3.4),DYN_ALS_S2TIMING_NM,2021-09-23,2.32841211565153
P2  (LAI=3.4),DYN_ALS_S2TIMING_NM,2021-09-24,2.30856359451134
P2  (LAI=3.4),DYN_ALS_S2TIMING_NM,2021-09-25,2.2880302315903
P2  (LAI=3.4),DYN_ALS_S2TIMING_NM,2021-09-26,2.26679533721833
P2  (LAI=3.4),DYN_ALS_S2TIMING_NM,2021-09-27,2.24484222172531
P2  (LAI=3.4),DYN_ALS_S2TIMING_NM,2021-09-28,2.22215419544114
P2  (LAI=3.4),DYN_ALS_S2TIMING_NM,2021-09-29,2.19871458556337
P2  (LAI=3.4),DYN_ALS_S2TIMING_NM,2021-09-30,2.17451528804927
P2  (LAI=3.4),DYN_ALSoOPT_S2TIMING_NM,2021-06-01,3.15218189754446
P2  (LAI=3.4),DYN_ALSoOPT_S2TIMING_NM,2021-06-02,3.19490657961128
P2  (LAI=3.4),DYN_ALSoOPT_S2TIMING_NM,2021-06-03,3.23680294313671
P2  (LAI=3.4),DYN_ALSoOPT_S2TIMING_NM,2021-06-04,3.27766909990685
P2  (LAI=3.4),DYN_ALSoOPT_S2TIMING_NM,2021-06-05,3.31730316170779
P2  (LAI=3.4),DYN_ALSoOPT_S2TIMING_NM,2021-06-06,3.35550324032562
P2  (LAI=3.4),DYN_ALSoOPT_S2TIMING_NM,2021-06-07,3.39206744754645
P2  (LAI=3.4),DYN_ALSoOPT_S2TIMING_NM,2021-06-08,3.42679389515636
P2  (LAI=3.4),DYN_ALSoOPT_S2TIMING_NM,2021-06-09,3.45948069494146
P2  (LAI=3.4),DYN_ALSoOPT_S2TIMING_NM,2021-06-10,3.48992595868784
P2  (LAI=3.4),DYN_ALSoOPT_S2TIMING_NM,2021-06-11,3.51792779818159
P2  (LAI=3.4),DYN_ALSoOPT_S2TIMING_NM,2021-06-12,3.54328432520881
P2  (LAI=3.4),DYN_ALSoOPT_S2TIMING_NM,2021-06-13,3.5657936515556
P2  (LAI=3.4),DYN_ALSoOPT_S2TIMING_NM,2021-06-14,3.58525388900805
P2  (LAI=3.4),DYN_ALSoOPT_S2TIMING_NM,2021-06-15,3.60146314935226
P2  (LAI=3.4),DYN_ALSoOPT_S2TIMING_NM,2021-06-16,3.61421954437432
P2  (LAI=3.4),DYN_ALSoOPT_S2TIMING_NM,2021-06-17,3.62332137944016
P2  (LAI=3.4),DYN_ALSoOPT_S2TIMING_NM,2021-06-18,3.6286652984683
P2  (LAI=3.4),DYN_ALSoOPT_S2TIMING_NM,2021-06-19,3.63040598728796
P2  (LAI=3.4),DYN_ALSoOPT_S2TIMING_NM,2021-06-20,3.62873994497118
P2  (LAI=3.4),DYN_ALSoOPT_S2TIMING_NM,2021-06-21,3.62386367059001
P2  (LAI=3.4),DYN_ALSoOPT_S2TIMING_NM,2021-06-22,3.6159736632165
P2  (LAI=3.4),DYN_ALSoOPT_S2TIMING_NM,2021-06-23,3.6052664219227
P2  (LAI=3.4),DYN_ALSoOPT_S2TIMING_NM,2021-06-24,3.59193844578065
P2  (LAI=3.4),DYN_ALSoOPT_S2TIMING_NM,2021-06-25,3.57618623386241
P2  (LAI=3.4),DYN_ALSoOPT_S2TIMING_NM,2021-06-26,3.55820628524002
P2  (LAI=3.4),DYN_ALSoOPT_S2TIMING_NM,2021-06-27,3.53819509898553
P2  (LAI=3.4),DYN_ALSoOPT_S2TIMING_NM,2021-06-28,3.51634917417099
P2  (LAI=3.4),DYN_ALSoOPT_S2TIMING_NM,2021-06-29,3.49286500986845
P2  (LAI=3.4),DYN_ALSoOPT_S2TIMING_NM,2021-06-30,3.46793910514995
P2  (LAI=3.4),DYN_ALSoOPT_S2TIMING_NM,2021-07-01,3.44176795908754
P2  (LAI=3.4),DYN_ALSoOPT_S2TIMING_NM,2021-07-02,3.41454807075328
P2  (LAI=3.4),DYN_ALSoOPT_S2TIMING_NM,2021-07-03,3.38647593921921
P2  (LAI=3.4),DYN_ALSoOPT_S2TIMING_NM,2021-07-04,3.35774806355738
P2  (LAI=3.4),DYN_ALSoOPT_S2TIMING_NM,2021-07-05,3.32856094283983
P2  (LAI=3.4),DYN_ALSoOPT_S2TIMING_NM,2021-07-06,3.29911107613862
P2  (LAI=3.4),DYN_ALSoOPT_S2TIMING_NM,2021-07-07,3.26959496252579
P2  (LAI=3.4),DYN_ALSoOPT_S2TIMING_NM,2021-07-08,3.24020910107339
P2  (LAI=3.4),DYN_ALSoOPT_S2TIMING_NM,2021-07-09,3.21114999085348
P2  (LAI=3.4),DYN_ALSoOPT_S2TIMING_NM,2021-07-10,3.18261413093809
P2  (LAI=3.4),DYN_ALSoOPT_S2TIMING_NM,2021-07-11,3.15479802039928
P2  (LAI=3.4),DYN_ALSoOPT_S2TIMING_NM,2021-07-12,3.12789815830909
P2  (LAI=3.4),DYN_ALSoOPT_S2TIMING_NM,2021-07-13,3.10211104373958
P2  (LAI=3.4),DYN_ALSoOPT_S2TIMING_NM,2021-07-14,3.07763317576279
P2  (LAI=3.4),DYN_ALSoOPT_S2TIMING_NM,2021-07-15,3.05466105345077
P2  (LAI=3.4),DYN_ALSoOPT_S2TIMING_NM,2021-07-16,3.03339117587556
P2  (LAI=3.4),DYN_ALSoOPT_S2TIMING_NM,2021-07-17,3.01402004210923
P2  (LAI=3.4),DYN_ALSoOPT_S2TIMING_NM,2021-07-18,2.99674399642957
P2  (LAI=3.4),DYN_ALSoOPT_S2TIMING_NM,2021-07-19,2.98168074764155
P2  (LAI=3.4),DYN_ALSoOPT_S2TIMING_NM,2021-07-20,2.96874166383106
P2  (LAI=3.4),DYN_ALSoOPT_S2TIMING_NM,2021-07-21,2.95780467752859
P2  (LAI=3.4),DYN_ALSoOPT_S2TIMING_NM,2021-07-22,2.94874772126465
P2  (LAI=3.4),DYN_ALSoOPT_S2TIMING_NM,2021-07-23,2.94144872756971
P2  (LAI=3.4),DYN_ALSoOPT_S2TIMING_NM,2021-07-24,2.93578562897429
P2  (LAI=3.4),DYN_ALSoOPT_S2TIMING_NM,2021-07-25,2.93163635800888
P2  (LAI=3.4),DYN_ALSoOPT_S2TIMING_NM,2021-07-26,2.92887884720398
P2  (LAI=3.4),DYN_ALSoOPT_S2TIMING_NM,2021-07-27,2.92739102909009
P2  (LAI=3.4),DYN_ALSoOPT_S2TIMING_NM,2021-07-28,2.9270508361977
P2  (LAI=3.4),DYN_ALSoOPT_S2TIMING_NM,2021-07-29,2.92773620105731
P2  (LAI=3.4),DYN_ALSoOPT_S2TIMING_NM,2021-07-30,2.92932505619941
P2  (LAI=3.4),DYN_ALSoOPT_S2TIMING_NM,2021-07-31,2.93169533415451
P2  (LAI=3.4),DYN_ALSoOPT_S2TIMING_NM,2021-08-01,2.93472496745311
P2  (LAI=3.4),DYN_ALSoOPT_S2TIMING_NM,2021-08-02,2.93829188862569
P2  (LAI=3.4),DYN_ALSoOPT_S2TIMING_NM,2021-08-03,2.94227403020276
P2  (LAI=3.4),DYN_ALSoOPT_S2TIMING_NM,2021-08-04,2.94654932471481
P2  (LAI=3.4),DYN_ALSoOPT_S2TIMING_NM,2021-08-05,2.95099570469234
P2  (LAI=3.4),DYN_ALSoOPT_S2TIMING_NM,2021-08-06,2.95549110266586
P2  (LAI=3.4),DYN_ALSoOPT_S2TIMING_NM,2021-08-07,2.95991345116584
P2  (LAI=3.4),DYN_ALSoOPT_S2TIMING_NM,2021-08-08,2.96414068272281
P2  (LAI=3.4),DYN_ALSoOPT_S2TIMING_NM,2021-08-09,2.96805072986724
P2  (LAI=3.4),DYN_ALSoOPT_S2TIMING_NM,2021-08-10,2.97152152512964
P2  (LAI=3.4),DYN_ALSoOPT_S2TIMING_NM,2021-08-11,2.9744310010405
P2  (LAI=3.4),DYN_ALSoOPT_S2TIMING_NM,2021-08-12,2.97667917782644
P2  (LAI=3.4),DYN_ALSoOPT_S2TIMING_NM,2021-08-13,2.97825442649848
P2  (LAI=3.4),DYN_ALSoOPT_S2TIMING_NM,2021-08-14,2.97916720576378
P2  (LAI=3.4),DYN_ALSoOPT_S2TIMING_NM,2021-08-15,2.97942797432948
P2  (LAI=3.4),DYN_ALSoOPT_S2TIMING_NM,2021-08-16,2.97904719090272
P2  (LAI=3.4),DYN_ALSoOPT_S2TIMING_NM,2021-08-17,2.97803531419066
P2  (LAI=3.4),DYN_ALSoOPT_S2TIMING_NM,2021-08-18,2.97640280290044
P2  (LAI=3.4),DYN_ALSoOPT_S2TIMING_NM,2021-08-19,2.9741601157392
P2  (LAI=3.4),DYN_ALSoOPT_S2TIMING_NM,2021-08-20,2.97131771141409
P2  (LAI=3.4),DYN_ALSoOPT_S2TIMING_NM,2021-08-21,2.96788604863226
P2  (LAI=3.4),DYN_ALSoOPT_S2TIMING_NM,2021-08-22,2.96387558610085
P2  (LAI=3.4),DYN_ALSoOPT_S2TIMING_NM,2021-08-23,2.95929678252701
P2  (LAI=3.4),DYN_ALSoOPT_S2TIMING_NM,2021-08-24,2.95416009661788
P2  (LAI=3.4),DYN_ALSoOPT_S2TIMING_NM,2021-08-25,2.94847598708062
P2  (LAI=3.4),DYN_ALSoOPT_S2TIMING_NM,2021-08-26,2.94225491262236
P2  (LAI=3.4),DYN_ALSoOPT_S2TIMING_NM,2021-08-27,2.93550733195026
P2  (LAI=3.4),DYN_ALSoOPT_S2TIMING_NM,2021-08-28,2.92824370377145
P2  (LAI=3.4),DYN_ALSoOPT_S2TIMING_NM,2021-08-29,2.92047448679309
P2  (LAI=3.4),DYN_ALSoOPT_S2TIMING_NM,2021-08-30,2.91221013972232
P2  (LAI=3.4),DYN_ALSoOPT_S2TIMING_NM,2021-08-31,2.90346112126628
P2  (LAI=3.4),DYN_ALSoOPT_S2TIMING_NM,2021-09-01,2.89423789013213
P2  (LAI=3.4),DYN_ALSoOPT_S2TIMING_NM,2021-09-02,2.88455090502701
P2  (LAI=3.4),DYN_ALSoOPT_S2TIMING_NM,2021-09-03,2.87441062465806
P2  (LAI=3.4),DYN_ALSoOPT_S2TIMING_NM,2021-09-04,2.86382750773243
P2  (LAI=3.4),DYN_ALSoOPT_S2TIMING_NM,2021-09-05,2.85281201295727
P2  (LAI=3.4),DYN_ALSoOPT_S2TIMING_NM,2021-09-06,2.84137422042393
P2  (LAI=3.4),DYN_ALSoOPT_S2TIMING_NM,2021-09-07,2.82951170187945
P2  (LAI=3.4),DYN_ALSoOPT_S2TIMING_NM,2021-09-08,2.81720695455287
P2  (LAI=3.4),DYN_ALSoOPT_S2TIMING_NM,2021-09-09,2.80444157821352
P2  (LAI=3.4),DYN_ALSoOPT_S2TIMING_NM,2021-09-10,2.79119717263073
P2  (LAI=3.4),DYN_ALSoOPT_S2TIMING_NM,2021-09-11,2.77745533757384
P2  (LAI=3.4),DYN_ALSoOPT_S2TIMING_NM,2021-09-12,2.76319767281219
P2  (LAI=3.4),DYN_ALSoOPT_S2TIMING_NM,2021-09-13,2.74840577811511
P2  (LAI=3.4),DYN_ALSoOPT_S2TIMING_NM,2021-09-14,2.73306125325193
P2  (LAI=3.4),DYN_ALSoOPT_S2TIMING_NM,2021-09-15,2.71714569799201
P2  (LAI=3.4),DYN_ALSoOPT_S2TIMING_NM,2021-09-16,2.70064071210466
P2  (LAI=3.4),DYN_ALSoOPT_S2TIMING_NM,2021-09-17,2.68352789535924
P2  (LAI=3.4),DYN_ALSoOPT_S2TIMING_NM,2021-09-18,2.66578884752507
P2  (LAI=3.4),DYN_ALSoOPT_S2TIMING_NM,2021-09-19,2.64740516837149
P2  (LAI=3.4),DYN_ALSoOPT_S2TIMING_NM,2021-09-20,2.62835845766783
P2  (LAI=3.4),DYN_ALSoOPT_S2TIMING_NM,2021-09-21,2.60863031518345
P2  (LAI=3.4),DYN_ALSoOPT_S2TIMING_NM,2021-09-22,2.58820234068766
P2  (LAI=3.4),DYN_ALSoOPT_S2TIMING_NM,2021-09-23,2.5670561339498
P2  (LAI=3.4),DYN_ALSoOPT_S2TIMING_NM,2021-09-24,2.54517329473922
P2  (LAI=3.4),DYN_ALSoOPT_S2TIMING_NM,2021-09-25,2.52253542282525
P2  (LAI=3.4),DYN_ALSoOPT_S2TIMING_NM,2021-09-26,2.49912411797722
P2  (LAI=3.4),DYN_ALSoOPT_S2TIMING_NM,2021-09-27,2.47492097996448
P2  (LAI=3.4),DYN_ALSoOPT_S2TIMING_NM,2021-09-28,2.44990760855635
P2  (LAI=3.4),DYN_ALSoOPT_S2TIMING_NM,2021-09-29,2.42406562211861
P2  (LAI=3.4),DYN_ALSoOPT_S2TIMING_NM,2021-09-30,2.3973860860076
P3  (LAI=4.7),STATIC_ALS,2021-06-01,4.69293588399887
P3  (LAI=4.7),STATIC_ALS,2021-06-02,4.69293588399887
P3  (LAI=4.7),STATIC_ALS,2021-06-03,4.69293588399887
P3  (LAI=4.7),STATIC_ALS,2021-06-04,4.69293588399887
P3  (LAI=4.7),STATIC_ALS,2021-06-05,4.69293588399887
P3  (LAI=4.7),STATIC_ALS,2021-06-06,4.69293588399887
P3  (LAI=4.7),STATIC_ALS,2021-06-07,4.69293588399887
P3  (LAI=4.7),STATIC_ALS,2021-06-08,4.69293588399887
P3  (LAI=4.7),STATIC_ALS,2021-06-09,4.69293588399887
P3  (LAI=4.7),STATIC_ALS,2021-06-10,4.69293588399887
P3  (LAI=4.7),STATIC_ALS,2021-06-11,4.69293588399887
P3  (LAI=4.7),STATIC_ALS,2021-06-12,4.69293588399887
P3  (LAI=4.7),STATIC_ALS,2021-06-13,4.69293588399887
P3  (LAI=4.7),STATIC_ALS,2021-06-14,4.69293588399887
P3  (LAI=4.7),STATIC_ALS,2021-06-15,4.69293588399887
P3  (LAI=4.7),STATIC_ALS,2021-06-16,4.69293588399887
P3  (LAI=4.7),STATIC_ALS,2021-06-17,4.69293588399887
P3  (LAI=4.7),STATIC_ALS,2021-06-18,4.69293588399887
P3  (LAI=4.7),STATIC_ALS,2021-06-19,4.69293588399887
P3  (LAI=4.7),STATIC_ALS,2021-06-20,4.69293588399887
P3  (LAI=4.7),STATIC_ALS,2021-06-21,4.69293588399887
P3  (LAI=4.7),STATIC_ALS,2021-06-22,4.69293588399887
P3  (LAI=4.7),STATIC_ALS,2021-06-23,4.69293588399887
P3  (LAI=4.7),STATIC_ALS,2021-06-24,4.69293588399887
P3  (LAI=4.7),STATIC_ALS,2021-06-25,4.69293588399887
P3  (LAI=4.7),STATIC_ALS,2021-06-26,4.69293588399887
P3  (LAI=4.7),STATIC_ALS,2021-06-27,4.69293588399887
P3  (LAI=4.7),STATIC_ALS,2021-06-28,4.69293588399887
P3  (LAI=4.7),STATIC_ALS,2021-06-29,4.69293588399887
P3  (LAI=4.7),STATIC_ALS,2021-06-30,4.69293588399887
P3  (LAI=4.7),STATIC_ALS,2021-07-01,4.69293588399887
P3  (LAI=4.7),STATIC_ALS,2021-07-02,4.69293588399887
P3  (LAI=4.7),STATIC_ALS,2021-07-03,4.69293588399887
P3  (LAI=4.7),STATIC_ALS,2021-07-04,4.69293588399887
P3  (LAI=4.7),STATIC_ALS,2021-07-05,4.69293588399887
P3  (LAI=4.7),STATIC_ALS,2021-07-06,4.69293588399887
P3  (LAI=4.7),STATIC_ALS,2021-07-07,4.69293588399887
P3  (LAI=4.7),STATIC_ALS,2021-07-08,4.69293588399887
P3  (LAI=4.7),STATIC_ALS,2021-07-09,4.69293588399887
P3  (LAI=4.7),STATIC_ALS,2021-07-10,4.69293588399887
P3  (LAI=4.7),STATIC_ALS,2021-07-11,4.69293588399887
P3  (LAI=4.7),STATIC_ALS,2021-07-12,4.69293588399887
P3  (LAI=4.7),STATIC_ALS,2021-07-13,4.69293588399887
P3  (LAI=4.7),STATIC_ALS,2021-07-14,4.69293588399887
P3  (LAI=4.7),STATIC_ALS,2021-07-15,4.69293588399887
P3  (LAI=4.7),STATIC_ALS,2021-07-16,4.69293588399887
P3  (LAI=4.7),STATIC_ALS,2021-07-17,4.69293588399887
P3  (LAI=4.7),STATIC_ALS,2021-07-18,4.69293588399887
P3  (LAI=4.7),STATIC_ALS,2021-07-19,4.69293588399887
P3  (LAI=4.7),STATIC_ALS,2021-07-20,4.69293588399887
P3  (LAI=4.7),STATIC_ALS,2021-07-21,4.69293588399887
P3  (LAI=4.7),STATIC_ALS,2021-07-22,4.69293588399887
P3  (LAI=4.7),STATIC_ALS,2021-07-23,4.69293588399887
P3  (LAI=4.7),STATIC_ALS,2021-07-24,4.69293588399887
P3  (LAI=4.7),STATIC_ALS,2021-07-25,4.69293588399887
P3  (LAI=4.7),STATIC_ALS,2021-07-26,4.69293588399887
P3  (LAI=4.7),STATIC_ALS,2021-07-27,4.69293588399887
P3  (LAI=4.7),STATIC_ALS,2021-07-28,4.69293588399887
P3  (LAI=4.7),STATIC_ALS,2021-07-29,4.69293588399887
P3  (LAI=4.7),STATIC_ALS,2021-07-30,4.69293588399887
P3  (LAI=4.7),STATIC_ALS,2021-07-31,4.69293588399887
P3  (LAI=4.7),STATIC_ALS,2021-08-01,4.69293588399887
P3  (LAI=4.7),STATIC_ALS,2021-08-02,4.69293588399887
P3  (LAI=4.7),STATIC_ALS,2021-08-03,4.69293588399887
P3  (LAI=4.7),STATIC_ALS,2021-08-04,4.69293588399887
P3  (LAI=4.7),STATIC_ALS,2021-08-05,4.69293588399887
P3  (LAI=4.7),STATIC_ALS,2021-08-06,4.69293588399887
P3  (LAI=4.7),STATIC_ALS,2021-08-07,4.69293588399887
P3  (LAI=4.7),STATIC_ALS,2021-08-08,4.69293588399887
P3  (LAI=4.7),STATIC_ALS,2021-08-09,4.69293588399887
P3  (LAI=4.7),STATIC_ALS,2021-08-10,4.69293588399887
P3  (LAI=4.7),STATIC_ALS,2021-08-11,4.69293588399887
P3  (LAI=4.7),STATIC_ALS,2021-08-12,4.69293588399887
P3  (LAI=4.7),STATIC_ALS,2021-08-13,4.69293588399887
P3  (LAI=4.7),STATIC_ALS,2021-08-14,4.69293588399887
P3  (LAI=4.7),STATIC_ALS,2021-08-15,4.69293588399887
P3  (LAI=4.7),STATIC_ALS,2021-08-16,4.69293588399887
P3  (LAI=4.7),STATIC_ALS,2021-08-17,4.69293588399887
P3  (LAI=4.7),STATIC_ALS,2021-08-18,4.69293588399887
P3  (LAI=4.7),STATIC_ALS,2021-08-19,4.69293588399887
P3  (LAI=4.7),STATIC_ALS,2021-08-20,4.69293588399887
P3  (LAI=4.7),STATIC_ALS,2021-08-21,4.69293588399887
P3  (LAI=4.7),STATIC_ALS,2021-08-22,4.69293588399887
P3  (LAI=4.7),STATIC_ALS,2021-08-23,4.69293588399887
P3  (LAI=4.7),STATIC_ALS,2021-08-24,4.69293588399887
P3  (LAI=4.7),STATIC_ALS,2021-08-25,4.69293588399887
P3  (LAI=4.7),STATIC_ALS,2021-08-26,4.69293588399887
P3  (LAI=4.7),STATIC_ALS,2021-08-27,4.69293588399887
P3  (LAI=4.7),STATIC_ALS,2021-08-28,4.69293588399887
P3  (LAI=4.7),STATIC_ALS,2021-08-29,4.69293588399887
P3  (LAI=4.7),STATIC_ALS,2021-08-30,4.69293588399887
P3  (LAI=4.7),STATIC_ALS,2021-08-31,4.69293588399887
P3  (LAI=4.7),STATIC_ALS,2021-09-01,4.69293588399887
P3  (LAI=4.7),STATIC_ALS,2021-09-02,4.69293588399887
P3  (LAI=4.7),STATIC_ALS,2021-09-03,4.69293588399887
P3  (LAI=4.7),STATIC_ALS,2021-09-04,4.69293588399887
P3  (LAI=4.7),STATIC_ALS,2021-09-05,4.69293588399887
P3  (LAI=4.7),STATIC_ALS,2021-09-06,4.69293588399887
P3  (LAI=4.7),STATIC_ALS,2021-09-07,4.69293588399887
P3  (LAI=4.7),STATIC_ALS,2021-09-08,4.69293588399887
P3  (LAI=4.7),STATIC_ALS,2021-09-09,4.69293588399887
P3  (LAI=4.7),STATIC_ALS,2021-09-10,4.69293588399887
P3  (LAI=4.7),STATIC_ALS,2021-09-11,4.69293588399887
P3  (LAI=4.7),STATIC_ALS,2021-09-12,4.69293588399887
P3  (LAI=4.7),STATIC_ALS,2021-09-13,4.69293588399887
P3  (LAI=4.7),STATIC_ALS,2021-09-14,4.69293588399887
P3  (LAI=4.7),STATIC_ALS,2021-09-15,4.69293588399887
P3  (LAI=4.7),STATIC_ALS,2021-09-16,4.69293588399887
P3  (LAI=4.7),STATIC_ALS,2021-09-17,4.69293588399887
P3  (LAI=4.7),STATIC_ALS,2021-09-18,4.69293588399887
P3  (LAI=4.7),STATIC_ALS,2021-09-19,4.69293588399887
P3  (LAI=4.7),STATIC_ALS,2021-09-20,4.69293588399887
P3  (LAI=4.7),STATIC_ALS,2021-09-21,4.69293588399887
P3  (LAI=4.7),STATIC_ALS,2021-09-22,4.69293588399887
P3  (LAI=4.7),STATIC_ALS,2021-09-23,4.69293588399887
P3  (LAI=4.7),STATIC_ALS,2021-09-24,4.69293588399887
P3  (LAI=4.7),STATIC_ALS,2021-09-25,4.69293588399887
P3  (LAI=4.7),STATIC_ALS,2021-09-26,4.62864909106738
P3  (LAI=4.7),STATIC_ALS,2021-09-27,4.53681081545097
P3  (LAI=4.7),STATIC_ALS,2021-09-28,4.44497253983455
P3  (LAI=4.7),STATIC_ALS,2021-09-29,4.35313426421813
P3  (LAI=4.7),STATIC_ALS,2021-09-30,4.26129598860172
P3  (LAI=4.7),STATIC_ALS_DOPT,2021-06-01,1.31510776281357
P3  (LAI=4.7),STATIC_ALS_DOPT,2021-06-02,1.31510776281357
P3  (LAI=4.7),STATIC_ALS_DOPT,2021-06-03,1.31510776281357
P3  (LAI=4.7),STATIC_ALS_DOPT,2021-06-04,1.31510776281357
P3  (LAI=4.7),STATIC_ALS_DOPT,2021-06-05,1.31510776281357
P3  (LAI=4.7),STATIC_ALS_DOPT,2021-06-06,1.31510776281357
P3  (LAI=4.7),STATIC_ALS_DOPT,2021-06-07,1.31510776281357
P3  (LAI=4.7),STATIC_ALS_DOPT,2021-06-08,1.31510776281357
P3  (LAI=4.7),STATIC_ALS_DOPT,2021-06-09,1.31510776281357
P3  (LAI=4.7),STATIC_ALS_DOPT,2021-06-10,1.31510776281357
P3  (LAI=4.7),STATIC_ALS_DOPT,2021-06-11,1.31510776281357
P3  (LAI=4.7),STATIC_ALS_DOPT,2021-06-12,1.31510776281357
P3  (LAI=4.7),STATIC_ALS_DOPT,2021-06-13,1.31510776281357
P3  (LAI=4.7),STATIC_ALS_DOPT,2021-06-14,1.31510776281357
P3  (LAI=4.7),STATIC_ALS_DOPT,2021-06-15,1.31510776281357
P3  (LAI=4.7),STATIC_ALS_DOPT,2021-06-16,1.31510776281357
P3  (LAI=4.7),STATIC_ALS_DOPT,2021-06-17,1.31510776281357
P3  (LAI=4.7),STATIC_ALS_DOPT,2021-06-18,1.31510776281357
P3  (LAI=4.7),STATIC_ALS_DOPT,2021-06-19,1.31510776281357
P3  (LAI=4.7),STATIC_ALS_DOPT,2021-06-20,1.31510776281357
P3  (LAI=4.7),STATIC_ALS_DOPT,2021-06-21,1.31510776281357
P3  (LAI=4.7),STATIC_ALS_DOPT,2021-06-22,1.31510776281357
P3  (LAI=4.7),STATIC_ALS_DOPT,2021-06-23,1.31510776281357
P3  (LAI=4.7),STATIC_ALS_DOPT,2021-06-24,1.31510776281357
P3  (LAI=4.7),STATIC_ALS_DOPT,2021-06-25,1.31510776281357
P3  (LAI=4.7),STATIC_ALS_DOPT,2021-06-26,1.31510776281357
P3  (LAI=4.7),STATIC_ALS_DOPT,2021-06-27,1.31510776281357
P3  (LAI=4.7),STATIC_ALS_DOPT,2021-06-28,1.31510776281357
P3  (LAI=4.7),STATIC_ALS_DOPT,2021-06-29,1.31510776281357
P3  (LAI=4.7),STATIC_ALS_DOPT,2021-06-30,1.31510776281357
P3  (LAI=4.7),STATIC_ALS_DOPT,2021-07-01,1.31510776281357
P3  (LAI=4.7),STATIC_ALS_DOPT,2021-07-02,1.31510776281357
P3  (LAI=4.7),STATIC_ALS_DOPT,2021-07-03,1.31510776281357
P3  (LAI=4.7),STATIC_ALS_DOPT,2021-07-04,1.31510776281357
P3  (LAI=4.7),STATIC_ALS_DOPT,2021-07-05,1.31510776281357
P3  (LAI=4.7),STATIC_ALS_DOPT,2021-07-06,1.31510776281357
P3  (LAI=4.7),STATIC_ALS_DOPT,2021-07-07,1.31510776281357
P3  (LAI=4.7),STATIC_ALS_DOPT,2021-07-08,1.31510776281357
P3  (LAI=4.7),STATIC_ALS_DOPT,2021-07-09,1.31510776281357
P3  (LAI=4.7),STATIC_ALS_DOPT,2021-07-10,1.31510776281357
P3  (LAI=4.7),STATIC_ALS_DOPT,2021-07-11,1.31510776281357
P3  (LAI=4.7),STATIC_ALS_DOPT,2021-07-12,1.31510776281357
P3  (LAI=4.7),STATIC_ALS_DOPT,2021-07-13,1.31510776281357
P3  (LAI=4.7),STATIC_ALS_DOPT,2021-07-14,1.31510776281357
P3  (LAI=4.7),STATIC_ALS_DOPT,2021-07-15,1.31510776281357
P3  (LAI=4.7),STATIC_ALS_DOPT,2021-07-16,1.31510776281357
P3  (LAI=4.7),STATIC_ALS_DOPT,2021-07-17,1.31510776281357
P3  (LAI=4.7),STATIC_ALS_DOPT,2021-07-18,1.31510776281357
P3  (LAI=4.7),STATIC_ALS_DOPT,2021-07-19,1.31510776281357
P3  (LAI=4.7),STATIC_ALS_DOPT,2021-07-20,1.31510776281357
P3  (LAI=4.7),STATIC_ALS_DOPT,2021-07-21,1.31510776281357
P3  (LAI=4.7),STATIC_ALS_DOPT,2021-07-22,1.31510776281357
P3  (LAI=4.7),STATIC_ALS_DOPT,2021-07-23,1.31510776281357
P3  (LAI=4.7),STATIC_ALS_DOPT,2021-07-24,1.31510776281357
P3  (LAI=4.7),STATIC_ALS_DOPT,2021-07-25,1.31510776281357
P3  (LAI=4.7),STATIC_ALS_DOPT,2021-07-26,1.31510776281357
P3  (LAI=4.7),STATIC_ALS_DOPT,2021-07-27,1.31510776281357
P3  (LAI=4.7),STATIC_ALS_DOPT,2021-07-28,1.31510776281357
P3  (LAI=4.7),STATIC_ALS_DOPT,2021-07-29,1.31510776281357
P3  (LAI=4.7),STATIC_ALS_DOPT,2021-07-30,1.31510776281357
P3  (LAI=4.7),STATIC_ALS_DOPT,2021-07-31,1.31510776281357
P3  (LAI=4.7),STATIC_ALS_DOPT,2021-08-01,1.31510776281357
P3  (LAI=4.7),STATIC_ALS_DOPT,2021-08-02,1.31510776281357
P3  (LAI=4.7),STATIC_ALS_DOPT,2021-08-03,1.31510776281357
P3  (LAI=4.7),STATIC_ALS_DOPT,2021-08-04,1.31510776281357
P3  (LAI=4.7),STATIC_ALS_DOPT,2021-08-05,1.31510776281357
P3  (LAI=4.7),STATIC_ALS_DOPT,2021-08-06,1.31510776281357
P3  (LAI=4.7),STATIC_ALS_DOPT,2021-08-07,1.31510776281357
P3  (LAI=4.7),STATIC_ALS_DOPT,2021-08-08,1.31510776281357
P3  (LAI=4.7),STATIC_ALS_DOPT,2021-08-09,1.31510776281357
P3  (LAI=4.7),STATIC_ALS_DOPT,2021-08-10,1.31510776281357
P3  (LAI=4.7),STATIC_ALS_DOPT,2021-08-11,1.31510776281357
P3  (LAI=4.7),STATIC_ALS_DOPT,2021-08-12,1.31510776281357
P3  (LAI=4.7),STATIC_ALS_DOPT,2021-08-13,1.31510776281357
P3  (LAI=4.7),STATIC_ALS_DOPT,2021-08-14,1.31510776281357
P3  (LAI=4.7),STATIC_ALS_DOPT,2021-08-15,1.31510776281357
P3  (LAI=4.7),STATIC_ALS_DOPT,2021-08-16,1.31510776281357
P3  (LAI=4.7),STATIC_ALS_DOPT,2021-08-17,1.31510776281357
P3  (LAI=4.7),STATIC_ALS_DOPT,2021-08-18,1.31510776281357
P3  (LAI=4.7),STATIC_ALS_DOPT,2021-08-19,1.31510776281357
P3  (LAI=4.7),STATIC_ALS_DOPT,2021-08-20,1.31510776281357
P3  (LAI=4.7),STATIC_ALS_DOPT,2021-08-21,1.31510776281357
P3  (LAI=4.7),STATIC_ALS_DOPT,2021-08-22,1.31510776281357
P3  (LAI=4.7),STATIC_ALS_DOPT,2021-08-23,1.31510776281357
P3  (LAI=4.7),STATIC_ALS_DOPT,2021-08-24,1.31510776281357
P3  (LAI=4.7),STATIC_ALS_DOPT,2021-08-25,1.31510776281357
P3  (LAI=4.7),STATIC_ALS_DOPT,2021-08-26,1.31510776281357
P3  (LAI=4.7),STATIC_ALS_DOPT,2021-08-27,1.31510776281357
P3  (LAI=4.7),STATIC_ALS_DOPT,2021-08-28,1.31510776281357
P3  (LAI=4.7),STATIC_ALS_DOPT,2021-08-29,1.31510776281357
P3  (LAI=4.7),STATIC_ALS_DOPT,2021-08-30,1.31510776281357
P3  (LAI=4.7),STATIC_ALS_DOPT,2021-08-31,1.31510776281357
P3  (LAI=4.7),STATIC_ALS_DOPT,2021-09-01,1.31510776281357
P3  (LAI=4.7),STATIC_ALS_DOPT,2021-09-02,1.31510776281357
P3  (LAI=4.7),STATIC_ALS_DOPT,2021-09-03,1.31510776281357
P3  (LAI=4.7),STATIC_ALS_DOPT,2021-09-04,1.31510776281357
P3  (LAI=4.7),STATIC_ALS_DOPT,2021-09-05,1.31510776281357
P3  (LAI=4.7),STATIC_ALS_DOPT,2021-09-06,1.31510776281357
P3  (LAI=4.7),STATIC_ALS_DOPT,2021-09-07,1.31510776281357
P3  (LAI=4.7),STATIC_ALS_DOPT,2021-09-08,1.31510776281357
P3  (LAI=4.7),STATIC_ALS_DOPT,2021-09-09,1.31510776281357
P3  (LAI=4.7),STATIC_ALS_DOPT,2021-09-10,1.31510776281357
P3  (LAI=4.7),STATIC_ALS_DOPT,2021-09-11,1.31510776281357
P3  (LAI=4.7),STATIC_ALS_DOPT,2021-09-12,1.31510776281357
P3  (LAI=4.7),STATIC_ALS_DOPT,2021-09-13,1.31510776281357
P3  (LAI=4.7),STATIC_ALS_DOPT,2021-09-14,1.31510776281357
P3  (LAI=4.7),STATIC_ALS_DOPT,2021-09-15,1.31510776281357
P3  (LAI=4.7),STATIC_ALS_DOPT,2021-09-16,1.31510776281357
P3  (LAI=4.7),STATIC_ALS_DOPT,2021-09-17,1.31510776281357
P3  (LAI=4.7),STATIC_ALS_DOPT,2021-09-18,1.31510776281357
P3  (LAI=4.7),STATIC_ALS_DOPT,2021-09-19,1.31510776281357
P3  (LAI=4.7),STATIC_ALS_DOPT,2021-09-20,1.31510776281357
P3  (LAI=4.7),STATIC_ALS_DOPT,2021-09-21,1.31510776281357
P3  (LAI=4.7),STATIC_ALS_DOPT,2021-09-22,1.31510776281357
P3  (LAI=4.7),STATIC_ALS_DOPT,2021-09-23,1.31510776281357
P3  (LAI=4.7),STATIC_ALS_DOPT,2021-09-24,1.31510776281357
P3  (LAI=4.7),STATIC_ALS_DOPT,2021-09-25,1.31510776281357
P3  (LAI=4.7),STATIC_ALS_DOPT,2021-09-26,1.29709258798051
P3  (LAI=4.7),STATIC_ALS_DOPT,2021-09-27,1.27135662393327
P3  (LAI=4.7),STATIC_ALS_DOPT,2021-09-28,1.24562065988604
P3  (LAI=4.7),STATIC_ALS_DOPT,2021-09-29,1.21988469583881
P3  (LAI=4.7),STATIC_ALS_DOPT,2021-09-30,1.19414873179158
P3  (LAI=4.7),DYN_S2_ATBD_NM,2021-06-01,4.21922986900653
P3  (LAI=4.7),DYN_S2_ATBD_NM,2021-06-02,4.27537844504588
P3  (LAI=4.7),DYN_S2_ATBD_NM,2021-06-03,4.33075906047079
P3  (LAI=4.7),DYN_S2_ATBD_NM,2021-06-04,4.38512569916275
P3  (LAI=4.7),DYN_S2_ATBD_NM,2021-06-05,4.43823234500326
P3  (LAI=4.7),DYN_S2_ATBD_NM,2021-06-06,4.48983298187381
P3  (LAI=4.7),DYN_S2_ATBD_NM,2021-06-07,4.53968159365591
P3  (LAI=4.7),DYN_S2_ATBD_NM,2021-06-08,4.58753216423104
P3  (LAI=4.7),DYN_S2_ATBD_NM,2021-06-09,4.6331386774807
P3  (LAI=4.7),DYN_S2_ATBD_NM,2021-06-10,4.67625511728639
P3  (LAI=4.7),DYN_S2_ATBD_NM,2021-06-11,4.71663546752961
P3  (LAI=4.7),DYN_S2_ATBD_NM,2021-06-12,4.75403371209185
P3  (LAI=4.7),DYN_S2_ATBD_NM,2021-06-13,4.78820383485462
P3  (LAI=4.7),DYN_S2_ATBD_NM,2021-06-14,4.81889981969939
P3  (LAI=4.7),DYN_S2_ATBD_NM,2021-06-15,4.84587565050768
P3  (LAI=4.7),DYN_S2_ATBD_NM,2021-06-16,4.86888531116097
P3  (LAI=4.7),DYN_S2_ATBD_NM,2021-06-17,4.88768278554077
P3  (LAI=4.7),DYN_S2_ATBD_NM,2021-06-18,4.90202205752857
P3  (LAI=4.7),DYN_S2_ATBD_NM,2021-06-19,4.91165711100587
P3  (LAI=4.7),DYN_S2_ATBD_NM,2021-06-20,4.91634397136173
P3  (LAI=4.7),DYN_S2_ATBD_NM,2021-06-21,4.91601653033141
P3  (LAI=4.7),DYN_S2_ATBD_NM,2021-06-22,4.91092205106077
P3  (LAI=4.7),DYN_S2_ATBD_NM,2021-06-23,4.90133969525127
P3  (LAI=4.7),DYN_S2_ATBD_NM,2021-06-24,4.88754862460438
P3  (LAI=4.7),DYN_S2_ATBD_NM,2021-06-25,4.86982800082159
P3  (LAI=4.7),DYN_S2_ATBD_NM,2021-06-26,4.84845698560436
P3  (LAI=4.7),DYN_S2_ATBD_NM,2021-06-27,4.82371474065417
P3  (LAI=4.7),DYN_S2_ATBD_NM,2021-06-28,4.79588042767248
P3  (LAI=4.7),DYN_S2_ATBD_NM,2021-06-29,4.76523320836078
P3  (LAI=4.7),DYN_S2_ATBD_NM,2021-06-30,4.73205224442053
P3  (LAI=4.7),DYN_S2_ATBD_NM,2021-07-01,4.69661669755322
P3  (LAI=4.7),DYN_S2_ATBD_NM,2021-07-02,4.6592057294603
P3  (LAI=4.7),DYN_S2_ATBD_NM,2021-07-03,4.62009850184326
P3  (LAI=4.7),DYN_S2_ATBD_NM,2021-07-04,4.57957417640356
P3  (LAI=4.7),DYN_S2_ATBD_NM,2021-07-05,4.53791191484269
P3  (LAI=4.7),DYN_S2_ATBD_NM,2021-07-06,4.49539087886211
P3  (LAI=4.7),DYN_S2_ATBD_NM,2021-07-07,4.4522902301633
P3  (LAI=4.7),DYN_S2_ATBD_NM,2021-07-08,4.40888913044773
P3  (LAI=4.7),DYN_S2_ATBD_NM,2021-07-09,4.36546674141687
P3  (LAI=4.7),DYN_S2_ATBD_NM,2021-07-10,4.3223022247722
P3  (LAI=4.7),DYN_S2_ATBD_NM,2021-07-11,4.27967474221519
P3  (LAI=4.7),DYN_S2_ATBD_NM,2021-07-12,4.23786345544731
P3  (LAI=4.7),DYN_S2_ATBD_NM,2021-07-13,4.19714752617003
P3  (LAI=4.7),DYN_S2_ATBD_NM,2021-07-14,4.15780611608484
P3  (LAI=4.7),DYN_S2_ATBD_NM,2021-07-15,4.12011838689319
P3  (LAI=4.7),DYN_S2_ATBD_NM,2021-07-16,4.08436350029658
P3  (LAI=4.7),DYN_S2_ATBD_NM,2021-07-17,4.05082061799646
P3  (LAI=4.7),DYN_S2_ATBD_NM,2021-07-18,4.01976890169431
P3  (LAI=4.7),DYN_S2_ATBD_NM,2021-07-19,3.9914858729111
P3  (LAI=4.7),DYN_S2_ATBD_NM,2021-07-20,3.96610615244159
P3  (LAI=4.7),DYN_S2_ATBD_NM,2021-07-21,3.94351259337354
P3  (LAI=4.7),DYN_S2_ATBD_NM,2021-07-22,3.92356242097436
P3  (LAI=4.7),DYN_S2_ATBD_NM,2021-07-23,3.90611286051144
P3  (LAI=4.7),DYN_S2_ATBD_NM,2021-07-24,3.89102113725221
P3  (LAI=4.7),DYN_S2_ATBD_NM,2021-07-25,3.87814447646408
P3  (LAI=4.7),DYN_S2_ATBD_NM,2021-07-26,3.86734010341445
P3  (LAI=4.7),DYN_S2_ATBD_NM,2021-07-27,3.85846524337073
P3  (LAI=4.7),DYN_S2_ATBD_NM,2021-07-28,3.85137712160034
P3  (LAI=4.7),DYN_S2_ATBD_NM,2021-07-29,3.84593296337069
P3  (LAI=4.7),DYN_S2_ATBD_NM,2021-07-30,3.84198999394919
P3  (LAI=4.7),DYN_S2_ATBD_NM,2021-07-31,3.83940543860324
P3  (LAI=4.7),DYN_S2_ATBD_NM,2021-08-01,3.83803652260026
P3  (LAI=4.7),DYN_S2_ATBD_NM,2021-08-02,3.83774047120766
P3  (LAI=4.7),DYN_S2_ATBD_NM,2021-08-03,3.83837450969285
P3  (LAI=4.7),DYN_S2_ATBD_NM,2021-08-04,3.83979586332324
P3  (LAI=4.7),DYN_S2_ATBD_NM,2021-08-05,3.84186175736624
P3  (LAI=4.7),DYN_S2_ATBD_NM,2021-08-06,3.84442941708926
P3  (LAI=4.7),DYN_S2_ATBD_NM,2021-08-07,3.84735606775971
P3  (LAI=4.7),DYN_S2_ATBD_NM,2021-08-08,3.85049893464501
P3  (LAI=4.7),DYN_S2_ATBD_NM,2021-08-09,3.85371524301255
P3  (LAI=4.7),DYN_S2_ATBD_NM,2021-08-10,3.85686221812976
P3  (LAI=4.7),DYN_S2_ATBD_NM,2021-08-11,3.85979708526404
P3  (LAI=4.7),DYN_S2_ATBD_NM,2021-08-12,3.8623770696828
P3  (LAI=4.7),DYN_S2_ATBD_NM,2021-08-13,3.86445939665346
P3  (LAI=4.7),DYN_S2_ATBD_NM,2021-08-14,3.86591674727126
P3  (LAI=4.7),DYN_S2_ATBD_NM,2021-08-15,3.86671718512453
P3  (LAI=4.7),DYN_S2_ATBD_NM,2021-08-16,3.86686512361889
P3  (LAI=4.7),DYN_S2_ATBD_NM,2021-08-17,3.86636504771477
P3  (LAI=4.7),DYN_S2_ATBD_NM,2021-08-18,3.86522144237255
P3  (LAI=4.7),DYN_S2_ATBD_NM,2021-08-19,3.86343879255264
P3  (LAI=4.7),DYN_S2_ATBD_NM,2021-08-20,3.86102158321543
P3  (LAI=4.7),DYN_S2_ATBD_NM,2021-08-21,3.85797429932134
P3  (LAI=4.7),DYN_S2_ATBD_NM,2021-08-22,3.85430142583074
P3  (LAI=4.7),DYN_S2_ATBD_NM,2021-08-23,3.85000744770405
P3  (LAI=4.7),DYN_S2_ATBD_NM,2021-08-24,3.84509684990167
P3  (LAI=4.7),DYN_S2_ATBD_NM,2021-08-25,3.83957411738399
P3  (LAI=4.7),DYN_S2_ATBD_NM,2021-08-26,3.83344373511142
P3  (LAI=4.7),DYN_S2_ATBD_NM,2021-08-27,3.82671018804436
P3  (LAI=4.7),DYN_S2_ATBD_NM,2021-08-28,3.8193779611432
P3  (LAI=4.7),DYN_S2_ATBD_NM,2021-08-29,3.81145153936835
P3  (LAI=4.7),DYN_S2_ATBD_NM,2021-08-30,3.8029354076802
P3  (LAI=4.7),DYN_S2_ATBD_NM,2021-08-31,3.79383405103916
P3  (LAI=4.7),DYN_S2_ATBD_NM,2021-09-01,3.78415195440563
P3  (LAI=4.7),DYN_S2_ATBD_NM,2021-09-02,3.77389360274
P3  (LAI=4.7),DYN_S2_ATBD_NM,2021-09-03,3.76306348100267
P3  (LAI=4.7),DYN_S2_ATBD_NM,2021-09-04,3.75166607415405
P3  (LAI=4.7),DYN_S2_ATBD_NM,2021-09-05,3.73970205824169
P3  (LAI=4.7),DYN_S2_ATBD_NM,2021-09-06,3.72714860338337
P3  (LAI=4.7),DYN_S2_ATBD_NM,2021-09-07,3.71397392169814
P3  (LAI=4.7),DYN_S2_ATBD_NM,2021-09-08,3.70014620767118
P3  (LAI=4.7),DYN_S2_ATBD_NM,2021-09-09,3.6856336557877
P3  (LAI=4.7),DYN_S2_ATBD_NM,2021-09-10,3.67040446053287
P3  (LAI=4.7),DYN_S2_ATBD_NM,2021-09-11,3.65442681639189
P3  (LAI=4.7),DYN_S2_ATBD_NM,2021-09-12,3.63766891784995
P3  (LAI=4.7),DYN_S2_ATBD_NM,2021-09-13,3.62009895939223
P3  (LAI=4.7),DYN_S2_ATBD_NM,2021-09-14,3.60168513550394
P3  (LAI=4.7),DYN_S2_ATBD_NM,2021-09-15,3.58239564067026
P3  (LAI=4.7),DYN_S2_ATBD_NM,2021-09-16,3.56219866937637
P3  (LAI=4.7),DYN_S2_ATBD_NM,2021-09-17,3.54106241610748
P3  (LAI=4.7),DYN_S2_ATBD_NM,2021-09-18,3.51895507534877
P3  (LAI=4.7),DYN_S2_ATBD_NM,2021-09-19,3.49584484158543
P3  (LAI=4.7),DYN_S2_ATBD_NM,2021-09-20,3.47169990930265
P3  (LAI=4.7),DYN_S2_ATBD_NM,2021-09-21,3.44648847298562
P3  (LAI=4.7),DYN_S2_ATBD_NM,2021-09-22,3.42017872711953
P3  (LAI=4.7),DYN_S2_ATBD_NM,2021-09-23,3.39273886618957
P3  (LAI=4.7),DYN_S2_ATBD_NM,2021-09-24,3.36413708468094
P3  (LAI=4.7),DYN_S2_ATBD_NM,2021-09-25,3.33434157707882
P3  (LAI=4.7),DYN_S2_ATBD_NM,2021-09-26,3.3033205378684
P3  (LAI=4.7),DYN_S2_ATBD_NM,2021-09-27,3.27104216153487
P3  (LAI=4.7),DYN_S2_ATBD_NM,2021-09-28,3.23747488130307
P3  (LAI=4.7),DYN_S2_ATBD_NM,2021-09-29,3.20260793058892
P3  (LAI=4.7),DYN_S2_ATBD_NM,2021-09-30,3.16646718934305
P3  (LAI=4.7),DYN_S2_OPT_NM,2021-06-01,3.79048525587895
P3  (LAI=4.7),DYN_S2_OPT_NM,2021-06-02,3.84092819362433
P3  (LAI=4.7),DYN_S2_OPT_NM,2021-06-03,3.89068120845096
P3  (LAI=4.7),DYN_S2_OPT_NM,2021-06-04,3.9395232836096
P3  (LAI=4.7),DYN_S2_OPT_NM,2021-06-05,3.98723340235101
P3  (LAI=4.7),DYN_S2_OPT_NM,2021-06-06,4.03359054792598
P3  (LAI=4.7),DYN_S2_OPT_NM,2021-06-07,4.07837370358527
P3  (LAI=4.7),DYN_S2_OPT_NM,2021-06-08,4.12136185257966
P3  (LAI=4.7),DYN_S2_OPT_NM,2021-06-09,4.16233397815992
P3  (LAI=4.7),DYN_S2_OPT_NM,2021-06-10,4.20106906357681
P3  (LAI=4.7),DYN_S2_OPT_NM,2021-06-11,4.23734609208111
P3  (LAI=4.7),DYN_S2_OPT_NM,2021-06-12,4.27094404692359
P3  (LAI=4.7),DYN_S2_OPT_NM,2021-06-13,4.30164191135503
P3  (LAI=4.7),DYN_S2_OPT_NM,2021-06-14,4.32921866862618
P3  (LAI=4.7),DYN_S2_OPT_NM,2021-06-15,4.35345330198783
P3  (LAI=4.7),DYN_S2_OPT_NM,2021-06-16,4.37412479469075
P3  (LAI=4.7),DYN_S2_OPT_NM,2021-06-17,4.3910121299857
P3  (LAI=4.7),DYN_S2_OPT_NM,2021-06-18,4.40389429112346
P3  (LAI=4.7),DYN_S2_OPT_NM,2021-06-19,4.4125502613548
P3  (LAI=4.7),DYN_S2_OPT_NM,2021-06-20,4.4167608579866
P3  (LAI=4.7),DYN_S2_OPT_NM,2021-06-21,4.41646669046407
P3  (LAI=4.7),DYN_S2_OPT_NM,2021-06-22,4.41188989584484
P3  (LAI=4.7),DYN_S2_OPT_NM,2021-06-23,4.40328126831323
P3  (LAI=4.7),DYN_S2_OPT_NM,2021-06-24,4.39089160205357
P3  (LAI=4.7),DYN_S2_OPT_NM,2021-06-25,4.37497169125016
P3  (LAI=4.7),DYN_S2_OPT_NM,2021-06-26,4.35577233008733
P3  (LAI=4.7),DYN_S2_OPT_NM,2021-06-27,4.33354431274938
P3  (LAI=4.7),DYN_S2_OPT_NM,2021-06-28,4.30853843342064
P3  (LAI=4.7),DYN_S2_OPT_NM,2021-06-29,4.28100548628542
P3  (LAI=4.7),DYN_S2_OPT_NM,2021-06-30,4.25119626552804
P3  (LAI=4.7),DYN_S2_OPT_NM,2021-07-01,4.21936156533281
P3  (LAI=4.7),DYN_S2_OPT_NM,2021-07-02,4.18575217988405
P3  (LAI=4.7),DYN_S2_OPT_NM,2021-07-03,4.15061890336608
P3  (LAI=4.7),DYN_S2_OPT_NM,2021-07-04,4.11421252996321
P3  (LAI=4.7),DYN_S2_OPT_NM,2021-07-05,4.07678385385976
P3  (LAI=4.7),DYN_S2_OPT_NM,2021-07-06,4.03858366924004
P3  (LAI=4.7),DYN_S2_OPT_NM,2021-07-07,3.99986277028837
P3  (LAI=4.7),DYN_S2_OPT_NM,2021-07-08,3.96087195118907
P3  (LAI=4.7),DYN_S2_OPT_NM,2021-07-09,3.92186200612645
P3  (LAI=4.7),DYN_S2_OPT_NM,2021-07-10,3.88308372928483
P3  (LAI=4.7),DYN_S2_OPT_NM,2021-07-11,3.84478791484852
P3  (LAI=4.7),DYN_S2_OPT_NM,2021-07-12,3.80722535700185
P3  (LAI=4.7),DYN_S2_OPT_NM,2021-07-13,3.77064684992912
P3  (LAI=4.7),DYN_S2_OPT_NM,2021-07-14,3.73530318781465
P3  (LAI=4.7),DYN_S2_OPT_NM,2021-07-15,3.70144516484277
P3  (LAI=4.7),DYN_S2_OPT_NM,2021-07-16,3.66932357519778
P3  (LAI=4.7),DYN_S2_OPT_NM,2021-07-17,3.63918921306401
P3  (LAI=4.7),DYN_S2_OPT_NM,2021-07-18,3.61129287262576
P3  (LAI=4.7),DYN_S2_OPT_NM,2021-07-19,3.58588387455674
P3  (LAI=4.7),DYN_S2_OPT_NM,2021-07-20,3.56308315991811
P3  (LAI=4.7),DYN_S2_OPT_NM,2021-07-21,3.5427854858913
P3  (LAI=4.7),DYN_S2_OPT_NM,2021-07-22,3.52486258605433
P3  (LAI=4.7),DYN_S2_OPT_NM,2021-07-23,3.50918619398522
P3  (LAI=4.7),DYN_S2_OPT_NM,2021-07-24,3.49562804326199
P3  (LAI=4.7),DYN_S2_OPT_NM,2021-07-25,3.48405986746268
P3  (LAI=4.7),DYN_S2_OPT_NM,2021-07-26,3.4743534001653
P3  (LAI=4.7),DYN_S2_OPT_NM,2021-07-27,3.46638037494788
P3  (LAI=4.7),DYN_S2_OPT_NM,2021-07-28,3.46001252538844
P3  (LAI=4.7),DYN_S2_OPT_NM,2021-07-29,3.455121585065
P3  (LAI=4.7),DYN_S2_OPT_NM,2021-07-30,3.4515792875556
P3  (LAI=4.7),DYN_S2_OPT_NM,2021-07-31,3.44925736643824
P3  (LAI=4.7),DYN_S2_OPT_NM,2021-08-01,3.44802755529097
P3  (LAI=4.7),DYN_S2_OPT_NM,2021-08-02,3.44776158769179
P3  (LAI=4.7),DYN_S2_OPT_NM,2021-08-03,3.44833119721874
P3  (LAI=4.7),DYN_S2_OPT_NM,2021-08-04,3.44960811744984
P3  (LAI=4.7),DYN_S2_OPT_NM,2021-08-05,3.4514640819631
P3  (LAI=4.7),DYN_S2_OPT_NM,2021-08-06,3.45377082433657
P3  (LAI=4.7),DYN_S2_OPT_NM,2021-08-07,3.45640007814825
P3  (LAI=4.7),DYN_S2_OPT_NM,2021-08-08,3.45922357697618
P3  (LAI=4.7),DYN_S2_OPT_NM,2021-08-09,3.46211305439837
P3  (LAI=4.7),DYN_S2_OPT_NM,2021-08-10,3.46494024399286
P3  (LAI=4.7),DYN_S2_OPT_NM,2021-08-11,3.46757687933766
P3  (LAI=4.7),DYN_S2_OPT_NM,2021-08-12,3.46989469401079
P3  (LAI=4.7),DYN_S2_OPT_NM,2021-08-13,3.47176542159029
P3  (LAI=4.7),DYN_S2_OPT_NM,2021-08-14,3.47307468091034
P3  (LAI=4.7),DYN_S2_OPT_NM,2021-08-15,3.47379378083503
P3  (LAI=4.7),DYN_S2_OPT_NM,2021-08-16,3.47392668629387
P3  (LAI=4.7),DYN_S2_OPT_NM,2021-08-17,3.47347742649996
P3  (LAI=4.7),DYN_S2_OPT_NM,2021-08-18,3.4724500306664
P3  (LAI=4.7),DYN_S2_OPT_NM,2021-08-19,3.47084852800631
P3  (LAI=4.7),DYN_S2_OPT_NM,2021-08-20,3.46867694773277
P3  (LAI=4.7),DYN_S2_OPT_NM,2021-08-21,3.4659393190589
P3  (LAI=4.7),DYN_S2_OPT_NM,2021-08-22,3.46263967119778
P3  (LAI=4.7),DYN_S2_OPT_NM,2021-08-23,3.45878203336254
P3  (LAI=4.7),DYN_S2_OPT_NM,2021-08-24,3.45437043476626
P3  (LAI=4.7),DYN_S2_OPT_NM,2021-08-25,3.44940890462205
P3  (LAI=4.7),DYN_S2_OPT_NM,2021-08-26,3.44390147214302
P3  (LAI=4.7),DYN_S2_OPT_NM,2021-08-27,3.43785216654226
P3  (LAI=4.7),DYN_S2_OPT_NM,2021-08-28,3.43126501703288
P3  (LAI=4.7),DYN_S2_OPT_NM,2021-08-29,3.42414405282797
P3  (LAI=4.7),DYN_S2_OPT_NM,2021-08-30,3.41649330314065
P3  (LAI=4.7),DYN_S2_OPT_NM,2021-08-31,3.40831679718401
P3  (LAI=4.7),DYN_S2_OPT_NM,2021-09-01,3.39961856417116
P3  (LAI=4.7),DYN_S2_OPT_NM,2021-09-02,3.39040263331519
P3  (LAI=4.7),DYN_S2_OPT_NM,2021-09-03,3.38067303382922
P3  (LAI=4.7),DYN_S2_OPT_NM,2021-09-04,3.37043379492633
P3  (LAI=4.7),DYN_S2_OPT_NM,2021-09-05,3.35968552395631
P3  (LAI=4.7),DYN_S2_OPT_NM,2021-09-06,3.34840771093636
P3  (LAI=4.7),DYN_S2_OPT_NM,2021-09-07,3.33657179816811
P3  (LAI=4.7),DYN_S2_OPT_NM,2021-09-08,3.32414921211118
P3  (LAI=4.7),DYN_S2_OPT_NM,2021-09-09,3.31111137922523
P3  (LAI=4.7),DYN_S2_OPT_NM,2021-09-10,3.29742972596989
P3  (LAI=4.7),DYN_S2_OPT_NM,2021-09-11,3.2830756788048
P3  (LAI=4.7),DYN_S2_OPT_NM,2021-09-12,3.26802066418961
P3  (LAI=4.7),DYN_S2_OPT_NM,2021-09-13,3.25223610858396
P3  (LAI=4.7),DYN_S2_OPT_NM,2021-09-14,3.23569343844748
P3  (LAI=4.7),DYN_S2_OPT_NM,2021-09-15,3.21836408023983
P3  (LAI=4.7),DYN_S2_OPT_NM,2021-09-16,3.20021946042065
P3  (LAI=4.7),DYN_S2_OPT_NM,2021-09-17,3.18123100544957
P3  (LAI=4.7),DYN_S2_OPT_NM,2021-09-18,3.16137014178624
P3  (LAI=4.7),DYN_S2_OPT_NM,2021-09-19,3.1406082958903
P3  (LAI=4.7),DYN_S2_OPT_NM,2021-09-20,3.11891689422139
P3  (LAI=4.7),DYN_S2_OPT_NM,2021-09-21,3.09626736323916
P3  (LAI=4.7),DYN_S2_OPT_NM,2021-09-22,3.07263112940324
P3  (LAI=4.7),DYN_S2_OPT_NM,2021-09-23,3.04797961917328
P3  (LAI=4.7),DYN_S2_OPT_NM,2021-09-24,3.02228425900892
P3  (LAI=4.7),DYN_S2_OPT_NM,2021-09-25,2.9955164753698
P3  (LAI=4.7),DYN_S2_OPT_NM,2021-09-26,2.96764769471557
P3  (LAI=4.7),DYN_S2_OPT_NM,2021-09-27,2.93864934350586
P3  (LAI=4.7),DYN_S2_OPT_NM,2021-09-28,2.90849306268
P3  (LAI=4.7),DYN_S2_OPT_NM,2021-09-29,2.87716917971968
P3  (LAI=4.7),DYN_S2_OPT_NM,2021-09-30,2.84470094473791
P3  (LAI=4.7),DYN_ATBD_rfull_NM,2021-06-01,3.2120776433
P3  (LAI=4.7),DYN_ATBD_rfull_NM,2021-06-02,3.25482326072273
P3  (LAI=4.7),DYN_ATBD_rfull_NM,2021-06-03,3.2969842337442
P3  (LAI=4.7),DYN_ATBD_rfull_NM,2021-06-04,3.33837327157942
P3  (LAI=4.7),DYN_ATBD_rfull_NM,2021-06-05,3.37880308344343
P3  (LAI=4.7),DYN_ATBD_rfull_NM,2021-06-06,3.41808637855126
P3  (LAI=4.7),DYN_ATBD_rfull_NM,2021-06-07,3.45603586611793
P3  (LAI=4.7),DYN_ATBD_rfull_NM,2021-06-08,3.49246425535849
P3  (LAI=4.7),DYN_ATBD_rfull_NM,2021-06-09,3.52718425548794
P3  (LAI=4.7),DYN_ATBD_rfull_NM,2021-06-10,3.56000857572133
P3  (LAI=4.7),DYN_ATBD_rfull_NM,2021-06-11,3.59074992527369
P3  (LAI=4.7),DYN_ATBD_rfull_NM,2021-06-12,3.61922101336004
P3  (LAI=4.7),DYN_ATBD_rfull_NM,2021-06-13,3.64523454919541
P3  (LAI=4.7),DYN_ATBD_rfull_NM,2021-06-14,3.66860324199484
P3  (LAI=4.7),DYN_ATBD_rfull_NM,2021-06-15,3.68913980097335
P3  (LAI=4.7),DYN_ATBD_rfull_NM,2021-06-16,3.70665693534597
P3  (LAI=4.7),DYN_ATBD_rfull_NM,2021-06-17,3.72096735432773
P3  (LAI=4.7),DYN_ATBD_rfull_NM,2021-06-18,3.73188376713367
P3  (LAI=4.7),DYN_ATBD_rfull_NM,2021-06-19,3.73921888297881
P3  (LAI=4.7),DYN_ATBD_rfull_NM,2021-06-20,3.74278696526721
P3  (LAI=4.7),DYN_ATBD_rfull_NM,2021-06-21,3.74253768612253
P3  (LAI=4.7),DYN_ATBD_rfull_NM,2021-06-22,3.73865928568512
P3  (LAI=4.7),DYN_ATBD_rfull_NM,2021-06-23,3.731364288299
P3  (LAI=4.7),DYN_ATBD_rfull_NM,2021-06-24,3.72086521830818
P3  (LAI=4.7),DYN_ATBD_rfull_NM,2021-06-25,3.7073746000567
P3  (LAI=4.7),DYN_ATBD_rfull_NM,2021-06-26,3.69110495788855
P3  (LAI=4.7),DYN_ATBD_rfull_NM,2021-06-27,3.67226881614776
P3  (LAI=4.7),DYN_ATBD_rfull_NM,2021-06-28,3.65107869917835
P3  (LAI=4.7),DYN_ATBD_rfull_NM,2021-06-29,3.62774713132433
P3  (LAI=4.7),DYN_ATBD_rfull_NM,2021-06-30,3.60248663692972
P3  (LAI=4.7),DYN_ATBD_rfull_NM,2021-07-01,3.57550974033854
P3  (LAI=4.7),DYN_ATBD_rfull_NM,2021-07-02,3.5470289658948
P3  (LAI=4.7),DYN_ATBD_rfull_NM,2021-07-03,3.51725683794252
P3  (LAI=4.7),DYN_ATBD_rfull_NM,2021-07-04,3.48640588082572
P3  (LAI=4.7),DYN_ATBD_rfull_NM,2021-07-05,3.45468861888841
P3  (LAI=4.7),DYN_ATBD_rfull_NM,2021-07-06,3.42231757647461
P3  (LAI=4.7),DYN_ATBD_rfull_NM,2021-07-07,3.38950527792834
P3  (LAI=4.7),DYN_ATBD_rfull_NM,2021-07-08,3.35646424759362
P3  (LAI=4.7),DYN_ATBD_rfull_NM,2021-07-09,3.32340700981445
P3  (LAI=4.7),DYN_ATBD_rfull_NM,2021-07-10,3.29054608893487
P3  (LAI=4.7),DYN_ATBD_rfull_NM,2021-07-11,3.25809400929888
P3  (LAI=4.7),DYN_ATBD_rfull_NM,2021-07-12,3.22626329525051
P3  (LAI=4.7),DYN_ATBD_rfull_NM,2021-07-13,3.19526647113376
P3  (LAI=4.7),DYN_ATBD_rfull_NM,2021-07-14,3.16531606129266
P3  (LAI=4.7),DYN_ATBD_rfull_NM,2021-07-15,3.13662459007123
P3  (LAI=4.7),DYN_ATBD_rfull_NM,2021-07-16,3.10940458181347
P3  (LAI=4.7),DYN_ATBD_rfull_NM,2021-07-17,3.08386856086341
P3  (LAI=4.7),DYN_ATBD_rfull_NM,2021-07-18,3.06022905156507
P3  (LAI=4.7),DYN_ATBD_rfull_NM,2021-07-19,3.03869732960162
P3  (LAI=4.7),DYN_ATBD_rfull_NM,2021-07-20,3.01937588108037
P3  (LAI=4.7),DYN_ATBD_rfull_NM,2021-07-21,3.00217552266943
P3  (LAI=4.7),DYN_ATBD_rfull_NM,2021-07-22,2.98698756071122
P3  (LAI=4.7),DYN_ATBD_rfull_NM,2021-07-23,2.97370330154818
P3  (LAI=4.7),DYN_ATBD_rfull_NM,2021-07-24,2.96221405152273
P3  (LAI=4.7),DYN_ATBD_rfull_NM,2021-07-25,2.95241111697732
P3  (LAI=4.7),DYN_ATBD_rfull_NM,2021-07-26,2.94418580425437
P3  (LAI=4.7),DYN_ATBD_rfull_NM,2021-07-27,2.93742941969632
P3  (LAI=4.7),DYN_ATBD_rfull_NM,2021-07-28,2.93203326964559
P3  (LAI=4.7),DYN_ATBD_rfull_NM,2021-07-29,2.92788866044463
P3  (LAI=4.7),DYN_ATBD_rfull_NM,2021-07-30,2.92488689843587
P3  (LAI=4.7),DYN_ATBD_rfull_NM,2021-07-31,2.92291928996173
P3  (LAI=4.7),DYN_ATBD_rfull_NM,2021-08-01,2.92187714136466
P3  (LAI=4.7),DYN_ATBD_rfull_NM,2021-08-02,2.92165175898707
P3  (LAI=4.7),DYN_ATBD_rfull_NM,2021-08-03,2.92213444917142
P3  (LAI=4.7),DYN_ATBD_rfull_NM,2021-08-04,2.92321651826013
P3  (LAI=4.7),DYN_ATBD_rfull_NM,2021-08-05,2.92478927259563
P3  (LAI=4.7),DYN_ATBD_rfull_NM,2021-08-06,2.92674401852035
P3  (LAI=4.7),DYN_ATBD_rfull_NM,2021-08-07,2.92897206237673
P3  (LAI=4.7),DYN_ATBD_rfull_NM,2021-08-08,2.93136471050721
P3  (LAI=4.7),DYN_ATBD_rfull_NM,2021-08-09,2.9338132692542
P3  (LAI=4.7),DYN_ATBD_rfull_NM,2021-08-10,2.93620904496016
P3  (LAI=4.7),DYN_ATBD_rfull_NM,2021-08-11,2.9384433439675
P3  (LAI=4.7),DYN_ATBD_rfull_NM,2021-08-12,2.94040747261867
P3  (LAI=4.7),DYN_ATBD_rfull_NM,2021-08-13,2.94199273725609
P3  (LAI=4.7),DYN_ATBD_rfull_NM,2021-08-14,2.94310221066314
P3  (LAI=4.7),DYN_ATBD_rfull_NM,2021-08-15,2.94371157981655
P3  (LAI=4.7),DYN_ATBD_rfull_NM,2021-08-16,2.94382420461897
P3  (LAI=4.7),DYN_ATBD_rfull_NM,2021-08-17,2.9434434994473
P3  (LAI=4.7),DYN_ATBD_rfull_NM,2021-08-18,2.94257287867845
P3  (LAI=4.7),DYN_ATBD_rfull_NM,2021-08-19,2.94121575668933
P3  (LAI=4.7),DYN_ATBD_rfull_NM,2021-08-20,2.93937554785685
P3  (LAI=4.7),DYN_ATBD_rfull_NM,2021-08-21,2.93705566655791
P3  (LAI=4.7),DYN_ATBD_rfull_NM,2021-08-22,2.93425952716943
P3  (LAI=4.7),DYN_ATBD_rfull_NM,2021-08-23,2.9309905440683
P3  (LAI=4.7),DYN_ATBD_rfull_NM,2021-08-24,2.92725213163144
P3  (LAI=4.7),DYN_ATBD_rfull_NM,2021-08-25,2.92304770423575
P3  (LAI=4.7),DYN_ATBD_rfull_NM,2021-08-26,2.91838067625815
P3  (LAI=4.7),DYN_ATBD_rfull_NM,2021-08-27,2.91325446207553
P3  (LAI=4.7),DYN_ATBD_rfull_NM,2021-08-28,2.90767247606481
P3  (LAI=4.7),DYN_ATBD_rfull_NM,2021-08-29,2.90163813260289
P3  (LAI=4.7),DYN_ATBD_rfull_NM,2021-08-30,2.89515484606668
P3  (LAI=4.7),DYN_ATBD_rfull_NM,2021-08-31,2.88822603083309
P3  (LAI=4.7),DYN_ATBD_rfull_NM,2021-09-01,2.88085510127903
P3  (LAI=4.7),DYN_ATBD_rfull_NM,2021-09-02,2.8730454717814
P3  (LAI=4.7),DYN_ATBD_rfull_NM,2021-09-03,2.86480055671711
P3  (LAI=4.7),DYN_ATBD_rfull_NM,2021-09-04,2.85612377046306
P3  (LAI=4.7),DYN_ATBD_rfull_NM,2021-09-05,2.84701562769074
P3  (LAI=4.7),DYN_ATBD_rfull_NM,2021-09-06,2.83745874813013
P3  (LAI=4.7),DYN_ATBD_rfull_NM,2021-09-07,2.82742893183366
P3  (LAI=4.7),DYN_ATBD_rfull_NM,2021-09-08,2.81690196542915
P3  (LAI=4.7),DYN_ATBD_rfull_NM,2021-09-09,2.80585363554445
P3  (LAI=4.7),DYN_ATBD_rfull_NM,2021-09-10,2.79425972880739
P3  (LAI=4.7),DYN_ATBD_rfull_NM,2021-09-11,2.78209603184581
P3  (LAI=4.7),DYN_ATBD_rfull_NM,2021-09-12,2.76933833128754
P3  (LAI=4.7),DYN_ATBD_rfull_NM,2021-09-13,2.75596241376044
P3  (LAI=4.7),DYN_ATBD_rfull_NM,2021-09-14,2.74194406589233
P3  (LAI=4.7),DYN_ATBD_rfull_NM,2021-09-15,2.72725907431106
P3  (LAI=4.7),DYN_ATBD_rfull_NM,2021-09-16,2.71188322564445
P3  (LAI=4.7),DYN_ATBD_rfull_NM,2021-09-17,2.69579230652036
P3  (LAI=4.7),DYN_ATBD_rfull_NM,2021-09-18,2.67896210356662
P3  (LAI=4.7),DYN_ATBD_rfull_NM,2021-09-19,2.66136840341106
P3  (LAI=4.7),DYN_ATBD_rfull_NM,2021-09-20,2.64298699268153
P3  (LAI=4.7),DYN_ATBD_rfull_NM,2021-09-21,2.62379365800586
P3  (LAI=4.7),DYN_ATBD_rfull_NM,2021-09-22,2.6037641860119
P3  (LAI=4.7),DYN_ATBD_rfull_NM,2021-09-23,2.58287436332748
P3  (LAI=4.7),DYN_ATBD_rfull_NM,2021-09-24,2.56109997658043
P3  (LAI=4.7),DYN_ATBD_rfull_NM,2021-09-25,2.5384168123986
P3  (LAI=4.7),DYN_ATBD_rfull_NM,2021-09-26,2.51480065740983
P3  (LAI=4.7),DYN_ATBD_rfull_NM,2021-09-27,2.49022729824195
P3  (LAI=4.7),DYN_ATBD_rfull_NM,2021-09-28,2.46467270327404
P3  (LAI=4.7),DYN_ATBD_rfull_NM,2021-09-29,2.43812867596194
P3  (LAI=4.7),DYN_ATBD_rfull_NM,2021-09-30,2.41061491857676
P3  (LAI=4.7),DYN_OPT_rdopt_NM,2021-06-01,1.27525550683524
P3  (LAI=4.7),DYN_OPT_rdopt_NM,2021-06-02,1.2922263245006
P3  (LAI=4.7),DYN_OPT_rdopt_NM,2021-06-03,1.30896502729357
P3  (LAI=4.7),DYN_OPT_rdopt_NM,2021-06-04,1.32539725723424
P3  (LAI=4.7),DYN_OPT_rdopt_NM,2021-06-05,1.34144865634267
P3  (LAI=4.7),DYN_OPT_rdopt_NM,2021-06-06,1.35704486663896
P3  (LAI=4.7),DYN_OPT_rdopt_NM,2021-06-07,1.37211153014316
P3  (LAI=4.7),DYN_OPT_rdopt_NM,2021-06-08,1.38657428887536
P3  (LAI=4.7),DYN_OPT_rdopt_NM,2021-06-09,1.40035878485564
P3  (LAI=4.7),DYN_OPT_rdopt_NM,2021-06-10,1.41339066010407
P3  (LAI=4.7),DYN_OPT_rdopt_NM,2021-06-11,1.42559555664073
P3  (LAI=4.7),DYN_OPT_rdopt_NM,2021-06-12,1.43689911648569
P3  (LAI=4.7),DYN_OPT_rdopt_NM,2021-06-13,1.44722698165903
P3  (LAI=4.7),DYN_OPT_rdopt_NM,2021-06-14,1.45650479418084
P3  (LAI=4.7),DYN_OPT_rdopt_NM,2021-06-15,1.46465819607117
P3  (LAI=4.7),DYN_OPT_rdopt_NM,2021-06-16,1.47161282935012
P3  (LAI=4.7),DYN_OPT_rdopt_NM,2021-06-17,1.47729433603776
P3  (LAI=4.7),DYN_OPT_rdopt_NM,2021-06-18,1.48162835815416
P3  (LAI=4.7),DYN_OPT_rdopt_NM,2021-06-19,1.4845405377194
P3  (LAI=4.7),DYN_OPT_rdopt_NM,2021-06-20,1.48595713379597
P3  (LAI=4.7),DYN_OPT_rdopt_NM,2021-06-21,1.48585816526616
P3  (LAI=4.7),DYN_OPT_rdopt_NM,2021-06-22,1.48431836702191
P3  (LAI=4.7),DYN_OPT_rdopt_NM,2021-06-23,1.48142211524282
P3  (LAI=4.7),DYN_OPT_rdopt_NM,2021-06-24,1.47725378610845
P3  (LAI=4.7),DYN_OPT_rdopt_NM,2021-06-25,1.47189775579837
P3  (LAI=4.7),DYN_OPT_rdopt_NM,2021-06-26,1.46543840049218
P3  (LAI=4.7),DYN_OPT_rdopt_NM,2021-06-27,1.45796009636943
P3  (LAI=4.7),DYN_OPT_rdopt_NM,2021-06-28,1.44954721960972
P3  (LAI=4.7),DYN_OPT_rdopt_NM,2021-06-29,1.4402841463926
P3  (LAI=4.7),DYN_OPT_rdopt_NM,2021-06-30,1.43025525289767
P3  (LAI=4.7),DYN_OPT_rdopt_NM,2021-07-01,1.4195449153045
P3  (LAI=4.7),DYN_OPT_rdopt_NM,2021-07-02,1.40823750979266
P3  (LAI=4.7),DYN_OPT_rdopt_NM,2021-07-03,1.39641741254172
P3  (LAI=4.7),DYN_OPT_rdopt_NM,2021-07-04,1.38416899973128
P3  (LAI=4.7),DYN_OPT_rdopt_NM,2021-07-05,1.3715766475409
P3  (LAI=4.7),DYN_OPT_rdopt_NM,2021-07-06,1.35872473215015
P3  (LAI=4.7),DYN_OPT_rdopt_NM,2021-07-07,1.34569762973862
P3  (LAI=4.7),DYN_OPT_rdopt_NM,2021-07-08,1.33257971648589
P3  (LAI=4.7),DYN_OPT_rdopt_NM,2021-07-09,1.31945536857152
P3  (LAI=4.7),DYN_OPT_rdopt_NM,2021-07-10,1.30640896217509
P3  (LAI=4.7),DYN_OPT_rdopt_NM,2021-07-11,1.29352487347618
P3  (LAI=4.7),DYN_OPT_rdopt_NM,2021-07-12,1.28088747865437
P3  (LAI=4.7),DYN_OPT_rdopt_NM,2021-07-13,1.26858115388924
P3  (LAI=4.7),DYN_OPT_rdopt_NM,2021-07-14,1.25669027536035
P3  (LAI=4.7),DYN_OPT_rdopt_NM,2021-07-15,1.24529921924729
P3  (LAI=4.7),DYN_OPT_rdopt_NM,2021-07-16,1.23449236172963
P3  (LAI=4.7),DYN_OPT_rdopt_NM,2021-07-17,1.22435407898695
P3  (LAI=4.7),DYN_OPT_rdopt_NM,2021-07-18,1.21496874719882
P3  (LAI=4.7),DYN_OPT_rdopt_NM,2021-07-19,1.20642024680288
P3  (LAI=4.7),DYN_OPT_rdopt_NM,2021-07-20,1.1987492667199
P3  (LAI=4.7),DYN_OPT_rdopt_NM,2021-07-21,1.19192039948226
P3  (LAI=4.7),DYN_OPT_rdopt_NM,2021-07-22,1.18589049165446
P3  (LAI=4.7),DYN_OPT_rdopt_NM,2021-07-23,1.18061638980103
P3  (LAI=4.7),DYN_OPT_rdopt_NM,2021-07-24,1.17605494048647
P3  (LAI=4.7),DYN_OPT_rdopt_NM,2021-07-25,1.17216299027528
P3  (LAI=4.7),DYN_OPT_rdopt_NM,2021-07-26,1.16889738573199
P3  (LAI=4.7),DYN_OPT_rdopt_NM,2021-07-27,1.16621497342109
P3  (LAI=4.7),DYN_OPT_rdopt_NM,2021-07-28,1.16407259990709
P3  (LAI=4.7),DYN_OPT_rdopt_NM,2021-07-29,1.16242711175452
P3  (LAI=4.7),DYN_OPT_rdopt_NM,2021-07-30,1.16123535552787
P3  (LAI=4.7),DYN_OPT_rdopt_NM,2021-07-31,1.16045417779165
P3  (LAI=4.7),DYN_OPT_rdopt_NM,2021-08-01,1.16004042511038
P3  (LAI=4.7),DYN_OPT_rdopt_NM,2021-08-02,1.15995094404857
P3  (LAI=4.7),DYN_OPT_rdopt_NM,2021-08-03,1.16014258117072
P3  (LAI=4.7),DYN_OPT_rdopt_NM,2021-08-04,1.16057218304134
P3  (LAI=4.7),DYN_OPT_rdopt_NM,2021-08-05,1.16119659622495
P3  (LAI=4.7),DYN_OPT_rdopt_NM,2021-08-06,1.16197266728605
P3  (LAI=4.7),DYN_OPT_rdopt_NM,2021-08-07,1.16285724278915
P3  (LAI=4.7),DYN_OPT_rdopt_NM,2021-08-08,1.16380716929876
P3  (LAI=4.7),DYN_OPT_rdopt_NM,2021-08-09,1.16477929337939
P3  (LAI=4.7),DYN_OPT_rdopt_NM,2021-08-10,1.16573046159556
P3  (LAI=4.7),DYN_OPT_rdopt_NM,2021-08-11,1.16661752051176
P3  (LAI=4.7),DYN_OPT_rdopt_NM,2021-08-12,1.16739731669252
P3  (LAI=4.7),DYN_OPT_rdopt_NM,2021-08-13,1.16802669670233
P3  (LAI=4.7),DYN_OPT_rdopt_NM,2021-08-14,1.16846717860506
P3  (LAI=4.7),DYN_OPT_rdopt_NM,2021-08-15,1.16870910967114
P3  (LAI=4.7),DYN_OPT_rdopt_NM,2021-08-16,1.1687538238454
P3  (LAI=4.7),DYN_OPT_rdopt_NM,2021-08-17,1.16860267669999
P3  (LAI=4.7),DYN_OPT_rdopt_NM,2021-08-18,1.16825702380702
P3  (LAI=4.7),DYN_OPT_rdopt_NM,2021-08-19,1.16771822073864
P3  (LAI=4.7),DYN_OPT_rdopt_NM,2021-08-20,1.166987623067
P3  (LAI=4.7),DYN_OPT_rdopt_NM,2021-08-21,1.16606658636421
P3  (LAI=4.7),DYN_OPT_rdopt_NM,2021-08-22,1.16495646620243
P3  (LAI=4.7),DYN_OPT_rdopt_NM,2021-08-23,1.16365861815378
P3  (LAI=4.7),DYN_OPT_rdopt_NM,2021-08-24,1.1621743977904
P3  (LAI=4.7),DYN_OPT_rdopt_NM,2021-08-25,1.16050516068444
P3  (LAI=4.7),DYN_OPT_rdopt_NM,2021-08-26,1.15865226240802
P3  (LAI=4.7),DYN_OPT_rdopt_NM,2021-08-27,1.15661705853328
P3  (LAI=4.7),DYN_OPT_rdopt_NM,2021-08-28,1.15440090463236
P3  (LAI=4.7),DYN_OPT_rdopt_NM,2021-08-29,1.1520051562774
P3  (LAI=4.7),DYN_OPT_rdopt_NM,2021-08-30,1.14943116904053
P3  (LAI=4.7),DYN_OPT_rdopt_NM,2021-08-31,1.14668029849389
P3  (LAI=4.7),DYN_OPT_rdopt_NM,2021-09-01,1.14375390020961
P3  (LAI=4.7),DYN_OPT_rdopt_NM,2021-09-02,1.14065332975984
P3  (LAI=4.7),DYN_OPT_rdopt_NM,2021-09-03,1.1373799427167
P3  (LAI=4.7),DYN_OPT_rdopt_NM,2021-09-04,1.13393509465234
P3  (LAI=4.7),DYN_OPT_rdopt_NM,2021-09-05,1.13031898990105
P3  (LAI=4.7),DYN_OPT_rdopt_NM,2021-09-06,1.1265247281673
P3  (LAI=4.7),DYN_OPT_rdopt_NM,2021-09-07,1.1225427016147
P3  (LAI=4.7),DYN_OPT_rdopt_NM,2021-09-08,1.11836329707707
P3  (LAI=4.7),DYN_OPT_rdopt_NM,2021-09-09,1.11397690138823
P3  (LAI=4.7),DYN_OPT_rdopt_NM,2021-09-10,1.10937390138198
P3  (LAI=4.7),DYN_OPT_rdopt_NM,2021-09-11,1.10454468389215
P3  (LAI=4.7),DYN_OPT_rdopt_NM,2021-09-12,1.09947963575254
P3  (LAI=4.7),DYN_OPT_rdopt_NM,2021-09-13,1.09416914379697
P3  (LAI=4.7),DYN_OPT_rdopt_NM,2021-09-14,1.08860359485925
P3  (LAI=4.7),DYN_OPT_rdopt_NM,2021-09-15,1.0827733757732
P3  (LAI=4.7),DYN_OPT_rdopt_NM,2021-09-16,1.07666887337262
P3  (LAI=4.7),DYN_OPT_rdopt_NM,2021-09-17,1.07028047449135
P3  (LAI=4.7),DYN_OPT_rdopt_NM,2021-09-18,1.06359856596317
P3  (LAI=4.7),DYN_OPT_rdopt_NM,2021-09-19,1.05661353462192
P3  (LAI=4.7),DYN_OPT_rdopt_NM,2021-09-20,1.04931576730141
P3  (LAI=4.7),DYN_OPT_rdopt_NM,2021-09-21,1.04169565083544
P3  (LAI=4.7),DYN_OPT_rdopt_NM,2021-09-22,1.03374357205784
P3  (LAI=4.7),DYN_OPT_rdopt_NM,2021-09-23,1.02544991780241
P3  (LAI=4.7),DYN_OPT_rdopt_NM,2021-09-24,1.01680507490297
P3  (LAI=4.7),DYN_OPT_rdopt_NM,2021-09-25,1.00779943019333
P3  (LAI=4.7),DYN_OPT_rdopt_NM,2021-09-26,0.998423370507311
P3  (LAI=4.7),DYN_OPT_rdopt_NM,2021-09-27,0.988667282678723
P3  (LAI=4.7),DYN_OPT_rdopt_NM,2021-09-28,0.978521625700056
P3  (LAI=4.7),DYN_OPT_rdopt_NM,2021-09-29,0.967983145388425
P3  (LAI=4.7),DYN_OPT_rdopt_NM,2021-09-30,0.957059663917681
P3  (LAI=4.7),DYN_ALS_S2TIMING_NM,2021-06-01,4.23634589163907
P3  (LAI=4.7),DYN_ALS_S2TIMING_NM,2021-06-02,4.2927222439144
P3  (LAI=4.7),DYN_ALS_S2TIMING_NM,2021-06-03,4.34832752021261
P3  (LAI=4.7),DYN_ALS_S2TIMING_NM,2021-06-04,4.40291470640902
P3  (LAI=4.7),DYN_ALS_S2TIMING_NM,2021-06-05,4.45623678837895
P3  (LAI=4.7),DYN_ALS_S2TIMING_NM,2021-06-06,4.50804675199774
P3  (LAI=4.7),DYN_ALS_S2TIMING_NM,2021-06-07,4.5580975831407
P3  (LAI=4.7),DYN_ALS_S2TIMING_NM,2021-06-08,4.60614226768316
P3  (LAI=4.7),DYN_ALS_S2TIMING_NM,2021-06-09,4.65193379150044
P3  (LAI=4.7),DYN_ALS_S2TIMING_NM,2021-06-10,4.69522514046786
P3  (LAI=4.7),DYN_ALS_S2TIMING_NM,2021-06-11,4.73576930046076
P3  (LAI=4.7),DYN_ALS_S2TIMING_NM,2021-06-12,4.77331925735445
P3  (LAI=4.7),DYN_ALS_S2TIMING_NM,2021-06-13,4.80762799702426
P3  (LAI=4.7),DYN_ALS_S2TIMING_NM,2021-06-14,4.83844850534551
P3  (LAI=4.7),DYN_ALS_S2TIMING_NM,2021-06-15,4.86553376819352
P3  (LAI=4.7),DYN_ALS_S2TIMING_NM,2021-06-16,4.88863677144363
P3  (LAI=4.7),DYN_ALS_S2TIMING_NM,2021-06-17,4.90751050097115
P3  (LAI=4.7),DYN_ALS_S2TIMING_NM,2021-06-18,4.9219079426514
P3  (LAI=4.7),DYN_ALS_S2TIMING_NM,2021-06-19,4.93158208235972
P3  (LAI=4.7),DYN_ALS_S2TIMING_NM,2021-06-20,4.93628795576071
P3  (LAI=4.7),DYN_ALS_S2TIMING_NM,2021-06-21,4.93595918641023
P3  (LAI=4.7),DYN_ALS_S2TIMING_NM,2021-06-22,4.93084404051909
P3  (LAI=4.7),DYN_ALS_S2TIMING_NM,2021-06-23,4.92122281225561
P3  (LAI=4.7),DYN_ALS_S2TIMING_NM,2021-06-24,4.90737579578813
P3  (LAI=4.7),DYN_ALS_S2TIMING_NM,2021-06-25,4.88958328528498
P3  (LAI=4.7),DYN_ALS_S2TIMING_NM,2021-06-26,4.86812557491449
P3  (LAI=4.7),DYN_ALS_S2TIMING_NM,2021-06-27,4.84328295884499
P3  (LAI=4.7),DYN_ALS_S2TIMING_NM,2021-06-28,4.81533573124482
P3  (LAI=4.7),DYN_ALS_S2TIMING_NM,2021-06-29,4.78456418628231
P3  (LAI=4.7),DYN_ALS_S2TIMING_NM,2021-06-30,4.7512486181258
P3  (LAI=4.7),DYN_ALS_S2TIMING_NM,2021-07-01,4.71566932094361
P3  (LAI=4.7),DYN_ALS_S2TIMING_NM,2021-07-02,4.67810658890408
P3  (LAI=4.7),DYN_ALS_S2TIMING_NM,2021-07-03,4.63884071617555
P3  (LAI=4.7),DYN_ALS_S2TIMING_NM,2021-07-04,4.59815199692634
P3  (LAI=4.7),DYN_ALS_S2TIMING_NM,2021-07-05,4.55632072532478
P3  (LAI=4.7),DYN_ALS_S2TIMING_NM,2021-07-06,4.51362719553922
P3  (LAI=4.7),DYN_ALS_S2TIMING_NM,2021-07-07,4.47035170173798
P3  (LAI=4.7),DYN_ALS_S2TIMING_NM,2021-07-08,4.4267745380894
P3  (LAI=4.7),DYN_ALS_S2TIMING_NM,2021-07-09,4.38317599876181
P3  (LAI=4.7),DYN_ALS_S2TIMING_NM,2021-07-10,4.33983637792354
P3  (LAI=4.7),DYN_ALS_S2TIMING_NM,2021-07-11,4.29703596974293
P3  (LAI=4.7),DYN_ALS_S2TIMING_NM,2021-07-12,4.25505506838831
P3  (LAI=4.7),DYN_ALS_S2TIMING_NM,2021-07-13,4.214173968028
P3  (LAI=4.7),DYN_ALS_S2TIMING_NM,2021-07-14,4.17467296283035
P3  (LAI=4.7),DYN_ALS_S2TIMING_NM,2021-07-15,4.13683234696369
P3  (LAI=4.7),DYN_ALS_S2TIMING_NM,2021-07-16,4.10093241459635
P3  (LAI=4.7),DYN_ALS_S2TIMING_NM,2021-07-17,4.06725345989666
P3  (LAI=4.7),DYN_ALS_S2TIMING_NM,2021-07-18,4.03607577703295
P3  (LAI=4.7),DYN_ALS_S2TIMING_NM,2021-07-19,4.00767801333939
P3  (LAI=4.7),DYN_ALS_S2TIMING_NM,2021-07-20,3.98219533572286
P3  (LAI=4.7),DYN_ALS_S2TIMING_NM,2021-07-21,3.95951012204476
P3  (LAI=4.7),DYN_ALS_S2TIMING_NM,2021-07-22,3.93947901838254
P3  (LAI=4.7),DYN_ALS_S2TIMING_NM,2021-07-23,3.92195867081367
P3  (LAI=4.7),DYN_ALS_S2TIMING_NM,2021-07-24,3.90680572541559
P3  (LAI=4.7),DYN_ALS_S2TIMING_NM,2021-07-25,3.89387682826577
P3  (LAI=4.7),DYN_ALS_S2TIMING_NM,2021-07-26,3.88302862544166
P3  (LAI=4.7),DYN_ALS_S2TIMING_NM,2021-07-27,3.87411776302071
P3  (LAI=4.7),DYN_ALS_S2TIMING_NM,2021-07-28,3.86700088708039
P3  (LAI=4.7),DYN_ALS_S2TIMING_NM,2021-07-29,3.86153464369814
P3  (LAI=4.7),DYN_ALS_S2TIMING_NM,2021-07-30,3.85757567895144
P3  (LAI=4.7),DYN_ALS_S2TIMING_NM,2021-07-31,3.85498063891772
P3  (LAI=4.7),DYN_ALS_S2TIMING_NM,2021-08-01,3.85360616967446
P3  (LAI=4.7),DYN_ALS_S2TIMING_NM,2021-08-02,3.8533089172991
P3  (LAI=4.7),DYN_ALS_S2TIMING_NM,2021-08-03,3.8539455278691
P3  (LAI=4.7),DYN_ALS_S2TIMING_NM,2021-08-04,3.85537264746192
P3  (LAI=4.7),DYN_ALS_S2TIMING_NM,2021-08-05,3.85744692215501
P3  (LAI=4.7),DYN_ALS_S2TIMING_NM,2021-08-06,3.86002499802584
P3  (LAI=4.7),DYN_ALS_S2TIMING_NM,2021-08-07,3.86296352115185
P3  (LAI=4.7),DYN_ALS_S2TIMING_NM,2021-08-08,3.8661191376105
P3  (LAI=4.7),DYN_ALS_S2TIMING_NM,2021-08-09,3.86934849347925
P3  (LAI=4.7),DYN_ALS_S2TIMING_NM,2021-08-10,3.87250823483556
P3  (LAI=4.7),DYN_ALS_S2TIMING_NM,2021-08-11,3.87545500775688
P3  (LAI=4.7),DYN_ALS_S2TIMING_NM,2021-08-12,3.87804545832067
P3  (LAI=4.7),DYN_ALS_S2TIMING_NM,2021-08-13,3.88013623260439
P3  (LAI=4.7),DYN_ALS_S2TIMING_NM,2021-08-14,3.88159949521251
P3  (LAI=4.7),DYN_ALS_S2TIMING_NM,2021-08-15,3.88240318017788
P3  (LAI=4.7),DYN_ALS_S2TIMING_NM,2021-08-16,3.88255171880988
P3  (LAI=4.7),DYN_ALS_S2TIMING_NM,2021-08-17,3.88204961426291
P3  (LAI=4.7),DYN_ALS_S2TIMING_NM,2021-08-18,3.88090136969137
P3  (LAI=4.7),DYN_ALS_S2TIMING_NM,2021-08-19,3.87911148824967
P3  (LAI=4.7),DYN_ALS_S2TIMING_NM,2021-08-20,3.87668447309221
P3  (LAI=4.7),DYN_ALS_S2TIMING_NM,2021-08-21,3.87362482737339
P3  (LAI=4.7),DYN_ALS_S2TIMING_NM,2021-08-22,3.86993705424761
P3  (LAI=4.7),DYN_ALS_S2TIMING_NM,2021-08-23,3.86562565686929
P3  (LAI=4.7),DYN_ALS_S2TIMING_NM,2021-08-24,3.86069513839282
P3  (LAI=4.7),DYN_ALS_S2TIMING_NM,2021-08-25,3.8551500019726
P3  (LAI=4.7),DYN_ALS_S2TIMING_NM,2021-08-26,3.84899475076305
P3  (LAI=4.7),DYN_ALS_S2TIMING_NM,2021-08-27,3.84223388791856
P3  (LAI=4.7),DYN_ALS_S2TIMING_NM,2021-08-28,3.83487191659355
P3  (LAI=4.7),DYN_ALS_S2TIMING_NM,2021-08-29,3.8269133399424
P3  (LAI=4.7),DYN_ALS_S2TIMING_NM,2021-08-30,3.81836266111953
P3  (LAI=4.7),DYN_ALS_S2TIMING_NM,2021-08-31,3.80922438327934
P3  (LAI=4.7),DYN_ALS_S2TIMING_NM,2021-09-01,3.79950300957623
P3  (LAI=4.7),DYN_ALS_S2TIMING_NM,2021-09-02,3.78920304316461
P3  (LAI=4.7),DYN_ALS_S2TIMING_NM,2021-09-03,3.77832898719888
P3  (LAI=4.7),DYN_ALS_S2TIMING_NM,2021-09-04,3.76688534483344
P3  (LAI=4.7),DYN_ALS_S2TIMING_NM,2021-09-05,3.75487279485835
P3  (LAI=4.7),DYN_ALS_S2TIMING_NM,2021-09-06,3.74226841477809
P3  (LAI=4.7),DYN_ALS_S2TIMING_NM,2021-09-07,3.72904028775878
P3  (LAI=4.7),DYN_ALS_S2TIMING_NM,2021-09-08,3.71515647926113
P3  (LAI=4.7),DYN_ALS_S2TIMING_NM,2021-09-09,3.70058505474586
P3  (LAI=4.7),DYN_ALS_S2TIMING_NM,2021-09-10,3.68529407967368
P3  (LAI=4.7),DYN_ALS_S2TIMING_NM,2021-09-11,3.66925161950532
P3  (LAI=4.7),DYN_ALS_S2TIMING_NM,2021-09-12,3.65242573970148
P3  (LAI=4.7),DYN_ALS_S2TIMING_NM,2021-09-13,3.63478450572289
P3  (LAI=4.7),DYN_ALS_S2TIMING_NM,2021-09-14,3.61629598303026
P3  (LAI=4.7),DYN_ALS_S2TIMING_NM,2021-09-15,3.59692823708432
P3  (LAI=4.7),DYN_ALS_S2TIMING_NM,2021-09-16,3.57664933334577
P3  (LAI=4.7),DYN_ALS_S2TIMING_NM,2021-09-17,3.55542733727533
P3  (LAI=4.7),DYN_ALS_S2TIMING_NM,2021-09-18,3.53323031433373
P3  (LAI=4.7),DYN_ALS_S2TIMING_NM,2021-09-19,3.51002632998168
P3  (LAI=4.7),DYN_ALS_S2TIMING_NM,2021-09-20,3.48578344967989
P3  (LAI=4.7),DYN_ALS_S2TIMING_NM,2021-09-21,3.46046973888908
P3  (LAI=4.7),DYN_ALS_S2TIMING_NM,2021-09-22,3.43405326306997
P3  (LAI=4.7),DYN_ALS_S2TIMING_NM,2021-09-23,3.40650208768328
P3  (LAI=4.7),DYN_ALS_S2TIMING_NM,2021-09-24,3.37778427818972
P3  (LAI=4.7),DYN_ALS_S2TIMING_NM,2021-09-25,3.34786790005001
P3  (LAI=4.7),DYN_ALS_S2TIMING_NM,2021-09-26,3.31672101872487
P3  (LAI=4.7),DYN_ALS_S2TIMING_NM,2021-09-27,3.28431169967502
P3  (LAI=4.7),DYN_ALS_S2TIMING_NM,2021-09-28,3.25060824806929
P3  (LAI=4.7),DYN_ALS_S2TIMING_NM,2021-09-29,3.21559985364715
P3  (LAI=4.7),DYN_ALS_S2TIMING_NM,2021-09-30,3.17931250134563
P3  (LAI=4.7),DYN_ALSoOPT_S2TIMING_NM,2021-06-01,4.71552213366991
P3  (LAI=4.7),DYN_ALSoOPT_S2TIMING_NM,2021-06-02,4.7782752571801
P3  (LAI=4.7),DYN_ALSoOPT_S2TIMING_NM,2021-06-03,4.84017008773455
P3  (LAI=4.7),DYN_ALSoOPT_S2TIMING_NM,2021-06-04,4.90093167125679
P3  (LAI=4.7),DYN_ALSoOPT_S2TIMING_NM,2021-06-05,4.96028505367035
P3  (LAI=4.7),DYN_ALSoOPT_S2TIMING_NM,2021-06-06,5.01795528089877
P3  (LAI=4.7),DYN_ALSoOPT_S2TIMING_NM,2021-06-07,5.07366739886558
P3  (LAI=4.7),DYN_ALSoOPT_S2TIMING_NM,2021-06-08,5.12714645349431
P3  (LAI=4.7),DYN_ALSoOPT_S2TIMING_NM,2021-06-09,5.17811749070849
P3  (LAI=4.7),DYN_ALSoOPT_S2TIMING_NM,2021-06-10,5.22630555643164
P3  (LAI=4.7),DYN_ALSoOPT_S2TIMING_NM,2021-06-11,5.27143569658731
P3  (LAI=4.7),DYN_ALSoOPT_S2TIMING_NM,2021-06-12,5.31323295709902
P3  (LAI=4.7),DYN_ALSoOPT_S2TIMING_NM,2021-06-13,5.35142238389031
P3  (LAI=4.7),DYN_ALSoOPT_S2TIMING_NM,2021-06-14,5.38572902288469
P3  (LAI=4.7),DYN_ALSoOPT_S2TIMING_NM,2021-06-15,5.41587792000571
P3  (LAI=4.7),DYN_ALSoOPT_S2TIMING_NM,2021-06-16,5.4415941211769
P3  (LAI=4.7),DYN_ALSoOPT_S2TIMING_NM,2021-06-17,5.46260267232178
P3  (LAI=4.7),DYN_ALSoOPT_S2TIMING_NM,2021-06-18,5.47862861936389
P3  (LAI=4.7),DYN_ALSoOPT_S2TIMING_NM,2021-06-19,5.48939700822676
P3  (LAI=4.7),DYN_ALSoOPT_S2TIMING_NM,2021-06-20,5.49463516647639
P3  (LAI=4.7),DYN_ALSoOPT_S2TIMING_NM,2021-06-21,5.49426920977959
P3  (LAI=4.7),DYN_ALSoOPT_S2TIMING_NM,2021-06-22,5.48857548592332
P3  (LAI=4.7),DYN_ALSoOPT_S2TIMING_NM,2021-06-23,5.47786599335826
P3  (LAI=4.7),DYN_ALSoOPT_S2TIMING_NM,2021-06-24,5.46245273053509
P3  (LAI=4.7),DYN_ALSoOPT_S2TIMING_NM,2021-06-25,5.44264769590448
P3  (LAI=4.7),DYN_ALSoOPT_S2TIMING_NM,2021-06-26,5.41876288791709
P3  (LAI=4.7),DYN_ALSoOPT_S2TIMING_NM,2021-06-27,5.39111030502362
P3  (LAI=4.7),DYN_ALSoOPT_S2TIMING_NM,2021-06-28,5.36000194567473
P3  (LAI=4.7),DYN_ALSoOPT_S2TIMING_NM,2021-06-29,5.3257498083211
P3  (LAI=4.7),DYN_ALSoOPT_S2TIMING_NM,2021-06-30,5.28866589141339
P3  (LAI=4.7),DYN_ALSoOPT_S2TIMING_NM,2021-07-01,5.24906219340229
P3  (LAI=4.7),DYN_ALSoOPT_S2TIMING_NM,2021-07-02,5.20725071273848
P3  (LAI=4.7),DYN_ALSoOPT_S2TIMING_NM,2021-07-03,5.16354344787262
P3  (LAI=4.7),DYN_ALSoOPT_S2TIMING_NM,2021-07-04,5.11825239725538
P3  (LAI=4.7),DYN_ALSoOPT_S2TIMING_NM,2021-07-05,5.07168955933745
P3  (LAI=4.7),DYN_ALSoOPT_S2TIMING_NM,2021-07-06,5.0241669325695
P3  (LAI=4.7),DYN_ALSoOPT_S2TIMING_NM,2021-07-07,4.9759965154022
P3  (LAI=4.7),DYN_ALSoOPT_S2TIMING_NM,2021-07-08,4.92749030628623
P3  (LAI=4.7),DYN_ALSoOPT_S2TIMING_NM,2021-07-09,4.87896030367225
P3  (LAI=4.7),DYN_ALSoOPT_S2TIMING_NM,2021-07-10,4.83071850601096
P3  (LAI=4.7),DYN_ALSoOPT_S2TIMING_NM,2021-07-11,4.78307691175301
P3  (LAI=4.7),DYN_ALSoOPT_S2TIMING_NM,2021-07-12,4.73634751934909
P3  (LAI=4.7),DYN_ALSoOPT_S2TIMING_NM,2021-07-13,4.69084232724986
P3  (LAI=4.7),DYN_ALSoOPT_S2TIMING_NM,2021-07-14,4.64687333390601
P3  (LAI=4.7),DYN_ALSoOPT_S2TIMING_NM,2021-07-15,4.60475253776821
P3  (LAI=4.7),DYN_ALSoOPT_S2TIMING_NM,2021-07-16,4.56479193728713
P3  (LAI=4.7),DYN_ALSoOPT_S2TIMING_NM,2021-07-17,4.52730353091345
P3  (LAI=4.7),DYN_ALSoOPT_S2TIMING_NM,2021-07-18,4.49259931709783
P3  (LAI=4.7),DYN_ALSoOPT_S2TIMING_NM,2021-07-19,4.46098946118215
P3  (LAI=4.7),DYN_ALSoOPT_S2TIMING_NM,2021-07-20,4.43262441890289
P3  (LAI=4.7),DYN_ALSoOPT_S2TIMING_NM,2021-07-21,4.40737326379366
P3  (LAI=4.7),DYN_ALSoOPT_S2TIMING_NM,2021-07-22,4.38507642706287
P3  (LAI=4.7),DYN_ALSoOPT_S2TIMING_NM,2021-07-23,4.36557433991893
P3  (LAI=4.7),DYN_ALSoOPT_S2TIMING_NM,2021-07-24,4.34870743357024
P3  (LAI=4.7),DYN_ALSoOPT_S2TIMING_NM,2021-07-25,4.33431613922521
P3  (LAI=4.7),DYN_ALSoOPT_S2TIMING_NM,2021-07-26,4.32224088809225
P3  (LAI=4.7),DYN_ALSoOPT_S2TIMING_NM,2021-07-27,4.31232211137975
P3  (LAI=4.7),DYN_ALSoOPT_S2TIMING_NM,2021-07-28,4.30440024029614
P3  (LAI=4.7),DYN_ALSoOPT_S2TIMING_NM,2021-07-29,4.2983157060498
P3  (LAI=4.7),DYN_ALSoOPT_S2TIMING_NM,2021-07-30,4.29390893984916
P3  (LAI=4.7),DYN_ALSoOPT_S2TIMING_NM,2021-07-31,4.29102037290261
P3  (LAI=4.7),DYN_ALSoOPT_S2TIMING_NM,2021-08-01,4.28949043641856
P3  (LAI=4.7),DYN_ALSoOPT_S2TIMING_NM,2021-08-02,4.28915956160542
P3  (LAI=4.7),DYN_ALSoOPT_S2TIMING_NM,2021-08-03,4.28986817967159
P3  (LAI=4.7),DYN_ALSoOPT_S2TIMING_NM,2021-08-04,4.29145672182548
P3  (LAI=4.7),DYN_ALSoOPT_S2TIMING_NM,2021-08-05,4.2937656192755
P3  (LAI=4.7),DYN_ALSoOPT_S2TIMING_NM,2021-08-06,4.29663530323005
P3  (LAI=4.7),DYN_ALSoOPT_S2TIMING_NM,2021-08-07,4.29990620489753
P3  (LAI=4.7),DYN_ALSoOPT_S2TIMING_NM,2021-08-08,4.30341875548636
P3  (LAI=4.7),DYN_ALSoOPT_S2TIMING_NM,2021-08-09,4.30701338620493
P3  (LAI=4.7),DYN_ALSoOPT_S2TIMING_NM,2021-08-10,4.31053052826167
P3  (LAI=4.7),DYN_ALSoOPT_S2TIMING_NM,2021-08-11,4.31381061286496
P3  (LAI=4.7),DYN_ALSoOPT_S2TIMING_NM,2021-08-12,4.31669407122322
P3  (LAI=4.7),DYN_ALSoOPT_S2TIMING_NM,2021-08-13,4.31902133454485
P3  (LAI=4.7),DYN_ALSoOPT_S2TIMING_NM,2021-08-14,4.32065010787745
P3  (LAI=4.7),DYN_ALSoOPT_S2TIMING_NM,2021-08-15,4.32154469824842
P3  (LAI=4.7),DYN_ALSoOPT_S2TIMING_NM,2021-08-16,4.32171003819582
P3  (LAI=4.7),DYN_ALSoOPT_S2TIMING_NM,2021-08-17,4.32115114022922
P3  (LAI=4.7),DYN_ALSoOPT_S2TIMING_NM,2021-08-18,4.31987301685817
P3  (LAI=4.7),DYN_ALSoOPT_S2TIMING_NM,2021-08-19,4.31788068059222
P3  (LAI=4.7),DYN_ALSoOPT_S2TIMING_NM,2021-08-20,4.31517914394094
P3  (LAI=4.7),DYN_ALSoOPT_S2TIMING_NM,2021-08-21,4.31177341941387
P3  (LAI=4.7),DYN_ALSoOPT_S2TIMING_NM,2021-08-22,4.30766851952058
P3  (LAI=4.7),DYN_ALSoOPT_S2TIMING_NM,2021-08-23,4.30286945677061
P3  (LAI=4.7),DYN_ALSoOPT_S2TIMING_NM,2021-08-24,4.29738124367353
P3  (LAI=4.7),DYN_ALSoOPT_S2TIMING_NM,2021-08-25,4.29120889273889
P3  (LAI=4.7),DYN_ALSoOPT_S2TIMING_NM,2021-08-26,4.28435741647624
P3  (LAI=4.7),DYN_ALSoOPT_S2TIMING_NM,2021-08-27,4.27683182739514
P3  (LAI=4.7),DYN_ALSoOPT_S2TIMING_NM,2021-08-28,4.26863713800514
P3  (LAI=4.7),DYN_ALSoOPT_S2TIMING_NM,2021-08-29,4.2597783608158
P3  (LAI=4.7),DYN_ALSoOPT_S2TIMING_NM,2021-08-30,4.25026050833668
P3  (LAI=4.7),DYN_ALSoOPT_S2TIMING_NM,2021-08-31,4.24008859307733
P3  (LAI=4.7),DYN_ALSoOPT_S2TIMING_NM,2021-09-01,4.22926762754731
P3  (LAI=4.7),DYN_ALSoOPT_S2TIMING_NM,2021-09-02,4.21780262425617
P3  (LAI=4.7),DYN_ALSoOPT_S2TIMING_NM,2021-09-03,4.20569859571346
P3  (LAI=4.7),DYN_ALSoOPT_S2TIMING_NM,2021-09-04,4.19296055442875
P3  (LAI=4.7),DYN_ALSoOPT_S2TIMING_NM,2021-09-05,4.17958925597053
P3  (LAI=4.7),DYN_ALSoOPT_S2TIMING_NM,2021-09-06,4.16555918506274
P3  (LAI=4.7),DYN_ALSoOPT_S2TIMING_NM,2021-09-07,4.1508348147346
P3  (LAI=4.7),DYN_ALSoOPT_S2TIMING_NM,2021-09-08,4.1353805983073
P3  (LAI=4.7),DYN_ALSoOPT_S2TIMING_NM,2021-09-09,4.119160989102
P3  (LAI=4.7),DYN_ALSoOPT_S2TIMING_NM,2021-09-10,4.10214044043987
P3  (LAI=4.7),DYN_ALSoOPT_S2TIMING_NM,2021-09-11,4.08428340564209
P3  (LAI=4.7),DYN_ALSoOPT_S2TIMING_NM,2021-09-12,4.06555433802982
P3  (LAI=4.7),DYN_ALSoOPT_S2TIMING_NM,2021-09-13,4.04591769092424
P3  (LAI=4.7),DYN_ALSoOPT_S2TIMING_NM,2021-09-14,4.02533791764652
P3  (LAI=4.7),DYN_ALSoOPT_S2TIMING_NM,2021-09-15,4.00377947151783
P3  (LAI=4.7),DYN_ALSoOPT_S2TIMING_NM,2021-09-16,3.98120680585934
P3  (LAI=4.7),DYN_ALSoOPT_S2TIMING_NM,2021-09-17,3.95758437399222
P3  (LAI=4.7),DYN_ALSoOPT_S2TIMING_NM,2021-09-18,3.93287662923765
P3  (LAI=4.7),DYN_ALSoOPT_S2TIMING_NM,2021-09-19,3.90704802491679
P3  (LAI=4.7),DYN_ALSoOPT_S2TIMING_NM,2021-09-20,3.88006301435081
P3  (LAI=4.7),DYN_ALSoOPT_S2TIMING_NM,2021-09-21,3.8518860508609
P3  (LAI=4.7),DYN_ALSoOPT_S2TIMING_NM,2021-09-22,3.82248158776821
P3  (LAI=4.7),DYN_ALSoOPT_S2TIMING_NM,2021-09-23,3.79181407839392
P3  (LAI=4.7),DYN_ALSoOPT_S2TIMING_NM,2021-09-24,3.75984797605921
P3  (LAI=4.7),DYN_ALSoOPT_S2TIMING_NM,2021-09-25,3.72654773408523
P3  (LAI=4.7),DYN_ALSoOPT_S2TIMING_NM,2021-09-26,3.69187780579317
P3  (LAI=4.7),DYN_ALSoOPT_S2TIMING_NM,2021-09-27,3.6558026445042
P3  (LAI=4.7),DYN_ALSoOPT_S2TIMING_NM,2021-09-28,3.61828697036117
P3  (LAI=4.7),DYN_ALSoOPT_S2TIMING_NM,2021-09-29,3.57931875034692
P3  (LAI=4.7),DYN_ALSoOPT_S2TIMING_NM,2021-09-30,3.53892690857409
P4  (LAI=5.7),STATIC_ALS,2021-06-01,5.69467830657959
P4  (LAI=5.7),STATIC_ALS,2021-06-02,5.69467830657959
P4  (LAI=5.7),STATIC_ALS,2021-06-03,5.69467830657959
P4  (LAI=5.7),STATIC_ALS,2021-06-04,5.69467830657959
P4  (LAI=5.7),STATIC_ALS,2021-06-05,5.69467830657959
P4  (LAI=5.7),STATIC_ALS,2021-06-06,5.69467830657959
P4  (LAI=5.7),STATIC_ALS,2021-06-07,5.69467830657959
P4  (LAI=5.7),STATIC_ALS,2021-06-08,5.69467830657959
P4  (LAI=5.7),STATIC_ALS,2021-06-09,5.69467830657959
P4  (LAI=5.7),STATIC_ALS,2021-06-10,5.69467830657959
P4  (LAI=5.7),STATIC_ALS,2021-06-11,5.69467830657959
P4  (LAI=5.7),STATIC_ALS,2021-06-12,5.69467830657959
P4  (LAI=5.7),STATIC_ALS,2021-06-13,5.69467830657959
P4  (LAI=5.7),STATIC_ALS,2021-06-14,5.69467830657959
P4  (LAI=5.7),STATIC_ALS,2021-06-15,5.69467830657959
P4  (LAI=5.7),STATIC_ALS,2021-06-16,5.69467830657959
P4  (LAI=5.7),STATIC_ALS,2021-06-17,5.69467830657959
P4  (LAI=5.7),STATIC_ALS,2021-06-18,5.69467830657959
P4  (LAI=5.7),STATIC_ALS,2021-06-19,5.69467830657959
P4  (LAI=5.7),STATIC_ALS,2021-06-20,5.69467830657959
P4  (LAI=5.7),STATIC_ALS,2021-06-21,5.69467830657959
P4  (LAI=5.7),STATIC_ALS,2021-06-22,5.69467830657959
P4  (LAI=5.7),STATIC_ALS,2021-06-23,5.69467830657959
P4  (LAI=5.7),STATIC_ALS,2021-06-24,5.69467830657959
P4  (LAI=5.7),STATIC_ALS,2021-06-25,5.69467830657959
P4  (LAI=5.7),STATIC_ALS,2021-06-26,5.69467830657959
P4  (LAI=5.7),STATIC_ALS,2021-06-27,5.69467830657959
P4  (LAI=5.7),STATIC_ALS,2021-06-28,5.69467830657959
P4  (LAI=5.7),STATIC_ALS,2021-06-29,5.69467830657959
P4  (LAI=5.7),STATIC_ALS,2021-06-30,5.69467830657959
P4  (LAI=5.7),STATIC_ALS,2021-07-01,5.69467830657959
P4  (LAI=5.7),STATIC_ALS,2021-07-02,5.69467830657959
P4  (LAI=5.7),STATIC_ALS,2021-07-03,5.69467830657959
P4  (LAI=5.7),STATIC_ALS,2021-07-04,5.69467830657959
P4  (LAI=5.7),STATIC_ALS,2021-07-05,5.69467830657959
P4  (LAI=5.7),STATIC_ALS,2021-07-06,5.69467830657959
P4  (LAI=5.7),STATIC_ALS,2021-07-07,5.69467830657959
P4  (LAI=5.7),STATIC_ALS,2021-07-08,5.69467830657959
P4  (LAI=5.7),STATIC_ALS,2021-07-09,5.69467830657959
P4  (LAI=5.7),STATIC_ALS,2021-07-10,5.69467830657959
P4  (LAI=5.7),STATIC_ALS,2021-07-11,5.69467830657959
P4  (LAI=5.7),STATIC_ALS,2021-07-12,5.69467830657959
P4  (LAI=5.7),STATIC_ALS,2021-07-13,5.69467830657959
P4  (LAI=5.7),STATIC_ALS,2021-07-14,5.69467830657959
P4  (LAI=5.7),STATIC_ALS,2021-07-15,5.69467830657959
P4  (LAI=5.7),STATIC_ALS,2021-07-16,5.69467830657959
P4  (LAI=5.7),STATIC_ALS,2021-07-17,5.69467830657959
P4  (LAI=5.7),STATIC_ALS,2021-07-18,5.69467830657959
P4  (LAI=5.7),STATIC_ALS,2021-07-19,5.69467830657959
P4  (LAI=5.7),STATIC_ALS,2021-07-20,5.69467830657959
P4  (LAI=5.7),STATIC_ALS,2021-07-21,5.69467830657959
P4  (LAI=5.7),STATIC_ALS,2021-07-22,5.69467830657959
P4  (LAI=5.7),STATIC_ALS,2021-07-23,5.69467830657959
P4  (LAI=5.7),STATIC_ALS,2021-07-24,5.69467830657959
P4  (LAI=5.7),STATIC_ALS,2021-07-25,5.69467830657959
P4  (LAI=5.7),STATIC_ALS,2021-07-26,5.69467830657959
P4  (LAI=5.7),STATIC_ALS,2021-07-27,5.69467830657959
P4  (LAI=5.7),STATIC_ALS,2021-07-28,5.69467830657959
P4  (LAI=5.7),STATIC_ALS,2021-07-29,5.69467830657959
P4  (LAI=5.7),STATIC_ALS,2021-07-30,5.69467830657959
P4  (LAI=5.7),STATIC_ALS,2021-07-31,5.69467830657959
P4  (LAI=5.7),STATIC_ALS,2021-08-01,5.69467830657959
P4  (LAI=5.7),STATIC_ALS,2021-08-02,5.69467830657959
P4  (LAI=5.7),STATIC_ALS,2021-08-03,5.69467830657959
P4  (LAI=5.7),STATIC_ALS,2021-08-04,5.69467830657959
P4  (LAI=5.7),STATIC_ALS,2021-08-05,5.69467830657959
P4  (LAI=5.7),STATIC_ALS,2021-08-06,5.69467830657959
P4  (LAI=5.7),STATIC_ALS,2021-08-07,5.69467830657959
P4  (LAI=5.7),STATIC_ALS,2021-08-08,5.69467830657959
P4  (LAI=5.7),STATIC_ALS,2021-08-09,5.69467830657959
P4  (LAI=5.7),STATIC_ALS,2021-08-10,5.69467830657959
P4  (LAI=5.7),STATIC_ALS,2021-08-11,5.69467830657959
P4  (LAI=5.7),STATIC_ALS,2021-08-12,5.69467830657959
P4  (LAI=5.7),STATIC_ALS,2021-08-13,5.69467830657959
P4  (LAI=5.7),STATIC_ALS,2021-08-14,5.69467830657959
P4  (LAI=5.7),STATIC_ALS,2021-08-15,5.69467830657959
P4  (LAI=5.7),STATIC_ALS,2021-08-16,5.69467830657959
P4  (LAI=5.7),STATIC_ALS,2021-08-17,5.69467830657959
P4  (LAI=5.7),STATIC_ALS,2021-08-18,5.69467830657959
P4  (LAI=5.7),STATIC_ALS,2021-08-19,5.69467830657959
P4  (LAI=5.7),STATIC_ALS,2021-08-20,5.69467830657959
P4  (LAI=5.7),STATIC_ALS,2021-08-21,5.69467830657959
P4  (LAI=5.7),STATIC_ALS,2021-08-22,5.69467830657959
P4  (LAI=5.7),STATIC_ALS,2021-08-23,5.69467830657959
P4  (LAI=5.7),STATIC_ALS,2021-08-24,5.69467830657959
P4  (LAI=5.7),STATIC_ALS,2021-08-25,5.69467830657959
P4  (LAI=5.7),STATIC_ALS,2021-08-26,5.69467830657959
P4  (LAI=5.7),STATIC_ALS,2021-08-27,5.69467830657959
P4  (LAI=5.7),STATIC_ALS,2021-08-28,5.69467830657959
P4  (LAI=5.7),STATIC_ALS,2021-08-29,5.69467830657959
P4  (LAI=5.7),STATIC_ALS,2021-08-30,5.69467830657959
P4  (LAI=5.7),STATIC_ALS,2021-08-31,5.69467830657959
P4  (LAI=5.7),STATIC_ALS,2021-09-01,5.69467830657959
P4  (LAI=5.7),STATIC_ALS,2021-09-02,5.69467830657959
P4  (LAI=5.7),STATIC_ALS,2021-09-03,5.69467830657959
P4  (LAI=5.7),STATIC_ALS,2021-09-04,5.69467830657959
P4  (LAI=5.7),STATIC_ALS,2021-09-05,5.69467830657959
P4  (LAI=5.7),STATIC_ALS,2021-09-06,5.69467830657959
P4  (LAI=5.7),STATIC_ALS,2021-09-07,5.69467830657959
P4  (LAI=5.7),STATIC_ALS,2021-09-08,5.69467830657959
P4  (LAI=5.7),STATIC_ALS,2021-09-09,5.69467830657959
P4  (LAI=5.7),STATIC_ALS,2021-09-10,5.69467830657959
P4  (LAI=5.7),STATIC_ALS,2021-09-11,5.69467830657959
P4  (LAI=5.7),STATIC_ALS,2021-09-12,5.69467830657959
P4  (LAI=5.7),STATIC_ALS,2021-09-13,5.69467830657959
P4  (LAI=5.7),STATIC_ALS,2021-09-14,5.69467830657959
P4  (LAI=5.7),STATIC_ALS,2021-09-15,5.69467830657959
P4  (LAI=5.7),STATIC_ALS,2021-09-16,5.69467830657959
P4  (LAI=5.7),STATIC_ALS,2021-09-17,5.69467830657959
P4  (LAI=5.7),STATIC_ALS,2021-09-18,5.69467830657959
P4  (LAI=5.7),STATIC_ALS,2021-09-19,5.69467830657959
P4  (LAI=5.7),STATIC_ALS,2021-09-20,5.69467830657959
P4  (LAI=5.7),STATIC_ALS,2021-09-21,5.69467830657959
P4  (LAI=5.7),STATIC_ALS,2021-09-22,5.69467830657959
P4  (LAI=5.7),STATIC_ALS,2021-09-23,5.69467830657959
P4  (LAI=5.7),STATIC_ALS,2021-09-24,5.69467830657959
P4  (LAI=5.7),STATIC_ALS,2021-09-25,5.69467830657959
P4  (LAI=5.7),STATIC_ALS,2021-09-26,5.61666901470864
P4  (LAI=5.7),STATIC_ALS,2021-09-27,5.50522716917871
P4  (LAI=5.7),STATIC_ALS,2021-09-28,5.39378532364877
P4  (LAI=5.7),STATIC_ALS,2021-09-29,5.28234347811884
P4  (LAI=5.7),STATIC_ALS,2021-09-30,5.17090163258891
P4  (LAI=5.7),STATIC_ALS_DOPT,2021-06-01,1.33309823274612
P4  (LAI=5.7),STATIC_ALS_DOPT,2021-06-02,1.33309823274612
P4  (LAI=5.7),STATIC_ALS_DOPT,2021-06-03,1.33309823274612
P4  (LAI=5.7),STATIC_ALS_DOPT,2021-06-04,1.33309823274612
P4  (LAI=5.7),STATIC_ALS_DOPT,2021-06-05,1.33309823274612
P4  (LAI=5.7),STATIC_ALS_DOPT,2021-06-06,1.33309823274612
P4  (LAI=5.7),STATIC_ALS_DOPT,2021-06-07,1.33309823274612
P4  (LAI=5.7),STATIC_ALS_DOPT,2021-06-08,1.33309823274612
P4  (LAI=5.7),STATIC_ALS_DOPT,2021-06-09,1.33309823274612
P4  (LAI=5.7),STATIC_ALS_DOPT,2021-06-10,1.33309823274612
P4  (LAI=5.7),STATIC_ALS_DOPT,2021-06-11,1.33309823274612
P4  (LAI=5.7),STATIC_ALS_DOPT,2021-06-12,1.33309823274612
P4  (LAI=5.7),STATIC_ALS_DOPT,2021-06-13,1.33309823274612
P4  (LAI=5.7),STATIC_ALS_DOPT,2021-06-14,1.33309823274612
P4  (LAI=5.7),STATIC_ALS_DOPT,2021-06-15,1.33309823274612
P4  (LAI=5.7),STATIC_ALS_DOPT,2021-06-16,1.33309823274612
P4  (LAI=5.7),STATIC_ALS_DOPT,2021-06-17,1.33309823274612
P4  (LAI=5.7),STATIC_ALS_DOPT,2021-06-18,1.33309823274612
P4  (LAI=5.7),STATIC_ALS_DOPT,2021-06-19,1.33309823274612
P4  (LAI=5.7),STATIC_ALS_DOPT,2021-06-20,1.33309823274612
P4  (LAI=5.7),STATIC_ALS_DOPT,2021-06-21,1.33309823274612
P4  (LAI=5.7),STATIC_ALS_DOPT,2021-06-22,1.33309823274612
P4  (LAI=5.7),STATIC_ALS_DOPT,2021-06-23,1.33309823274612
P4  (LAI=5.7),STATIC_ALS_DOPT,2021-06-24,1.33309823274612
P4  (LAI=5.7),STATIC_ALS_DOPT,2021-06-25,1.33309823274612
P4  (LAI=5.7),STATIC_ALS_DOPT,2021-06-26,1.33309823274612
P4  (LAI=5.7),STATIC_ALS_DOPT,2021-06-27,1.33309823274612
P4  (LAI=5.7),STATIC_ALS_DOPT,2021-06-28,1.33309823274612
P4  (LAI=5.7),STATIC_ALS_DOPT,2021-06-29,1.33309823274612
P4  (LAI=5.7),STATIC_ALS_DOPT,2021-06-30,1.33309823274612
P4  (LAI=5.7),STATIC_ALS_DOPT,2021-07-01,1.33309823274612
P4  (LAI=5.7),STATIC_ALS_DOPT,2021-07-02,1.33309823274612
P4  (LAI=5.7),STATIC_ALS_DOPT,2021-07-03,1.33309823274612
P4  (LAI=5.7),STATIC_ALS_DOPT,2021-07-04,1.33309823274612
P4  (LAI=5.7),STATIC_ALS_DOPT,2021-07-05,1.33309823274612
P4  (LAI=5.7),STATIC_ALS_DOPT,2021-07-06,1.33309823274612
P4  (LAI=5.7),STATIC_ALS_DOPT,2021-07-07,1.33309823274612
P4  (LAI=5.7),STATIC_ALS_DOPT,2021-07-08,1.33309823274612
P4  (LAI=5.7),STATIC_ALS_DOPT,2021-07-09,1.33309823274612
P4  (LAI=5.7),STATIC_ALS_DOPT,2021-07-10,1.33309823274612
P4  (LAI=5.7),STATIC_ALS_DOPT,2021-07-11,1.33309823274612
P4  (LAI=5.7),STATIC_ALS_DOPT,2021-07-12,1.33309823274612
P4  (LAI=5.7),STATIC_ALS_DOPT,2021-07-13,1.33309823274612
P4  (LAI=5.7),STATIC_ALS_DOPT,2021-07-14,1.33309823274612
P4  (LAI=5.7),STATIC_ALS_DOPT,2021-07-15,1.33309823274612
P4  (LAI=5.7),STATIC_ALS_DOPT,2021-07-16,1.33309823274612
P4  (LAI=5.7),STATIC_ALS_DOPT,2021-07-17,1.33309823274612
P4  (LAI=5.7),STATIC_ALS_DOPT,2021-07-18,1.33309823274612
P4  (LAI=5.7),STATIC_ALS_DOPT,2021-07-19,1.33309823274612
P4  (LAI=5.7),STATIC_ALS_DOPT,2021-07-20,1.33309823274612
P4  (LAI=5.7),STATIC_ALS_DOPT,2021-07-21,1.33309823274612
P4  (LAI=5.7),STATIC_ALS_DOPT,2021-07-22,1.33309823274612
P4  (LAI=5.7),STATIC_ALS_DOPT,2021-07-23,1.33309823274612
P4  (LAI=5.7),STATIC_ALS_DOPT,2021-07-24,1.33309823274612
P4  (LAI=5.7),STATIC_ALS_DOPT,2021-07-25,1.33309823274612
P4  (LAI=5.7),STATIC_ALS_DOPT,2021-07-26,1.33309823274612
P4  (LAI=5.7),STATIC_ALS_DOPT,2021-07-27,1.33309823274612
P4  (LAI=5.7),STATIC_ALS_DOPT,2021-07-28,1.33309823274612
P4  (LAI=5.7),STATIC_ALS_DOPT,2021-07-29,1.33309823274612
P4  (LAI=5.7),STATIC_ALS_DOPT,2021-07-30,1.33309823274612
P4  (LAI=5.7),STATIC_ALS_DOPT,2021-07-31,1.33309823274612
P4  (LAI=5.7),STATIC_ALS_DOPT,2021-08-01,1.33309823274612
P4  (LAI=5.7),STATIC_ALS_DOPT,2021-08-02,1.33309823274612
P4  (LAI=5.7),STATIC_ALS_DOPT,2021-08-03,1.33309823274612
P4  (LAI=5.7),STATIC_ALS_DOPT,2021-08-04,1.33309823274612
P4  (LAI=5.7),STATIC_ALS_DOPT,2021-08-05,1.33309823274612
P4  (LAI=5.7),STATIC_ALS_DOPT,2021-08-06,1.33309823274612
P4  (LAI=5.7),STATIC_ALS_DOPT,2021-08-07,1.33309823274612
P4  (LAI=5.7),STATIC_ALS_DOPT,2021-08-08,1.33309823274612
P4  (LAI=5.7),STATIC_ALS_DOPT,2021-08-09,1.33309823274612
P4  (LAI=5.7),STATIC_ALS_DOPT,2021-08-10,1.33309823274612
P4  (LAI=5.7),STATIC_ALS_DOPT,2021-08-11,1.33309823274612
P4  (LAI=5.7),STATIC_ALS_DOPT,2021-08-12,1.33309823274612
P4  (LAI=5.7),STATIC_ALS_DOPT,2021-08-13,1.33309823274612
P4  (LAI=5.7),STATIC_ALS_DOPT,2021-08-14,1.33309823274612
P4  (LAI=5.7),STATIC_ALS_DOPT,2021-08-15,1.33309823274612
P4  (LAI=5.7),STATIC_ALS_DOPT,2021-08-16,1.33309823274612
P4  (LAI=5.7),STATIC_ALS_DOPT,2021-08-17,1.33309823274612
P4  (LAI=5.7),STATIC_ALS_DOPT,2021-08-18,1.33309823274612
P4  (LAI=5.7),STATIC_ALS_DOPT,2021-08-19,1.33309823274612
P4  (LAI=5.7),STATIC_ALS_DOPT,2021-08-20,1.33309823274612
P4  (LAI=5.7),STATIC_ALS_DOPT,2021-08-21,1.33309823274612
P4  (LAI=5.7),STATIC_ALS_DOPT,2021-08-22,1.33309823274612
P4  (LAI=5.7),STATIC_ALS_DOPT,2021-08-23,1.33309823274612
P4  (LAI=5.7),STATIC_ALS_DOPT,2021-08-24,1.33309823274612
P4  (LAI=5.7),STATIC_ALS_DOPT,2021-08-25,1.33309823274612
P4  (LAI=5.7),STATIC_ALS_DOPT,2021-08-26,1.33309823274612
P4  (LAI=5.7),STATIC_ALS_DOPT,2021-08-27,1.33309823274612
P4  (LAI=5.7),STATIC_ALS_DOPT,2021-08-28,1.33309823274612
P4  (LAI=5.7),STATIC_ALS_DOPT,2021-08-29,1.33309823274612
P4  (LAI=5.7),STATIC_ALS_DOPT,2021-08-30,1.33309823274612
P4  (LAI=5.7),STATIC_ALS_DOPT,2021-08-31,1.33309823274612
P4  (LAI=5.7),STATIC_ALS_DOPT,2021-09-01,1.33309823274612
P4  (LAI=5.7),STATIC_ALS_DOPT,2021-09-02,1.33309823274612
P4  (LAI=5.7),STATIC_ALS_DOPT,2021-09-03,1.33309823274612
P4  (LAI=5.7),STATIC_ALS_DOPT,2021-09-04,1.33309823274612
P4  (LAI=5.7),STATIC_ALS_DOPT,2021-09-05,1.33309823274612
P4  (LAI=5.7),STATIC_ALS_DOPT,2021-09-06,1.33309823274612
P4  (LAI=5.7),STATIC_ALS_DOPT,2021-09-07,1.33309823274612
P4  (LAI=5.7),STATIC_ALS_DOPT,2021-09-08,1.33309823274612
P4  (LAI=5.7),STATIC_ALS_DOPT,2021-09-09,1.33309823274612
P4  (LAI=5.7),STATIC_ALS_DOPT,2021-09-10,1.33309823274612
P4  (LAI=5.7),STATIC_ALS_DOPT,2021-09-11,1.33309823274612
P4  (LAI=5.7),STATIC_ALS_DOPT,2021-09-12,1.33309823274612
P4  (LAI=5.7),STATIC_ALS_DOPT,2021-09-13,1.33309823274612
P4  (LAI=5.7),STATIC_ALS_DOPT,2021-09-14,1.33309823274612
P4  (LAI=5.7),STATIC_ALS_DOPT,2021-09-15,1.33309823274612
P4  (LAI=5.7),STATIC_ALS_DOPT,2021-09-16,1.33309823274612
P4  (LAI=5.7),STATIC_ALS_DOPT,2021-09-17,1.33309823274612
P4  (LAI=5.7),STATIC_ALS_DOPT,2021-09-18,1.33309823274612
P4  (LAI=5.7),STATIC_ALS_DOPT,2021-09-19,1.33309823274612
P4  (LAI=5.7),STATIC_ALS_DOPT,2021-09-20,1.33309823274612
P4  (LAI=5.7),STATIC_ALS_DOPT,2021-09-21,1.33309823274612
P4  (LAI=5.7),STATIC_ALS_DOPT,2021-09-22,1.33309823274612
P4  (LAI=5.7),STATIC_ALS_DOPT,2021-09-23,1.33309823274612
P4  (LAI=5.7),STATIC_ALS_DOPT,2021-09-24,1.33309823274612
P4  (LAI=5.7),STATIC_ALS_DOPT,2021-09-25,1.33309823274612
P4  (LAI=5.7),STATIC_ALS_DOPT,2021-09-26,1.31483661311947
P4  (LAI=5.7),STATIC_ALS_DOPT,2021-09-27,1.28874858508138
P4  (LAI=5.7),STATIC_ALS_DOPT,2021-09-28,1.2626605570433
P4  (LAI=5.7),STATIC_ALS_DOPT,2021-09-29,1.23657252900521
P4  (LAI=5.7),STATIC_ALS_DOPT,2021-09-30,1.21048450096713
P4  (LAI=5.7),DYN_S2_ATBD_NM,2021-06-01,4.48448246752867
P4  (LAI=5.7),DYN_S2_ATBD_NM,2021-06-02,4.49651932328183
P4  (LAI=5.7),DYN_S2_ATBD_NM,2021-06-03,4.50777114965555
P4  (LAI=5.7),DYN_S2_ATBD_NM,2021-06-04,4.5182265067368
P4  (LAI=5.7),DYN_S2_ATBD_NM,2021-06-05,4.5278739546126
P4  (LAI=5.7),DYN_S2_ATBD_NM,2021-06-06,4.53670205336995
P4  (LAI=5.7),DYN_S2_ATBD_NM,2021-06-07,4.54469936309585
P4  (LAI=5.7),DYN_S2_ATBD_NM,2021-06-08,4.55185444387729
P4  (LAI=5.7),DYN_S2_ATBD_NM,2021-06-09,4.5581558558013
P4  (LAI=5.7),DYN_S2_ATBD_NM,2021-06-10,4.56358928062657
P4  (LAI=5.7),DYN_S2_ATBD_NM,2021-06-11,4.56809205319153
P4  (LAI=5.7),DYN_S2_ATBD_NM,2021-06-12,4.57156139163416
P4  (LAI=5.7),DYN_S2_ATBD_NM,2021-06-13,4.57389329979775
P4  (LAI=5.7),DYN_S2_ATBD_NM,2021-06-14,4.57498378152553
P4  (LAI=5.7),DYN_S2_ATBD_NM,2021-06-15,4.57472884066079
P4  (LAI=5.7),DYN_S2_ATBD_NM,2021-06-16,4.57302448104678
P4  (LAI=5.7),DYN_S2_ATBD_NM,2021-06-17,4.5697667922477
P4  (LAI=5.7),DYN_S2_ATBD_NM,2021-06-18,4.56489541006413
P4  (LAI=5.7),DYN_S2_ATBD_NM,2021-06-19,4.55846423630669
P4  (LAI=5.7),DYN_S2_ATBD_NM,2021-06-20,4.55054568850855
P4  (LAI=5.7),DYN_S2_ATBD_NM,2021-06-21,4.54121218420288
P4  (LAI=5.7),DYN_S2_ATBD_NM,2021-06-22,4.53053614092285
P4  (LAI=5.7),DYN_S2_ATBD_NM,2021-06-23,4.51858997620163
P4  (LAI=5.7),DYN_S2_ATBD_NM,2021-06-24,4.50544610757239
P4  (LAI=5.7),DYN_S2_ATBD_NM,2021-06-25,4.49117695256831
P4  (LAI=5.7),DYN_S2_ATBD_NM,2021-06-26,4.47585492872255
P4  (LAI=5.7),DYN_S2_ATBD_NM,2021-06-27,4.45955245356828
P4  (LAI=5.7),DYN_S2_ATBD_NM,2021-06-28,4.44234194463868
P4  (LAI=5.7),DYN_S2_ATBD_NM,2021-06-29,4.42429581946692
P4  (LAI=5.7),DYN_S2_ATBD_NM,2021-06-30,4.40548649558616
P4  (LAI=5.7),DYN_S2_ATBD_NM,2021-07-01,4.38598639052958
P4  (LAI=5.7),DYN_S2_ATBD_NM,2021-07-02,4.36586792183035
P4  (LAI=5.7),DYN_S2_ATBD_NM,2021-07-03,4.34520350702164
P4  (LAI=5.7),DYN_S2_ATBD_NM,2021-07-04,4.32406556363662
P4  (LAI=5.7),DYN_S2_ATBD_NM,2021-07-05,4.30252650920846
P4  (LAI=5.7),DYN_S2_ATBD_NM,2021-07-06,4.28065876127033
P4  (LAI=5.7),DYN_S2_ATBD_NM,2021-07-07,4.2585347373554
P4  (LAI=5.7),DYN_S2_ATBD_NM,2021-07-08,4.23622685499685
P4  (LAI=5.7),DYN_S2_ATBD_NM,2021-07-09,4.21380753172785
P4  (LAI=5.7),DYN_S2_ATBD_NM,2021-07-10,4.19134918508155
P4  (LAI=5.7),DYN_S2_ATBD_NM,2021-07-11,4.16892423259115
P4  (LAI=5.7),DYN_S2_ATBD_NM,2021-07-12,4.1466050917898
P4  (LAI=5.7),DYN_S2_ATBD_NM,2021-07-13,4.12446418021068
P4  (LAI=5.7),DYN_S2_ATBD_NM,2021-07-14,4.10257391538696
P4  (LAI=5.7),DYN_S2_ATBD_NM,2021-07-15,4.08100671485181
P4  (LAI=5.7),DYN_S2_ATBD_NM,2021-07-16,4.05983499613839
P4  (LAI=5.7),DYN_S2_ATBD_NM,2021-07-17,4.03913117677989
P4  (LAI=5.7),DYN_S2_ATBD_NM,2021-07-18,4.01896767430947
P4  (LAI=5.7),DYN_S2_ATBD_NM,2021-07-19,3.99941690626031
P4  (LAI=5.7),DYN_S2_ATBD_NM,2021-07-20,3.98055129016556
P4  (LAI=5.7),DYN_S2_ATBD_NM,2021-07-21,3.96243835559942
P4  (LAI=5.7),DYN_S2_ATBD_NM,2021-07-22,3.94509761282686
P4  (LAI=5.7),DYN_S2_ATBD_NM,2021-07-23,3.92852131685352
P4  (LAI=5.7),DYN_S2_ATBD_NM,2021-07-24,3.91270140985564
P4  (LAI=5.7),DYN_S2_ATBD_NM,2021-07-25,3.89762983400947
P4  (LAI=5.7),DYN_S2_ATBD_NM,2021-07-26,3.88329853149126
P4  (LAI=5.7),DYN_S2_ATBD_NM,2021-07-27,3.86969944447725
P4  (LAI=5.7),DYN_S2_ATBD_NM,2021-07-28,3.85682451514371
P4  (LAI=5.7),DYN_S2_ATBD_NM,2021-07-29,3.84466568566688
P4  (LAI=5.7),DYN_S2_ATBD_NM,2021-07-30,3.833214898223
P4  (LAI=5.7),DYN_S2_ATBD_NM,2021-07-31,3.82246409498833
P4  (LAI=5.7),DYN_S2_ATBD_NM,2021-08-01,3.81240521813912
P4  (LAI=5.7),DYN_S2_ATBD_NM,2021-08-02,3.8030302098516
P4  (LAI=5.7),DYN_S2_ATBD_NM,2021-08-03,3.79433101230205
P4  (LAI=5.7),DYN_S2_ATBD_NM,2021-08-04,3.78629956766669
P4  (LAI=5.7),DYN_S2_ATBD_NM,2021-08-05,3.77892781812179
P4  (LAI=5.7),DYN_S2_ATBD_NM,2021-08-06,3.77220770584359
P4  (LAI=5.7),DYN_S2_ATBD_NM,2021-08-07,3.76613117300833
P4  (LAI=5.7),DYN_S2_ATBD_NM,2021-08-08,3.76069016179228
P4  (LAI=5.7),DYN_S2_ATBD_NM,2021-08-09,3.75587661437167
P4  (LAI=5.7),DYN_S2_ATBD_NM,2021-08-10,3.75168247292276
P4  (LAI=5.7),DYN_S2_ATBD_NM,2021-08-11,3.7480996796218
P4  (LAI=5.7),DYN_S2_ATBD_NM,2021-08-12,3.74512017664503
P4  (LAI=5.7),DYN_S2_ATBD_NM,2021-08-13,3.74273590616871
P4  (LAI=5.7),DYN_S2_ATBD_NM,2021-08-14,3.74093881036908
P4  (LAI=5.7),DYN_S2_ATBD_NM,2021-08-15,3.73972083142239
P4  (LAI=5.7),DYN_S2_ATBD_NM,2021-08-16,3.7390739115049
P4  (LAI=5.7),DYN_S2_ATBD_NM,2021-08-17,3.73898999279285
P4  (LAI=5.7),DYN_S2_ATBD_NM,2021-08-18,3.73946101746248
P4  (LAI=5.7),DYN_S2_ATBD_NM,2021-08-19,3.74047892769006
P4  (LAI=5.7),DYN_S2_ATBD_NM,2021-08-20,3.74203368308853
P4  (LAI=5.7),DYN_S2_ATBD_NM,2021-08-21,3.74404974525395
P4  (LAI=5.7),DYN_S2_ATBD_NM,2021-08-22,3.74637264039204
P4  (LAI=5.7),DYN_S2_ATBD_NM,2021-08-23,3.74884319529922
P4  (LAI=5.7),DYN_S2_ATBD_NM,2021-08-24,3.75130223677195
P4  (LAI=5.7),DYN_S2_ATBD_NM,2021-08-25,3.75359059160665
P4  (LAI=5.7),DYN_S2_ATBD_NM,2021-08-26,3.75554908659976
P4  (LAI=5.7),DYN_S2_ATBD_NM,2021-08-27,3.75701854854772
P4  (LAI=5.7),DYN_S2_ATBD_NM,2021-08-28,3.75783980424695
P4  (LAI=5.7),DYN_S2_ATBD_NM,2021-08-29,3.7578536804939
P4  (LAI=5.7),DYN_S2_ATBD_NM,2021-08-30,3.756901004085
P4  (LAI=5.7),DYN_S2_ATBD_NM,2021-08-31,3.75482260181669
P4  (LAI=5.7),DYN_S2_ATBD_NM,2021-09-01,3.7514593004854
P4  (LAI=5.7),DYN_S2_ATBD_NM,2021-09-02,3.74665192688756
P4  (LAI=5.7),DYN_S2_ATBD_NM,2021-09-03,3.74024130781962
P4  (LAI=5.7),DYN_S2_ATBD_NM,2021-09-04,3.73206827007801
P4  (LAI=5.7),DYN_S2_ATBD_NM,2021-09-05,3.72197364045916
P4  (LAI=5.7),DYN_S2_ATBD_NM,2021-09-06,3.70980148022941
P4  (LAI=5.7),DYN_S2_ATBD_NM,2021-09-07,3.69550270795688
P4  (LAI=5.7),DYN_S2_ATBD_NM,2021-09-08,3.67915702202969
P4  (LAI=5.7),DYN_S2_ATBD_NM,2021-09-09,3.66085178772755
P4  (LAI=5.7),DYN_S2_ATBD_NM,2021-09-10,3.64067437033019
P4  (LAI=5.7),DYN_S2_ATBD_NM,2021-09-11,3.61871213511732
P4  (LAI=5.7),DYN_S2_ATBD_NM,2021-09-12,3.59505244736867
P4  (LAI=5.7),DYN_S2_ATBD_NM,2021-09-13,3.56978267236395
P4  (LAI=5.7),DYN_S2_ATBD_NM,2021-09-14,3.5429901753829
P4  (LAI=5.7),DYN_S2_ATBD_NM,2021-09-15,3.51476232170522
P4  (LAI=5.7),DYN_S2_ATBD_NM,2021-09-16,3.48518647661064
P4  (LAI=5.7),DYN_S2_ATBD_NM,2021-09-17,3.45435000537888
P4  (LAI=5.7),DYN_S2_ATBD_NM,2021-09-18,3.42234027328965
P4  (LAI=5.7),DYN_S2_ATBD_NM,2021-09-19,3.38924464562269
P4  (LAI=5.7),DYN_S2_ATBD_NM,2021-09-20,3.35515048765771
P4  (LAI=5.7),DYN_S2_ATBD_NM,2021-09-21,3.32014516467443
P4  (LAI=5.7),DYN_S2_ATBD_NM,2021-09-22,3.28431604195256
P4  (LAI=5.7),DYN_S2_ATBD_NM,2021-09-23,3.24775048477185
P4  (LAI=5.7),DYN_S2_ATBD_NM,2021-09-24,3.21053585841199
P4  (LAI=5.7),DYN_S2_ATBD_NM,2021-09-25,3.17275952815271
P4  (LAI=5.7),DYN_S2_ATBD_NM,2021-09-26,3.13450885927374
P4  (LAI=5.7),DYN_S2_ATBD_NM,2021-09-27,3.09587121705479
P4  (LAI=5.7),DYN_S2_ATBD_NM,2021-09-28,3.05693396677559
P4  (LAI=5.7),DYN_S2_ATBD_NM,2021-09-29,3.01778443695686
P4  (LAI=5.7),DYN_S2_ATBD_NM,2021-09-30,2.9784912825555
P4  (LAI=5.7),DYN_S2_OPT_NM,2021-06-01,3.97494487340764
P4  (LAI=5.7),DYN_S2_OPT_NM,2021-06-02,3.98561407290044
P4  (LAI=5.7),DYN_S2_OPT_NM,2021-06-03,3.99558743992428
P4  (LAI=5.7),DYN_S2_OPT_NM,2021-06-04,4.00485483439638
P4  (LAI=5.7),DYN_S2_OPT_NM,2021-06-05,4.01340611623392
P4  (LAI=5.7),DYN_S2_OPT_NM,2021-06-06,4.02123114535413
P4  (LAI=5.7),DYN_S2_OPT_NM,2021-06-07,4.02831978167419
P4  (LAI=5.7),DYN_S2_OPT_NM,2021-06-08,4.03466188511131
P4  (LAI=5.7),DYN_S2_OPT_NM,2021-06-09,4.0402473155827
P4  (LAI=5.7),DYN_S2_OPT_NM,2021-06-10,4.0450633817198
P4  (LAI=5.7),DYN_S2_OPT_NM,2021-06-11,4.04905453852614
P4  (LAI=5.7),DYN_S2_OPT_NM,2021-06-12,4.05212968246003
P4  (LAI=5.7),DYN_S2_OPT_NM,2021-06-13,4.05419663365612
P4  (LAI=5.7),DYN_S2_OPT_NM,2021-06-14,4.05516321224904
P4  (LAI=5.7),DYN_S2_OPT_NM,2021-06-15,4.05493723837342
P4  (LAI=5.7),DYN_S2_OPT_NM,2021-06-16,4.0534265321639
P4  (LAI=5.7),DYN_S2_OPT_NM,2021-06-17,4.05053898973625
P4  (LAI=5.7),DYN_S2_OPT_NM,2021-06-18,4.04622110561535
P4  (LAI=5.7),DYN_S2_OPT_NM,2021-06-19,4.04052065715954
P4  (LAI=5.7),DYN_S2_OPT_NM,2021-06-20,4.03350183364914
P4  (LAI=5.7),DYN_S2_OPT_NM,2021-06-21,4.02522882436449
P4  (LAI=5.7),DYN_S2_OPT_NM,2021-06-22,4.01576581858589
P4  (LAI=5.7),DYN_S2_OPT_NM,2021-06-23,4.00517700559368
P4  (LAI=5.7),DYN_S2_OPT_NM,2021-06-24,3.99352657466819
P4  (LAI=5.7),DYN_S2_OPT_NM,2021-06-25,3.98087871508973
P4  (LAI=5.7),DYN_S2_OPT_NM,2021-06-26,3.96729761613864
P4  (LAI=5.7),DYN_S2_OPT_NM,2021-06-27,3.95284746709524
P4  (LAI=5.7),DYN_S2_OPT_NM,2021-06-28,3.93759245723986
P4  (LAI=5.7),DYN_S2_OPT_NM,2021-06-29,3.92159677585281
P4  (LAI=5.7),DYN_S2_OPT_NM,2021-06-30,3.90492461221443
P4  (LAI=5.7),DYN_S2_OPT_NM,2021-07-01,3.88764015560505
P4  (LAI=5.7),DYN_S2_OPT_NM,2021-07-02,3.86980759530497
P4  (LAI=5.7),DYN_S2_OPT_NM,2021-07-03,3.85149112059454
P4  (LAI=5.7),DYN_S2_OPT_NM,2021-07-04,3.83275492075408
P4  (LAI=5.7),DYN_S2_OPT_NM,2021-07-05,3.81366318506391
P4  (LAI=5.7),DYN_S2_OPT_NM,2021-07-06,3.79428010280436
P4  (LAI=5.7),DYN_S2_OPT_NM,2021-07-07,3.77466986325575
P4  (LAI=5.7),DYN_S2_OPT_NM,2021-07-08,3.7548966556984
P4  (LAI=5.7),DYN_S2_OPT_NM,2021-07-09,3.73502466941266
P4  (LAI=5.7),DYN_S2_OPT_NM,2021-07-10,3.71511809367883
P4  (LAI=5.7),DYN_S2_OPT_NM,2021-07-11,3.69524111777724
P4  (LAI=5.7),DYN_S2_OPT_NM,2021-07-12,3.67545793098823
P4  (LAI=5.7),DYN_S2_OPT_NM,2021-07-13,3.65583272259211
P4  (LAI=5.7),DYN_S2_OPT_NM,2021-07-14,3.63642968186921
P4  (LAI=5.7),DYN_S2_OPT_NM,2021-07-15,3.61731299809985
P4  (LAI=5.7),DYN_S2_OPT_NM,2021-07-16,3.59854686056437
P4  (LAI=5.7),DYN_S2_OPT_NM,2021-07-17,3.58019545854308
P4  (LAI=5.7),DYN_S2_OPT_NM,2021-07-18,3.56232298131632
P4  (LAI=5.7),DYN_S2_OPT_NM,2021-07-19,3.5449936181644
P4  (LAI=5.7),DYN_S2_OPT_NM,2021-07-20,3.52827155836765
P4  (LAI=5.7),DYN_S2_OPT_NM,2021-07-21,3.51221665862897
P4  (LAI=5.7),DYN_S2_OPT_NM,2021-07-22,3.49684621241049
P4  (LAI=5.7),DYN_S2_OPT_NM,2021-07-23,3.48215335472258
P4  (LAI=5.7),DYN_S2_OPT_NM,2021-07-24,3.46813094329064
P4  (LAI=5.7),DYN_S2_OPT_NM,2021-07-25,3.45477183584007
P4  (LAI=5.7),DYN_S2_OPT_NM,2021-07-26,3.44206889009627
P4  (LAI=5.7),DYN_S2_OPT_NM,2021-07-27,3.43001496378466
P4  (LAI=5.7),DYN_S2_OPT_NM,2021-07-28,3.41860291463062
P4  (LAI=5.7),DYN_S2_OPT_NM,2021-07-29,3.40782560035957
P4  (LAI=5.7),DYN_S2_OPT_NM,2021-07-30,3.3976758786969
P4  (LAI=5.7),DYN_S2_OPT_NM,2021-07-31,3.38814660736803
P4  (LAI=5.7),DYN_S2_OPT_NM,2021-08-01,3.37923064409834
P4  (LAI=5.7),DYN_S2_OPT_NM,2021-08-02,3.37092084661325
P4  (LAI=5.7),DYN_S2_OPT_NM,2021-08-03,3.36321007263816
P4  (LAI=5.7),DYN_S2_OPT_NM,2021-08-04,3.35609117989847
P4  (LAI=5.7),DYN_S2_OPT_NM,2021-08-05,3.34955702611958
P4  (LAI=5.7),DYN_S2_OPT_NM,2021-08-06,3.3436004690269
P4  (LAI=5.7),DYN_S2_OPT_NM,2021-08-07,3.33821436634583
P4  (LAI=5.7),DYN_S2_OPT_NM,2021-08-08,3.33339157580177
P4  (LAI=5.7),DYN_S2_OPT_NM,2021-08-09,3.32912495512012
P4  (LAI=5.7),DYN_S2_OPT_NM,2021-08-10,3.32540736202629
P4  (LAI=5.7),DYN_S2_OPT_NM,2021-08-11,3.32223165424568
P4  (LAI=5.7),DYN_S2_OPT_NM,2021-08-12,3.31959068950369
P4  (LAI=5.7),DYN_S2_OPT_NM,2021-08-13,3.31747732552573
P4  (LAI=5.7),DYN_S2_OPT_NM,2021-08-14,3.3158844200372
P4  (LAI=5.7),DYN_S2_OPT_NM,2021-08-15,3.31480483076349
P4  (LAI=5.7),DYN_S2_OPT_NM,2021-08-16,3.31423141543002
P4  (LAI=5.7),DYN_S2_OPT_NM,2021-08-17,3.31415703176219
P4  (LAI=5.7),DYN_S2_OPT_NM,2021-08-18,3.3145745374854
P4  (LAI=5.7),DYN_S2_OPT_NM,2021-08-19,3.31547679032505
P4  (LAI=5.7),DYN_S2_OPT_NM,2021-08-20,3.31685489070683
P4  (LAI=5.7),DYN_S2_OPT_NM,2021-08-21,3.3186418830804
P4  (LAI=5.7),DYN_S2_OPT_NM,2021-08-22,3.32070084533245
P4  (LAI=5.7),DYN_S2_OPT_NM,2021-08-23,3.32289068989844
P4  (LAI=5.7),DYN_S2_OPT_NM,2021-08-24,3.32507032921385
P4  (LAI=5.7),DYN_S2_OPT_NM,2021-08-25,3.32709867571417
P4  (LAI=5.7),DYN_S2_OPT_NM,2021-08-26,3.32883464183486
P4  (LAI=5.7),DYN_S2_OPT_NM,2021-08-27,3.3301371400114
P4  (LAI=5.7),DYN_S2_OPT_NM,2021-08-28,3.33086508267927
P4  (LAI=5.7),DYN_S2_OPT_NM,2021-08-29,3.33087738227394
P4  (LAI=5.7),DYN_S2_OPT_NM,2021-08-30,3.3300329512309
P4  (LAI=5.7),DYN_S2_OPT_NM,2021-08-31,3.32819070198561
P4  (LAI=5.7),DYN_S2_OPT_NM,2021-09-01,3.32520954697355
P4  (LAI=5.7),DYN_S2_OPT_NM,2021-09-02,3.32094839863021
P4  (LAI=5.7),DYN_S2_OPT_NM,2021-09-03,3.31526616939105
P4  (LAI=5.7),DYN_S2_OPT_NM,2021-09-04,3.30802177169156
P4  (LAI=5.7),DYN_S2_OPT_NM,2021-09-05,3.2990741179672
P4  (LAI=5.7),DYN_S2_OPT_NM,2021-09-06,3.28828498761518
P4  (LAI=5.7),DYN_S2_OPT_NM,2021-09-07,3.27561087595296
P4  (LAI=5.7),DYN_S2_OPT_NM,2021-09-08,3.26112242584772
P4  (LAI=5.7),DYN_S2_OPT_NM,2021-09-09,3.2448970759277
P4  (LAI=5.7),DYN_S2_OPT_NM,2021-09-10,3.22701226482118
P4  (LAI=5.7),DYN_S2_OPT_NM,2021-09-11,3.20754543115641
P4  (LAI=5.7),DYN_S2_OPT_NM,2021-09-12,3.18657401356165
P4  (LAI=5.7),DYN_S2_OPT_NM,2021-09-13,3.16417545066516
P4  (LAI=5.7),DYN_S2_OPT_NM,2021-09-14,3.1404271810952
P4  (LAI=5.7),DYN_S2_OPT_NM,2021-09-15,3.11540664348002
P4  (LAI=5.7),DYN_S2_OPT_NM,2021-09-16,3.0891912764479
P4  (LAI=5.7),DYN_S2_OPT_NM,2021-09-17,3.06185851862708
P4  (LAI=5.7),DYN_S2_OPT_NM,2021-09-18,3.03348580864582
P4  (LAI=5.7),DYN_S2_OPT_NM,2021-09-19,3.0041505851324
P4  (LAI=5.7),DYN_S2_OPT_NM,2021-09-20,2.97393028671505
P4  (LAI=5.7),DYN_S2_OPT_NM,2021-09-21,2.94290235202205
P4  (LAI=5.7),DYN_S2_OPT_NM,2021-09-22,2.91114421968166
P4  (LAI=5.7),DYN_S2_OPT_NM,2021-09-23,2.87873332832213
P4  (LAI=5.7),DYN_S2_OPT_NM,2021-09-24,2.84574711657172
P4  (LAI=5.7),DYN_S2_OPT_NM,2021-09-25,2.81226302305869
P4  (LAI=5.7),DYN_S2_OPT_NM,2021-09-26,2.77835848641131
P4  (LAI=5.7),DYN_S2_OPT_NM,2021-09-27,2.74411094525782
P4  (LAI=5.7),DYN_S2_OPT_NM,2021-09-28,2.7095978382265
P4  (LAI=5.7),DYN_S2_OPT_NM,2021-09-29,2.67489657136325
P4  (LAI=5.7),DYN_S2_OPT_NM,2021-09-30,2.64006799888502
P4  (LAI=5.7),DYN_ATBD_rfull_NM,2021-06-01,3.41401305995005
P4  (LAI=5.7),DYN_ATBD_rfull_NM,2021-06-02,3.42317665531242
P4  (LAI=5.7),DYN_ATBD_rfull_NM,2021-06-03,3.43174261191193
P4  (LAI=5.7),DYN_ATBD_rfull_NM,2021-06-04,3.43970222060263
P4  (LAI=5.7),DYN_ATBD_rfull_NM,2021-06-05,3.44704677223856
P4  (LAI=5.7),DYN_ATBD_rfull_NM,2021-06-06,3.45376755767375
P4  (LAI=5.7),DYN_ATBD_rfull_NM,2021-06-07,3.45985586776223
P4  (LAI=5.7),DYN_ATBD_rfull_NM,2021-06-08,3.46530299335804
P4  (LAI=5.7),DYN_ATBD_rfull_NM,2021-06-09,3.47010022531523
P4  (LAI=5.7),DYN_ATBD_rfull_NM,2021-06-10,3.47423666323155
P4  (LAI=5.7),DYN_ATBD_rfull_NM,2021-06-11,3.47766460044706
P4  (LAI=5.7),DYN_ATBD_rfull_NM,2021-06-12,3.48030578966751
P4  (LAI=5.7),DYN_ATBD_rfull_NM,2021-06-13,3.48208105916242
P4  (LAI=5.7),DYN_ATBD_rfull_NM,2021-06-14,3.48291123720131
P4  (LAI=5.7),DYN_ATBD_rfull_NM,2021-06-15,3.48271715205368
P4  (LAI=5.7),DYN_ATBD_rfull_NM,2021-06-16,3.48141963198905
P4  (LAI=5.7),DYN_ATBD_rfull_NM,2021-06-17,3.47893957053584
P4  (LAI=5.7),DYN_ATBD_rfull_NM,2021-06-18,3.47523101274459
P4  (LAI=5.7),DYN_ATBD_rfull_NM,2021-06-19,3.47033499378193
P4  (LAI=5.7),DYN_ATBD_rfull_NM,2021-06-20,3.46430664473732
P4  (LAI=5.7),DYN_ATBD_rfull_NM,2021-06-21,3.4572010967002
P4  (LAI=5.7),DYN_ATBD_rfull_NM,2021-06-22,3.44907348076001
P4  (LAI=5.7),DYN_ATBD_rfull_NM,2021-06-23,3.43997892800618
P4  (LAI=5.7),DYN_ATBD_rfull_NM,2021-06-24,3.42997256952816
P4  (LAI=5.7),DYN_ATBD_rfull_NM,2021-06-25,3.41910953641539
P4  (LAI=5.7),DYN_ATBD_rfull_NM,2021-06-26,3.40744495975731
P4  (LAI=5.7),DYN_ATBD_rfull_NM,2021-06-27,3.39503397064337
P4  (LAI=5.7),DYN_ATBD_rfull_NM,2021-06-28,3.381931700163
P4  (LAI=5.7),DYN_ATBD_rfull_NM,2021-06-29,3.36819327940564
P4  (LAI=5.7),DYN_ATBD_rfull_NM,2021-06-30,3.35387383946074
P4  (LAI=5.7),DYN_ATBD_rfull_NM,2021-07-01,3.33902851141774
P4  (LAI=5.7),DYN_ATBD_rfull_NM,2021-07-02,3.32371242636607
P4  (LAI=5.7),DYN_ATBD_rfull_NM,2021-07-03,3.30798071539518
P4  (LAI=5.7),DYN_ATBD_rfull_NM,2021-07-04,3.29188850959452
P4  (LAI=5.7),DYN_ATBD_rfull_NM,2021-07-05,3.27549094005352
P4  (LAI=5.7),DYN_ATBD_rfull_NM,2021-07-06,3.25884313786161
P4  (LAI=5.7),DYN_ATBD_rfull_NM,2021-07-07,3.24200023410826
P4  (LAI=5.7),DYN_ATBD_rfull_NM,2021-07-08,3.22501735988289
P4  (LAI=5.7),DYN_ATBD_rfull_NM,2021-07-09,3.20794964627494
P4  (LAI=5.7),DYN_ATBD_rfull_NM,2021-07-10,3.19085222437386
P4  (LAI=5.7),DYN_ATBD_rfull_NM,2021-07-11,3.17378022526909
P4  (LAI=5.7),DYN_ATBD_rfull_NM,2021-07-12,3.15678878005008
P4  (LAI=5.7),DYN_ATBD_rfull_NM,2021-07-13,3.13993301980625
P4  (LAI=5.7),DYN_ATBD_rfull_NM,2021-07-14,3.12326807562705
P4  (LAI=5.7),DYN_ATBD_rfull_NM,2021-07-15,3.10684907860193
P4  (LAI=5.7),DYN_ATBD_rfull_NM,2021-07-16,3.09073115982032
P4  (LAI=5.7),DYN_ATBD_rfull_NM,2021-07-17,3.07496945037166
P4  (LAI=5.7),DYN_ATBD_rfull_NM,2021-07-18,3.0596190813454
P4  (LAI=5.7),DYN_ATBD_rfull_NM,2021-07-19,3.04473518383098
P4  (LAI=5.7),DYN_ATBD_rfull_NM,2021-07-20,3.03037288891784
P4  (LAI=5.7),DYN_ATBD_rfull_NM,2021-07-21,3.01658360651779
P4  (LAI=5.7),DYN_ATBD_rfull_NM,2021-07-22,3.00338218969357
P4  (LAI=5.7),DYN_ATBD_rfull_NM,2021-07-23,2.99076274222146
P4  (LAI=5.7),DYN_ATBD_rfull_NM,2021-07-24,2.97871912972235
P4  (LAI=5.7),DYN_ATBD_rfull_NM,2021-07-25,2.96724521781715
P4  (LAI=5.7),DYN_ATBD_rfull_NM,2021-07-26,2.95633487212675
P4  (LAI=5.7),DYN_ATBD_rfull_NM,2021-07-27,2.94598195827206
P4  (LAI=5.7),DYN_ATBD_rfull_NM,2021-07-28,2.93618034187397
P4  (LAI=5.7),DYN_ATBD_rfull_NM,2021-07-29,2.9269238885534
P4  (LAI=5.7),DYN_ATBD_rfull_NM,2021-07-30,2.91820646393123
P4  (LAI=5.7),DYN_ATBD_rfull_NM,2021-07-31,2.91002193362838
P4  (LAI=5.7),DYN_ATBD_rfull_NM,2021-08-01,2.90236416326573
P4  (LAI=5.7),DYN_ATBD_rfull_NM,2021-08-02,2.89522701846419
P4  (LAI=5.7),DYN_ATBD_rfull_NM,2021-08-03,2.88860436484467
P4  (LAI=5.7),DYN_ATBD_rfull_NM,2021-08-04,2.88249006802805
P4  (LAI=5.7),DYN_ATBD_rfull_NM,2021-08-05,2.87687799363525
P4  (LAI=5.7),DYN_ATBD_rfull_NM,2021-08-06,2.87176200728717
P4  (LAI=5.7),DYN_ATBD_rfull_NM,2021-08-07,2.86713597460469
P4  (LAI=5.7),DYN_ATBD_rfull_NM,2021-08-08,2.86299376120873
P4  (LAI=5.7),DYN_ATBD_rfull_NM,2021-08-09,2.85932923272019
P4  (LAI=5.7),DYN_ATBD_rfull_NM,2021-08-10,2.85613625475996
P4  (LAI=5.7),DYN_ATBD_rfull_NM,2021-08-11,2.85340869294895
P4  (LAI=5.7),DYN_ATBD_rfull_NM,2021-08-12,2.85114041290805
P4  (LAI=5.7),DYN_ATBD_rfull_NM,2021-08-13,2.84932528025817
P4  (LAI=5.7),DYN_ATBD_rfull_NM,2021-08-14,2.84795716062021
P4  (LAI=5.7),DYN_ATBD_rfull_NM,2021-08-15,2.84702991961507
P4  (LAI=5.7),DYN_ATBD_rfull_NM,2021-08-16,2.84653742286365
P4  (LAI=5.7),DYN_ATBD_rfull_NM,2021-08-17,2.84647353598684
P4  (LAI=5.7),DYN_ATBD_rfull_NM,2021-08-18,2.84683212460556
P4  (LAI=5.7),DYN_ATBD_rfull_NM,2021-08-19,2.8476070543407
P4  (LAI=5.7),DYN_ATBD_rfull_NM,2021-08-20,2.84879068149809
P4  (LAI=5.7),DYN_ATBD_rfull_NM,2021-08-21,2.85032549908569
P4  (LAI=5.7),DYN_ATBD_rfull_NM,2021-08-22,2.8520939070114
P4  (LAI=5.7),DYN_ATBD_rfull_NM,2021-08-23,2.85397472754745
P4  (LAI=5.7),DYN_ATBD_rfull_NM,2021-08-24,2.85584678296603
P4  (LAI=5.7),DYN_ATBD_rfull_NM,2021-08-25,2.85758889553934
P4  (LAI=5.7),DYN_ATBD_rfull_NM,2021-08-26,2.85907988753958
P4  (LAI=5.7),DYN_ATBD_rfull_NM,2021-08-27,2.86019858123896
P4  (LAI=5.7),DYN_ATBD_rfull_NM,2021-08-28,2.86082379890968
P4  (LAI=5.7),DYN_ATBD_rfull_NM,2021-08-29,2.86083436282395
P4  (LAI=5.7),DYN_ATBD_rfull_NM,2021-08-30,2.86010909525396
P4  (LAI=5.7),DYN_ATBD_rfull_NM,2021-08-31,2.85852681847192
P4  (LAI=5.7),DYN_ATBD_rfull_NM,2021-09-01,2.85596635475002
P4  (LAI=5.7),DYN_ATBD_rfull_NM,2021-09-02,2.85230652636048
P4  (LAI=5.7),DYN_ATBD_rfull_NM,2021-09-03,2.84742615557549
P4  (LAI=5.7),DYN_ATBD_rfull_NM,2021-09-04,2.84120406466726
P4  (LAI=5.7),DYN_ATBD_rfull_NM,2021-09-05,2.83351907590799
P4  (LAI=5.7),DYN_ATBD_rfull_NM,2021-09-06,2.82425247395491
P4  (LAI=5.7),DYN_ATBD_rfull_NM,2021-09-07,2.8133668933705
P4  (LAI=5.7),DYN_ATBD_rfull_NM,2021-09-08,2.800923008121
P4  (LAI=5.7),DYN_ATBD_rfull_NM,2021-09-09,2.78698732893718
P4  (LAI=5.7),DYN_ATBD_rfull_NM,2021-09-10,2.77162636654978
P4  (LAI=5.7),DYN_ATBD_rfull_NM,2021-09-11,2.75490663168955
P4  (LAI=5.7),DYN_ATBD_rfull_NM,2021-09-12,2.73689463508725
P4  (LAI=5.7),DYN_ATBD_rfull_NM,2021-09-13,2.71765688747361
P4  (LAI=5.7),DYN_ATBD_rfull_NM,2021-09-14,2.6972598995794
P4  (LAI=5.7),DYN_ATBD_rfull_NM,2021-09-15,2.67577018213535
P4  (LAI=5.7),DYN_ATBD_rfull_NM,2021-09-16,2.65325424587223
P4  (LAI=5.7),DYN_ATBD_rfull_NM,2021-09-17,2.62977860152078
P4  (LAI=5.7),DYN_ATBD_rfull_NM,2021-09-18,2.60540975981176
P4  (LAI=5.7),DYN_ATBD_rfull_NM,2021-09-19,2.58021423147591
P4  (LAI=5.7),DYN_ATBD_rfull_NM,2021-09-20,2.55425852724397
P4  (LAI=5.7),DYN_ATBD_rfull_NM,2021-09-21,2.52760915784672
P4  (LAI=5.7),DYN_ATBD_rfull_NM,2021-09-22,2.50033263401488
P4  (LAI=5.7),DYN_ATBD_rfull_NM,2021-09-23,2.47249546647922
P4  (LAI=5.7),DYN_ATBD_rfull_NM,2021-09-24,2.44416416597049
P4  (LAI=5.7),DYN_ATBD_rfull_NM,2021-09-25,2.41540524321942
P4  (LAI=5.7),DYN_ATBD_rfull_NM,2021-09-26,2.38628520895679
P4  (LAI=5.7),DYN_ATBD_rfull_NM,2021-09-27,2.35687057391332
P4  (LAI=5.7),DYN_ATBD_rfull_NM,2021-09-28,2.32722784881978
P4  (LAI=5.7),DYN_ATBD_rfull_NM,2021-09-29,2.2974235164225
P4  (LAI=5.7),DYN_ATBD_rfull_NM,2021-09-30,2.26750984338125
P4  (LAI=5.7),DYN_OPT_rdopt_NM,2021-06-01,1.33731435343736
P4  (LAI=5.7),DYN_OPT_rdopt_NM,2021-06-02,1.34090385570111
P4  (LAI=5.7),DYN_OPT_rdopt_NM,2021-06-03,1.34425925490736
P4  (LAI=5.7),DYN_OPT_rdopt_NM,2021-06-04,1.3473771395677
P4  (LAI=5.7),DYN_OPT_rdopt_NM,2021-06-05,1.35025409819375
P4  (LAI=5.7),DYN_OPT_rdopt_NM,2021-06-06,1.35288671929713
P4  (LAI=5.7),DYN_OPT_rdopt_NM,2021-06-07,1.35527159138946
P4  (LAI=5.7),DYN_OPT_rdopt_NM,2021-06-08,1.35740530298234
P4  (LAI=5.7),DYN_OPT_rdopt_NM,2021-06-09,1.35928444258739
P4  (LAI=5.7),DYN_OPT_rdopt_NM,2021-06-10,1.36090474037198
P4  (LAI=5.7),DYN_OPT_rdopt_NM,2021-06-11,1.36224750900247
P4  (LAI=5.7),DYN_OPT_rdopt_NM,2021-06-12,1.36328209797229
P4  (LAI=5.7),DYN_OPT_rdopt_NM,2021-06-13,1.3639774946609
P4  (LAI=5.7),DYN_OPT_rdopt_NM,2021-06-14,1.36430268644776
P4  (LAI=5.7),DYN_OPT_rdopt_NM,2021-06-15,1.36422666071231
P4  (LAI=5.7),DYN_OPT_rdopt_NM,2021-06-16,1.36371840483401
P4  (LAI=5.7),DYN_OPT_rdopt_NM,2021-06-17,1.3627469317551
P4  (LAI=5.7),DYN_OPT_rdopt_NM,2021-06-18,1.36129424031025
P4  (LAI=5.7),DYN_OPT_rdopt_NM,2021-06-19,1.35937640452038
P4  (LAI=5.7),DYN_OPT_rdopt_NM,2021-06-20,1.35701501996698
P4  (LAI=5.7),DYN_OPT_rdopt_NM,2021-06-21,1.35423168223153
P4  (LAI=5.7),DYN_OPT_rdopt_NM,2021-06-22,1.35104798689551
P4  (LAI=5.7),DYN_OPT_rdopt_NM,2021-06-23,1.34748552954042
P4  (LAI=5.7),DYN_OPT_rdopt_NM,2021-06-24,1.34356590574775
P4  (LAI=5.7),DYN_OPT_rdopt_NM,2021-06-25,1.33931071109896
P4  (LAI=5.7),DYN_OPT_rdopt_NM,2021-06-26,1.33474154117556
P4  (LAI=5.7),DYN_OPT_rdopt_NM,2021-06-27,1.32987999155903
P4  (LAI=5.7),DYN_OPT_rdopt_NM,2021-06-28,1.32474765783086
P4  (LAI=5.7),DYN_OPT_rdopt_NM,2021-06-29,1.31936613557252
P4  (LAI=5.7),DYN_OPT_rdopt_NM,2021-06-30,1.31375702036551
P4  (LAI=5.7),DYN_OPT_rdopt_NM,2021-07-01,1.30794190779131
P4  (LAI=5.7),DYN_OPT_rdopt_NM,2021-07-02,1.30194239343141
P4  (LAI=5.7),DYN_OPT_rdopt_NM,2021-07-03,1.29578007286729
P4  (LAI=5.7),DYN_OPT_rdopt_NM,2021-07-04,1.28947654168044
P4  (LAI=5.7),DYN_OPT_rdopt_NM,2021-07-05,1.28305339545235
P4  (LAI=5.7),DYN_OPT_rdopt_NM,2021-07-06,1.2765322297645
P4  (LAI=5.7),DYN_OPT_rdopt_NM,2021-07-07,1.26993464019838
P4  (LAI=5.7),DYN_OPT_rdopt_NM,2021-07-08,1.26328222233548
P4  (LAI=5.7),DYN_OPT_rdopt_NM,2021-07-09,1.25659657175727
P4  (LAI=5.7),DYN_OPT_rdopt_NM,2021-07-10,1.24989928404525
P4  (LAI=5.7),DYN_OPT_rdopt_NM,2021-07-11,1.2432119547809
P4  (LAI=5.7),DYN_OPT_rdopt_NM,2021-07-12,1.2365561795457
P4  (LAI=5.7),DYN_OPT_rdopt_NM,2021-07-13,1.22995355392116
P4  (LAI=5.7),DYN_OPT_rdopt_NM,2021-07-14,1.22342567348874
P4  (LAI=5.7),DYN_OPT_rdopt_NM,2021-07-15,1.21699413382993
P4  (LAI=5.7),DYN_OPT_rdopt_NM,2021-07-16,1.21068053052623
P4  (LAI=5.7),DYN_OPT_rdopt_NM,2021-07-17,1.20450645915911
P4  (LAI=5.7),DYN_OPT_rdopt_NM,2021-07-18,1.19849351531007
P4  (LAI=5.7),DYN_OPT_rdopt_NM,2021-07-19,1.19266329456059
P4  (LAI=5.7),DYN_OPT_rdopt_NM,2021-07-20,1.18703739249215
P4  (LAI=5.7),DYN_OPT_rdopt_NM,2021-07-21,1.18163594705144
P4  (LAI=5.7),DYN_OPT_rdopt_NM,2021-07-22,1.17646477638082
P4  (LAI=5.7),DYN_OPT_rdopt_NM,2021-07-23,1.17152157085098
P4  (LAI=5.7),DYN_OPT_rdopt_NM,2021-07-24,1.16680392754397
P4  (LAI=5.7),DYN_OPT_rdopt_NM,2021-07-25,1.16230944354187
P4  (LAI=5.7),DYN_OPT_rdopt_NM,2021-07-26,1.15803571592674
P4  (LAI=5.7),DYN_OPT_rdopt_NM,2021-07-27,1.15398034178064
P4  (LAI=5.7),DYN_OPT_rdopt_NM,2021-07-28,1.15014091818563
P4  (LAI=5.7),DYN_OPT_rdopt_NM,2021-07-29,1.14651504222377
P4  (LAI=5.7),DYN_OPT_rdopt_NM,2021-07-30,1.14310031097714
P4  (LAI=5.7),DYN_OPT_rdopt_NM,2021-07-31,1.13989432152779
P4  (LAI=5.7),DYN_OPT_rdopt_NM,2021-08-01,1.13689467095778
P4  (LAI=5.7),DYN_OPT_rdopt_NM,2021-08-02,1.13409895634918
P4  (LAI=5.7),DYN_OPT_rdopt_NM,2021-08-03,1.13150477478405
P4  (LAI=5.7),DYN_OPT_rdopt_NM,2021-08-04,1.12910972334445
P4  (LAI=5.7),DYN_OPT_rdopt_NM,2021-08-05,1.12691139911245
P4  (LAI=5.7),DYN_OPT_rdopt_NM,2021-08-06,1.12490739917011
P4  (LAI=5.7),DYN_OPT_rdopt_NM,2021-08-07,1.12309532059949
P4  (LAI=5.7),DYN_OPT_rdopt_NM,2021-08-08,1.12147276048266
P4  (LAI=5.7),DYN_OPT_rdopt_NM,2021-08-09,1.12003731590168
P4  (LAI=5.7),DYN_OPT_rdopt_NM,2021-08-10,1.11878658393861
P4  (LAI=5.7),DYN_OPT_rdopt_NM,2021-08-11,1.11771816167551
P4  (LAI=5.7),DYN_OPT_rdopt_NM,2021-08-12,1.11682964619445
P4  (LAI=5.7),DYN_OPT_rdopt_NM,2021-08-13,1.11611863457749
P4  (LAI=5.7),DYN_OPT_rdopt_NM,2021-08-14,1.1155827239067
P4  (LAI=5.7),DYN_OPT_rdopt_NM,2021-08-15,1.11521951126413
P4  (LAI=5.7),DYN_OPT_rdopt_NM,2021-08-16,1.11502659373185
P4  (LAI=5.7),DYN_OPT_rdopt_NM,2021-08-17,1.11500156839192
P4  (LAI=5.7),DYN_OPT_rdopt_NM,2021-08-18,1.11514203232641
P4  (LAI=5.7),DYN_OPT_rdopt_NM,2021-08-19,1.11544558261737
P4  (LAI=5.7),DYN_OPT_rdopt_NM,2021-08-20,1.11590922512808
P4  (LAI=5.7),DYN_OPT_rdopt_NM,2021-08-21,1.11651043360436
P4  (LAI=5.7),DYN_OPT_rdopt_NM,2021-08-22,1.117203142525
P4  (LAI=5.7),DYN_OPT_rdopt_NM,2021-08-23,1.11793988496122
P4  (LAI=5.7),DYN_OPT_rdopt_NM,2021-08-24,1.11867319398428
P4  (LAI=5.7),DYN_OPT_rdopt_NM,2021-08-25,1.11935560266541
P4  (LAI=5.7),DYN_OPT_rdopt_NM,2021-08-26,1.11993964407585
P4  (LAI=5.7),DYN_OPT_rdopt_NM,2021-08-27,1.12037785128684
P4  (LAI=5.7),DYN_OPT_rdopt_NM,2021-08-28,1.12062275736962
P4  (LAI=5.7),DYN_OPT_rdopt_NM,2021-08-29,1.12062689539543
P4  (LAI=5.7),DYN_OPT_rdopt_NM,2021-08-30,1.12034279843552
P4  (LAI=5.7),DYN_OPT_rdopt_NM,2021-08-31,1.11972299956112
P4  (LAI=5.7),DYN_OPT_rdopt_NM,2021-09-01,1.11872003184348
P4  (LAI=5.7),DYN_OPT_rdopt_NM,2021-09-02,1.11728642835383
P4  (LAI=5.7),DYN_OPT_rdopt_NM,2021-09-03,1.11537472216342
P4  (LAI=5.7),DYN_OPT_rdopt_NM,2021-09-04,1.11293744634348
P4  (LAI=5.7),DYN_OPT_rdopt_NM,2021-09-05,1.10992713396526
P4  (LAI=5.7),DYN_OPT_rdopt_NM,2021-09-06,1.10629728264898
P4  (LAI=5.7),DYN_OPT_rdopt_NM,2021-09-07,1.10203325585547
P4  (LAI=5.7),DYN_OPT_rdopt_NM,2021-09-08,1.09715882038482
P4  (LAI=5.7),DYN_OPT_rdopt_NM,2021-09-09,1.09170002937548
P4  (LAI=5.7),DYN_OPT_rdopt_NM,2021-09-10,1.08568293596589
P4  (LAI=5.7),DYN_OPT_rdopt_NM,2021-09-11,1.07913359329449
P4  (LAI=5.7),DYN_OPT_rdopt_NM,2021-09-12,1.07207805449972
P4  (LAI=5.7),DYN_OPT_rdopt_NM,2021-09-13,1.06454237272002
P4  (LAI=5.7),DYN_OPT_rdopt_NM,2021-09-14,1.05655260109383
P4  (LAI=5.7),DYN_OPT_rdopt_NM,2021-09-15,1.0481347927596
P4  (LAI=5.7),DYN_OPT_rdopt_NM,2021-09-16,1.03931500085576
P4  (LAI=5.7),DYN_OPT_rdopt_NM,2021-09-17,1.03011927852075
P4  (LAI=5.7),DYN_OPT_rdopt_NM,2021-09-18,1.02057367889302
P4  (LAI=5.7),DYN_OPT_rdopt_NM,2021-09-19,1.01070425511101
P4  (LAI=5.7),DYN_OPT_rdopt_NM,2021-09-20,1.00053706031315
P4  (LAI=5.7),DYN_OPT_rdopt_NM,2021-09-21,0.990098147637896
P4  (LAI=5.7),DYN_OPT_rdopt_NM,2021-09-22,0.979413570223678
P4  (LAI=5.7),DYN_OPT_rdopt_NM,2021-09-23,0.96850938120894
P4  (LAI=5.7),DYN_OPT_rdopt_NM,2021-09-24,0.957411633732123
P4  (LAI=5.7),DYN_OPT_rdopt_NM,2021-09-25,0.946146380931668
P4  (LAI=5.7),DYN_OPT_rdopt_NM,2021-09-26,0.934739675946016
P4  (LAI=5.7),DYN_OPT_rdopt_NM,2021-09-27,0.923217571913607
P4  (LAI=5.7),DYN_OPT_rdopt_NM,2021-09-28,0.911606121972883
P4  (LAI=5.7),DYN_OPT_rdopt_NM,2021-09-29,0.899931368300414
P4  (LAI=5.7),DYN_OPT_rdopt_NM,2021-09-30,0.888213784442466
P4  (LAI=5.7),DYN_ALS_S2TIMING_NM,2021-06-01,5.46405439155674
P4  (LAI=5.7),DYN_ALS_S2TIMING_NM,2021-06-02,5.47872052862269
P4  (LAI=5.7),DYN_ALS_S2TIMING_NM,2021-06-03,5.49243015771713
P4  (LAI=5.7),DYN_ALS_S2TIMING_NM,2021-06-04,5.50516934003945
P4  (LAI=5.7),DYN_ALS_S2TIMING_NM,2021-06-05,5.51692413678908
P4  (LAI=5.7),DYN_ALS_S2TIMING_NM,2021-06-06,5.52768060916543
P4  (LAI=5.7),DYN_ALS_S2TIMING_NM,2021-06-07,5.53742481836791
P4  (LAI=5.7),DYN_ALS_S2TIMING_NM,2021-06-08,5.54614282559592
P4  (LAI=5.7),DYN_ALS_S2TIMING_NM,2021-06-09,5.55382069204888
P4  (LAI=5.7),DYN_ALS_S2TIMING_NM,2021-06-10,5.56044097186773
P4  (LAI=5.7),DYN_ALS_S2TIMING_NM,2021-06-11,5.56592731157044
P4  (LAI=5.7),DYN_ALS_S2TIMING_NM,2021-06-12,5.57015447804741
P4  (LAI=5.7),DYN_ALS_S2TIMING_NM,2021-06-13,5.57299575864872
P4  (LAI=5.7),DYN_ALS_S2TIMING_NM,2021-06-14,5.57432444072448
P4  (LAI=5.7),DYN_ALS_S2TIMING_NM,2021-06-15,5.57401381162476
P4  (LAI=5.7),DYN_ALS_S2TIMING_NM,2021-06-16,5.57193715869966
P4  (LAI=5.7),DYN_ALS_S2TIMING_NM,2021-06-17,5.56796787374475
P4  (LAI=5.7),DYN_ALS_S2TIMING_NM,2021-06-18,5.5620324068529
P4  (LAI=5.7),DYN_ALS_S2TIMING_NM,2021-06-19,5.55419643392478
P4  (LAI=5.7),DYN_ALS_S2TIMING_NM,2021-06-20,5.54454819108194
P4  (LAI=5.7),DYN_ALS_S2TIMING_NM,2021-06-21,5.53317591444594
P4  (LAI=5.7),DYN_ALS_S2TIMING_NM,2021-06-22,5.52016784013835
P4  (LAI=5.7),DYN_ALS_S2TIMING_NM,2021-06-23,5.50561220428073
P4  (LAI=5.7),DYN_ALS_S2TIMING_NM,2021-06-24,5.48959724299464
P4  (LAI=5.7),DYN_ALS_S2TIMING_NM,2021-06-25,5.47221119240164
P4  (LAI=5.7),DYN_ALS_S2TIMING_NM,2021-06-26,5.4535422886233
P4  (LAI=5.7),DYN_ALS_S2TIMING_NM,2021-06-27,5.43367876778117
P4  (LAI=5.7),DYN_ALS_S2TIMING_NM,2021-06-28,5.41270886599682
P4  (LAI=5.7),DYN_ALS_S2TIMING_NM,2021-06-29,5.39072081939181
P4  (LAI=5.7),DYN_ALS_S2TIMING_NM,2021-06-30,5.36780286408771
P4  (LAI=5.7),DYN_ALS_S2TIMING_NM,2021-07-01,5.34404323620606
P4  (LAI=5.7),DYN_ALS_S2TIMING_NM,2021-07-02,5.31953017186845
P4  (LAI=5.7),DYN_ALS_S2TIMING_NM,2021-07-03,5.29435190719643
P4  (LAI=5.7),DYN_ALS_S2TIMING_NM,2021-07-04,5.26859667831155
P4  (LAI=5.7),DYN_ALS_S2TIMING_NM,2021-07-05,5.24235272133539
P4  (LAI=5.7),DYN_ALS_S2TIMING_NM,2021-07-06,5.21570827238951
P4  (LAI=5.7),DYN_ALS_S2TIMING_NM,2021-07-07,5.18875156759546
P4  (LAI=5.7),DYN_ALS_S2TIMING_NM,2021-07-08,5.16157084307481
P4  (LAI=5.7),DYN_ALS_S2TIMING_NM,2021-07-09,5.13425433494913
P4  (LAI=5.7),DYN_ALS_S2TIMING_NM,2021-07-10,5.10689027933996
P4  (LAI=5.7),DYN_ALS_S2TIMING_NM,2021-07-11,5.07956691236889
P4  (LAI=5.7),DYN_ALS_S2TIMING_NM,2021-07-12,5.05237247015746
P4  (LAI=5.7),DYN_ALS_S2TIMING_NM,2021-07-13,5.02539518882724
P4  (LAI=5.7),DYN_ALS_S2TIMING_NM,2021-07-14,4.99872330449978
P4  (LAI=5.7),DYN_ALS_S2TIMING_NM,2021-07-15,4.97244505329667
P4  (LAI=5.7),DYN_ALS_S2TIMING_NM,2021-07-16,4.94664867133945
P4  (LAI=5.7),DYN_ALS_S2TIMING_NM,2021-07-17,4.92142239474969
P4  (LAI=5.7),DYN_ALS_S2TIMING_NM,2021-07-18,4.89685445964895
P4  (LAI=5.7),DYN_ALS_S2TIMING_NM,2021-07-19,4.87303310215879
P4  (LAI=5.7),DYN_ALS_S2TIMING_NM,2021-07-20,4.85004655840077
P4  (LAI=5.7),DYN_ALS_S2TIMING_NM,2021-07-21,4.82797710883178
P4  (LAI=5.7),DYN_ALS_S2TIMING_NM,2021-07-22,4.80684852545894
P4  (LAI=5.7),DYN_ALS_S2TIMING_NM,2021-07-23,4.78665137150311
P4  (LAI=5.7),DYN_ALS_S2TIMING_NM,2021-07-24,4.76737582902263
P4  (LAI=5.7),DYN_ALS_S2TIMING_NM,2021-07-25,4.74901208007585
P4  (LAI=5.7),DYN_ALS_S2TIMING_NM,2021-07-26,4.7315503067211
P4  (LAI=5.7),DYN_ALS_S2TIMING_NM,2021-07-27,4.71498069101671
P4  (LAI=5.7),DYN_ALS_S2TIMING_NM,2021-07-28,4.69929341502103
P4  (LAI=5.7),DYN_ALS_S2TIMING_NM,2021-07-29,4.68447866079239
P4  (LAI=5.7),DYN_ALS_S2TIMING_NM,2021-07-30,4.67052661038913
P4  (LAI=5.7),DYN_ALS_S2TIMING_NM,2021-07-31,4.65742744586958
P4  (LAI=5.7),DYN_ALS_S2TIMING_NM,2021-08-01,4.64517134929209
P4  (LAI=5.7),DYN_ALS_S2TIMING_NM,2021-08-02,4.633748502715
P4  (LAI=5.7),DYN_ALS_S2TIMING_NM,2021-08-03,4.62314908819663
P4  (LAI=5.7),DYN_ALS_S2TIMING_NM,2021-08-04,4.61336328779533
P4  (LAI=5.7),DYN_ALS_S2TIMING_NM,2021-08-05,4.60438128356944
P4  (LAI=5.7),DYN_ALS_S2TIMING_NM,2021-08-06,4.59619325757729
P4  (LAI=5.7),DYN_ALS_S2TIMING_NM,2021-08-07,4.58878939187722
P4  (LAI=5.7),DYN_ALS_S2TIMING_NM,2021-08-08,4.58215986852757
P4  (LAI=5.7),DYN_ALS_S2TIMING_NM,2021-08-09,4.57629486958667
P4  (LAI=5.7),DYN_ALS_S2TIMING_NM,2021-08-10,4.57118457711286
P4  (LAI=5.7),DYN_ALS_S2TIMING_NM,2021-08-11,4.56681917316449
P4  (LAI=5.7),DYN_ALS_S2TIMING_NM,2021-08-12,4.56318883979988
P4  (LAI=5.7),DYN_ALS_S2TIMING_NM,2021-08-13,4.56028375907738
P4  (LAI=5.7),DYN_ALS_S2TIMING_NM,2021-08-14,4.55809411305532
P4  (LAI=5.7),DYN_ALS_S2TIMING_NM,2021-08-15,4.55661008379205
P4  (LAI=5.7),DYN_ALS_S2TIMING_NM,2021-08-16,4.55582185334589
P4  (LAI=5.7),DYN_ALS_S2TIMING_NM,2021-08-17,4.55571960377519
P4  (LAI=5.7),DYN_ALS_S2TIMING_NM,2021-08-18,4.55629351713828
P4  (LAI=5.7),DYN_ALS_S2TIMING_NM,2021-08-19,4.5575337754935
P4  (LAI=5.7),DYN_ALS_S2TIMING_NM,2021-08-20,4.55942814527292
P4  (LAI=5.7),DYN_ALS_S2TIMING_NM,2021-08-21,4.561884587774
P4  (LAI=5.7),DYN_ALS_S2TIMING_NM,2021-08-22,4.56471488658156
P4  (LAI=5.7),DYN_ALS_S2TIMING_NM,2021-08-23,4.56772509935148
P4  (LAI=5.7),DYN_ALS_S2TIMING_NM,2021-08-24,4.57072128373961
P4  (LAI=5.7),DYN_ALS_S2TIMING_NM,2021-08-25,4.57350949740184
P4  (LAI=5.7),DYN_ALS_S2TIMING_NM,2021-08-26,4.57589579799403
P4  (LAI=5.7),DYN_ALS_S2TIMING_NM,2021-08-27,4.57768624317206
P4  (LAI=5.7),DYN_ALS_S2TIMING_NM,2021-08-28,4.5786868905918
P4  (LAI=5.7),DYN_ALS_S2TIMING_NM,2021-08-29,4.57870379790912
P4  (LAI=5.7),DYN_ALS_S2TIMING_NM,2021-08-30,4.57754302277989
P4  (LAI=5.7),DYN_ALS_S2TIMING_NM,2021-08-31,4.57501062285998
P4  (LAI=5.7),DYN_ALS_S2TIMING_NM,2021-09-01,4.57091265580527
P4  (LAI=5.7),DYN_ALS_S2TIMING_NM,2021-09-02,4.56505517927162
P4  (LAI=5.7),DYN_ALS_S2TIMING_NM,2021-09-03,4.55724425091491
P4  (LAI=5.7),DYN_ALS_S2TIMING_NM,2021-09-04,4.54728592839102
P4  (LAI=5.7),DYN_ALS_S2TIMING_NM,2021-09-05,4.5349862693558
P4  (LAI=5.7),DYN_ALS_S2TIMING_NM,2021-09-06,4.52015527245935
P4  (LAI=5.7),DYN_ALS_S2TIMING_NM,2021-09-07,4.50273313512348
P4  (LAI=5.7),DYN_ALS_S2TIMING_NM,2021-09-08,4.48281696472473
P4  (LAI=5.7),DYN_ALS_S2TIMING_NM,2021-09-09,4.46051321025556
P4  (LAI=5.7),DYN_ALS_S2TIMING_NM,2021-09-10,4.43592832070841
P4  (LAI=5.7),DYN_ALS_S2TIMING_NM,2021-09-11,4.40916874507572
P4  (LAI=5.7),DYN_ALS_S2TIMING_NM,2021-09-12,4.38034093234996
P4  (LAI=5.7),DYN_ALS_S2TIMING_NM,2021-09-13,4.34955133152357
P4  (LAI=5.7),DYN_ALS_S2TIMING_NM,2021-09-14,4.316906391589
P4  (LAI=5.7),DYN_ALS_S2TIMING_NM,2021-09-15,4.2825125615387
P4  (LAI=5.7),DYN_ALS_S2TIMING_NM,2021-09-16,4.24647629036511
P4  (LAI=5.7),DYN_ALS_S2TIMING_NM,2021-09-17,4.2089040270607
P4  (LAI=5.7),DYN_ALS_S2TIMING_NM,2021-09-18,4.1699022206179
P4  (LAI=5.7),DYN_ALS_S2TIMING_NM,2021-09-19,4.12957732002917
P4  (LAI=5.7),DYN_ALS_S2TIMING_NM,2021-09-20,4.08803577428696
P4  (LAI=5.7),DYN_ALS_S2TIMING_NM,2021-09-21,4.04538403238371
P4  (LAI=5.7),DYN_ALS_S2TIMING_NM,2021-09-22,4.00172854331188
P4  (LAI=5.7),DYN_ALS_S2TIMING_NM,2021-09-23,3.95717575606392
P4  (LAI=5.7),DYN_ALS_S2TIMING_NM,2021-09-24,3.91183211963227
P4  (LAI=5.7),DYN_ALS_S2TIMING_NM,2021-09-25,3.86580408300939
P4  (LAI=5.7),DYN_ALS_S2TIMING_NM,2021-09-26,3.81919809518771
P4  (LAI=5.7),DYN_ALS_S2TIMING_NM,2021-09-27,3.77212060515971
P4  (LAI=5.7),DYN_ALS_S2TIMING_NM,2021-09-28,3.72467806191782
P4  (LAI=5.7),DYN_ALS_S2TIMING_NM,2021-09-29,3.67697686966602
P4  (LAI=5.7),DYN_ALS_S2TIMING_NM,2021-09-30,3.6291006800679
P4  (LAI=5.7),DYN_ALSoOPT_S2TIMING_NM,2021-06-01,6.16447696784104
P4  (LAI=5.7),DYN_ALSoOPT_S2TIMING_NM,2021-06-02,6.18102311794708
P4  (LAI=5.7),DYN_ALSoOPT_S2TIMING_NM,2021-06-03,6.19649014787286
P4  (LAI=5.7),DYN_ALSoOPT_S2TIMING_NM,2021-06-04,6.21086233204006
P4  (LAI=5.7),DYN_ALSoOPT_S2TIMING_NM,2021-06-05,6.22412394487041
P4  (LAI=5.7),DYN_ALSoOPT_S2TIMING_NM,2021-06-06,6.23625926078558
P4  (LAI=5.7),DYN_ALSoOPT_S2TIMING_NM,2021-06-07,6.24725255420727
P4  (LAI=5.7),DYN_ALSoOPT_S2TIMING_NM,2021-06-08,6.25708809955718
P4  (LAI=5.7),DYN_ALSoOPT_S2TIMING_NM,2021-06-09,6.26575017125702
P4  (LAI=5.7),DYN_ALSoOPT_S2TIMING_NM,2021-06-10,6.27321908710951
P4  (LAI=5.7),DYN_ALSoOPT_S2TIMING_NM,2021-06-11,6.27940870608317
P4  (LAI=5.7),DYN_ALSoOPT_S2TIMING_NM,2021-06-12,6.28417774176971
P4  (LAI=5.7),DYN_ALSoOPT_S2TIMING_NM,2021-06-13,6.28738323856217
P4  (LAI=5.7),DYN_ALSoOPT_S2TIMING_NM,2021-06-14,6.28888224085362
P4  (LAI=5.7),DYN_ALSoOPT_S2TIMING_NM,2021-06-15,6.28853179303712
P4  (LAI=5.7),DYN_ALSoOPT_S2TIMING_NM,2021-06-16,6.28618893950573
P4  (LAI=5.7),DYN_ALSoOPT_S2TIMING_NM,2021-06-17,6.28171084248657
P4  (LAI=5.7),DYN_ALSoOPT_S2TIMING_NM,2021-06-18,6.27501452390587
P4  (LAI=5.7),DYN_ALSoOPT_S2TIMING_NM,2021-06-19,6.26617407848302
P4  (LAI=5.7),DYN_ALSoOPT_S2TIMING_NM,2021-06-20,6.25528905309294
P4  (LAI=5.7),DYN_ALSoOPT_S2TIMING_NM,2021-06-21,6.24245899461058
P4  (LAI=5.7),DYN_ALSoOPT_S2TIMING_NM,2021-06-22,6.22778344991083
P4  (LAI=5.7),DYN_ALSoOPT_S2TIMING_NM,2021-06-23,6.21136196586865
P4  (LAI=5.7),DYN_ALSoOPT_S2TIMING_NM,2021-06-24,6.19329408935894
P4  (LAI=5.7),DYN_ALSoOPT_S2TIMING_NM,2021-06-25,6.17367936725663
P4  (LAI=5.7),DYN_ALSoOPT_S2TIMING_NM,2021-06-26,6.15261734643666
P4  (LAI=5.7),DYN_ALSoOPT_S2TIMING_NM,2021-06-27,6.13020757377394
P4  (LAI=5.7),DYN_ALSoOPT_S2TIMING_NM,2021-06-28,6.1065495961434
P4  (LAI=5.7),DYN_ALSoOPT_S2TIMING_NM,2021-06-29,6.08174296041996
P4  (LAI=5.7),DYN_ALSoOPT_S2TIMING_NM,2021-06-30,6.05588721347856
P4  (LAI=5.7),DYN_ALSoOPT_S2TIMING_NM,2021-07-01,6.02908190219411
P4  (LAI=5.7),DYN_ALSoOPT_S2TIMING_NM,2021-07-02,6.00142657344154
P4  (LAI=5.7),DYN_ALSoOPT_S2TIMING_NM,2021-07-03,5.97302077409577
P4  (LAI=5.7),DYN_ALSoOPT_S2TIMING_NM,2021-07-04,5.94396405103174
P4  (LAI=5.7),DYN_ALSoOPT_S2TIMING_NM,2021-07-05,5.91435595112436
P4  (LAI=5.7),DYN_ALSoOPT_S2TIMING_NM,2021-07-06,5.88429602124857
P4  (LAI=5.7),DYN_ALSoOPT_S2TIMING_NM,2021-07-07,5.85388380827928
P4  (LAI=5.7),DYN_ALSoOPT_S2TIMING_NM,2021-07-08,5.82321885909142
P4  (LAI=5.7),DYN_ALSoOPT_S2TIMING_NM,2021-07-09,5.79240072055993
P4  (LAI=5.7),DYN_ALSoOPT_S2TIMING_NM,2021-07-10,5.76152893955971
P4  (LAI=5.7),DYN_ALSoOPT_S2TIMING_NM,2021-07-11,5.7307030629657
P4  (LAI=5.7),DYN_ALSoOPT_S2TIMING_NM,2021-07-12,5.70002263765283
P4  (LAI=5.7),DYN_ALSoOPT_S2TIMING_NM,2021-07-13,5.66958721049601
P4  (LAI=5.7),DYN_ALSoOPT_S2TIMING_NM,2021-07-14,5.63949632837017
P4  (LAI=5.7),DYN_ALSoOPT_S2TIMING_NM,2021-07-15,5.60984953815025
P4  (LAI=5.7),DYN_ALSoOPT_S2TIMING_NM,2021-07-16,5.58074638671116
P4  (LAI=5.7),DYN_ALSoOPT_S2TIMING_NM,2021-07-17,5.55228642092782
P4  (LAI=5.7),DYN_ALSoOPT_S2TIMING_NM,2021-07-18,5.52456918767518
P4  (LAI=5.7),DYN_ALSoOPT_S2TIMING_NM,2021-07-19,5.49769423382814
P4  (LAI=5.7),DYN_ALSoOPT_S2TIMING_NM,2021-07-20,5.47176110626163
P4  (LAI=5.7),DYN_ALSoOPT_S2TIMING_NM,2021-07-21,5.44686263274512
P4  (LAI=5.7),DYN_ALSoOPT_S2TIMING_NM,2021-07-22,5.42302563255598
P4  (LAI=5.7),DYN_ALSoOPT_S2TIMING_NM,2021-07-23,5.40023945923951
P4  (LAI=5.7),DYN_ALSoOPT_S2TIMING_NM,2021-07-24,5.37849303631825
P4  (LAI=5.7),DYN_ALSoOPT_S2TIMING_NM,2021-07-25,5.35777528731477
P4  (LAI=5.7),DYN_ALSoOPT_S2TIMING_NM,2021-07-26,5.3380751357516
P4  (LAI=5.7),DYN_ALSoOPT_S2TIMING_NM,2021-07-27,5.31938150515131
P4  (LAI=5.7),DYN_ALSoOPT_S2TIMING_NM,2021-07-28,5.30168331903644
P4  (LAI=5.7),DYN_ALSoOPT_S2TIMING_NM,2021-07-29,5.28496950092954
P4  (LAI=5.7),DYN_ALSoOPT_S2TIMING_NM,2021-07-30,5.26922897435317
P4  (LAI=5.7),DYN_ALSoOPT_S2TIMING_NM,2021-07-31,5.25445066282987
P4  (LAI=5.7),DYN_ALSoOPT_S2TIMING_NM,2021-08-01,5.24062348988219
P4  (LAI=5.7),DYN_ALSoOPT_S2TIMING_NM,2021-08-02,5.22773637903269
P4  (LAI=5.7),DYN_ALSoOPT_S2TIMING_NM,2021-08-03,5.21577825380392
P4  (LAI=5.7),DYN_ALSoOPT_S2TIMING_NM,2021-08-04,5.20473803771842
P4  (LAI=5.7),DYN_ALSoOPT_S2TIMING_NM,2021-08-05,5.19460465429875
P4  (LAI=5.7),DYN_ALSoOPT_S2TIMING_NM,2021-08-06,5.18536702706746
P4  (LAI=5.7),DYN_ALSoOPT_S2TIMING_NM,2021-08-07,5.1770140795471
P4  (LAI=5.7),DYN_ALSoOPT_S2TIMING_NM,2021-08-08,5.16953473526022
P4  (LAI=5.7),DYN_ALSoOPT_S2TIMING_NM,2021-08-09,5.16291791772936
P4  (LAI=5.7),DYN_ALSoOPT_S2TIMING_NM,2021-08-10,5.1571525504771
P4  (LAI=5.7),DYN_ALSoOPT_S2TIMING_NM,2021-08-11,5.15222755702596
P4  (LAI=5.7),DYN_ALSoOPT_S2TIMING_NM,2021-08-12,5.1481318608985
P4  (LAI=5.7),DYN_ALSoOPT_S2TIMING_NM,2021-08-13,5.14485438561728
P4  (LAI=5.7),DYN_ALSoOPT_S2TIMING_NM,2021-08-14,5.14238405470485
P4  (LAI=5.7),DYN_ALSoOPT_S2TIMING_NM,2021-08-15,5.14070979168374
P4  (LAI=5.7),DYN_ALSoOPT_S2TIMING_NM,2021-08-16,5.13982052007653
P4  (LAI=5.7),DYN_ALSoOPT_S2TIMING_NM,2021-08-17,5.13970516340575
P4  (LAI=5.7),DYN_ALSoOPT_S2TIMING_NM,2021-08-18,5.14035264519395
P4  (LAI=5.7),DYN_ALSoOPT_S2TIMING_NM,2021-08-19,5.1417518889637
P4  (LAI=5.7),DYN_ALSoOPT_S2TIMING_NM,2021-08-20,5.14388909295857
P4  (LAI=5.7),DYN_ALSoOPT_S2TIMING_NM,2021-08-21,5.14666042027993
P4  (LAI=5.7),DYN_ALSoOPT_S2TIMING_NM,2021-08-22,5.14985352755176
P4  (LAI=5.7),DYN_ALSoOPT_S2TIMING_NM,2021-08-23,5.15324961147748
P4  (LAI=5.7),DYN_ALSoOPT_S2TIMING_NM,2021-08-24,5.15662986876054
P4  (LAI=5.7),DYN_ALSoOPT_S2TIMING_NM,2021-08-25,5.15977549610436
P4  (LAI=5.7),DYN_ALSoOPT_S2TIMING_NM,2021-08-26,5.16246769021239
P4  (LAI=5.7),DYN_ALSoOPT_S2TIMING_NM,2021-08-27,5.16448764778807
P4  (LAI=5.7),DYN_ALSoOPT_S2TIMING_NM,2021-08-28,5.16561656553483
P4  (LAI=5.7),DYN_ALSoOPT_S2TIMING_NM,2021-08-29,5.16563564015612
P4  (LAI=5.7),DYN_ALSoOPT_S2TIMING_NM,2021-08-30,5.16432606835536
P4  (LAI=5.7),DYN_ALSoOPT_S2TIMING_NM,2021-08-31,5.161469046836
P4  (LAI=5.7),DYN_ALSoOPT_S2TIMING_NM,2021-09-01,5.15684577230147
P4  (LAI=5.7),DYN_ALSoOPT_S2TIMING_NM,2021-09-02,5.15023744145522
P4  (LAI=5.7),DYN_ALSoOPT_S2TIMING_NM,2021-09-03,5.14142525100068
P4  (LAI=5.7),DYN_ALSoOPT_S2TIMING_NM,2021-09-04,5.13019039764128
P4  (LAI=5.7),DYN_ALSoOPT_S2TIMING_NM,2021-09-05,5.11631407808047
P4  (LAI=5.7),DYN_ALSoOPT_S2TIMING_NM,2021-09-06,5.09958193520145
P4  (LAI=5.7),DYN_ALSoOPT_S2TIMING_NM,2021-09-07,5.07992650049284
P4  (LAI=5.7),DYN_ALSoOPT_S2TIMING_NM,2021-09-08,5.05745732926709
P4  (LAI=5.7),DYN_ALSoOPT_S2TIMING_NM,2021-09-09,5.03229451592943
P4  (LAI=5.7),DYN_ALSoOPT_S2TIMING_NM,2021-09-10,5.00455815488505
P4  (LAI=5.7),DYN_ALSoOPT_S2TIMING_NM,2021-09-11,4.97436834053917
P4  (LAI=5.7),DYN_ALSoOPT_S2TIMING_NM,2021-09-12,4.94184516729701
P4  (LAI=5.7),DYN_ALSoOPT_S2TIMING_NM,2021-09-13,4.90710872956378
P4  (LAI=5.7),DYN_ALSoOPT_S2TIMING_NM,2021-09-14,4.87027912174468
P4  (LAI=5.7),DYN_ALSoOPT_S2TIMING_NM,2021-09-15,4.83147643824495
P4  (LAI=5.7),DYN_ALSoOPT_S2TIMING_NM,2021-09-16,4.79082077346978
P4  (LAI=5.7),DYN_ALSoOPT_S2TIMING_NM,2021-09-17,4.74843222182438
P4  (LAI=5.7),DYN_ALSoOPT_S2TIMING_NM,2021-09-18,4.70443087771399
P4  (LAI=5.7),DYN_ALSoOPT_S2TIMING_NM,2021-09-19,4.6589368355438
P4  (LAI=5.7),DYN_ALSoOPT_S2TIMING_NM,2021-09-20,4.61207018971902
P4  (LAI=5.7),DYN_ALSoOPT_S2TIMING_NM,2021-09-21,4.56395103464488
P4  (LAI=5.7),DYN_ALSoOPT_S2TIMING_NM,2021-09-22,4.51469946472658
P4  (LAI=5.7),DYN_ALSoOPT_S2TIMING_NM,2021-09-23,4.46443557436935
P4  (LAI=5.7),DYN_ALSoOPT_S2TIMING_NM,2021-09-24,4.41327945797838
P4  (LAI=5.7),DYN_ALSoOPT_S2TIMING_NM,2021-09-25,4.36135120995889
P4  (LAI=5.7),DYN_ALSoOPT_S2TIMING_NM,2021-09-26,4.30877092471611
P4  (LAI=5.7),DYN_ALSoOPT_S2TIMING_NM,2021-09-27,4.25565869665523
P4  (LAI=5.7),DYN_ALSoOPT_S2TIMING_NM,2021-09-28,4.20213462018147
P4  (LAI=5.7),DYN_ALSoOPT_S2TIMING_NM,2021-09-29,4.14831873917027
P4  (LAI=5.7),DYN_ALSoOPT_S2TIMING_NM,2021-09-30,4.09430542836911
